part_id,machine_id,measured_um,disposition_reference
P012181,CMM-1,8.83,PASS
P019997,CMM-1,40.35,FAIL
P017211,CMM-1,6.2,PASS
P012271,CMM-1,7.29,PASS
P020598,CMM-2,1.62,PASS
P014973,CMM-1,12.88,PASS
P021973,CMM-2,13.93,PASS
P012153,CMM-1,11.84,PASS
P012697,CMM-1,-6.42,PASS
P021249,CMM-1,-3.3,PASS
P020323,CMM-1,-21.59,PASS
P012169,CMM-1,15.54,PASS
P013028,CMM-1,18.7,PASS
P019210,CMM-1,17.9,PASS
P013402,CMM-1,10.64,PASS
P017217,CMM-1,16.18,PASS
P023746,CMM-1,16.54,PASS
P021323,CMM-1,2.43,PASS
P023834,CMM-2,24.59,PASS
P015679,CMM-1,4.12,PASS
P017718,CMM-1,-4.32,PASS
P018494,CMM-1,11.5,PASS
P016023,CMM-2,13.49,PASS
P021054,CMM-1,39.46,FAIL
P019479,CMM-1,-5.82,PASS
P023720,CMM-1,14.92,PASS
P019660,CMM-1,-20.12,PASS
P014083,CMM-1,-2.16,PASS
P017865,CMM-1,30.08,PASS
P014804,CMM-1,24.65,PASS
P018851,CMM-1,-3.05,PASS
P020805,CMM-2,-2.11,PASS
P018534,CMM-1,9.9,PASS
P020841,CMM-1,12.38,PASS
P022188,CMM-1,6.45,PASS
P023355,CMM-1,-8.72,PASS
P015473,CMM-1,-6.64,PASS
P015797,CMM-2,6.35,PASS
P016258,CMM-1,36.21,PASS
P012752,CMM-1,13.27,PASS
P023760,CMM-1,-8.81,PASS
P023901,CMM-1,15.63,PASS
P016391,CMM-2,-2.8,PASS
P015093,CMM-1,5.69,PASS
P016480,CMM-1,-5.26,PASS
P012900,CMM-1,18.24,PASS
P017393,CMM-1,30.06,PASS
P012442,CMM-1,21.64,PASS
P017325,CMM-1,7.13,PASS
P019517,CMM-1,-20.65,PASS
P013587,CMM-1,-8.58,PASS
P019154,CMM-1,0.21,PASS
P017695,CMM-1,13.72,PASS
P023832,CMM-1,2.08,PASS
P017601,CMM-1,6.1,PASS
P012987,CMM-2,10.07,PASS
P014638,CMM-1,5.45,PASS
P019454,CMM-1,14.22,PASS
P019279,CMM-1,6.82,PASS
P019005,CMM-1,6.7,PASS
P012877,CMM-1,11.06,PASS
P022632,CMM-1,30.85,PASS
P013795,CMM-1,-14.28,PASS
P023752,CMM-1,18.31,PASS
P012180,CMM-1,-6.38,PASS
P021442,CMM-1,10.59,PASS
P016871,CMM-2,-4.09,PASS
P017333,CMM-1,22.32,PASS
P017311,CMM-1,13.21,PASS
P018793,CMM-1,26.13,PASS
P016414,CMM-1,10.89,PASS
P018931,CMM-1,-7.75,PASS
P017358,CMM-1,19.83,PASS
P013935,CMM-1,17.61,PASS
P018358,CMM-1,18.53,PASS
P014074,CMM-1,3.61,PASS
P023113,CMM-1,0.11,PASS
P013825,CMM-1,21.8,PASS
P022220,CMM-1,21.13,PASS
P020414,CMM-1,18.14,PASS
P022972,CMM-1,5.31,PASS
P014384,CMM-1,21.9,PASS
P021863,CMM-1,3.39,PASS
P017826,CMM-1,14.46,PASS
P016306,CMM-1,28.21,PASS
P013084,CMM-1,8.89,PASS
P021667,CMM-1,-23.09,FAIL
P013999,CMM-1,3.73,PASS
P020100,CMM-1,31.0,PASS
P018441,CMM-1,-11.65,PASS
P021220,CMM-1,0.27,PASS
P016902,CMM-1,-1.93,PASS
P013299,CMM-1,-26.03,FAIL
P012288,CMM-2,7.42,PASS
P013705,CMM-1,42.99,FAIL
P016100,CMM-2,-11.83,PASS
P023660,CMM-1,-12.42,PASS
P017215,CMM-1,20.03,PASS
P013757,CMM-2,21.9,PASS
P022637,CMM-2,-4.56,PASS
P019395,CMM-2,-4.61,PASS
P016874,CMM-1,2.59,PASS
P017195,CMM-1,4.76,PASS
P019875,CMM-1,7.09,PASS
P014070,CMM-1,4.6,PASS
P012020,CMM-2,-0.56,PASS
P018901,CMM-1,18.87,PASS
P015687,CMM-1,13.78,PASS
P022838,CMM-2,13.98,PASS
P016986,CMM-1,2.26,PASS
P019448,CMM-1,-0.26,PASS
P017116,CMM-1,-3.57,PASS
P023175,CMM-1,35.01,PASS
P020807,CMM-1,16.37,PASS
P016907,CMM-1,30.51,PASS
P014652,CMM-1,23.9,PASS
P018290,CMM-1,1.53,PASS
P013294,CMM-1,21.66,PASS
P019964,CMM-1,-4.45,PASS
P020810,CMM-1,16.94,PASS
P014252,CMM-2,7.67,PASS
P021418,CMM-1,-6.23,PASS
P014197,CMM-2,-5.5,PASS
P015374,CMM-1,1.07,PASS
P018634,CMM-1,-15.03,PASS
P014918,CMM-2,-19.56,PASS
P012612,CMM-1,9.75,PASS
P022648,CMM-1,3.11,PASS
P020721,CMM-1,23.7,PASS
P017955,CMM-2,2.61,PASS
P013666,CMM-2,15.89,PASS
P022450,CMM-1,22.75,PASS
P020876,CMM-1,-12.32,PASS
P018161,CMM-1,26.2,PASS
P020284,CMM-1,40.07,FAIL
P018785,CMM-2,20.94,PASS
P014030,CMM-1,17.49,PASS
P019115,CMM-1,-0.72,PASS
P013208,CMM-1,15.53,PASS
P023940,CMM-1,-4.93,PASS
P015763,CMM-1,11.46,PASS
P012927,CMM-1,-18.59,PASS
P012107,CMM-1,17.87,PASS
P020089,CMM-2,13.5,PASS
P019179,CMM-1,-10.08,PASS
P019799,CMM-1,3.57,PASS
P020828,CMM-1,21.14,PASS
P015568,CMM-1,-11.46,PASS
P013517,CMM-2,-9.52,PASS
P022092,CMM-1,8.69,PASS
P018408,CMM-1,10.9,PASS
P022629,CMM-1,0.01,PASS
P018280,CMM-1,-24.1,FAIL
P022383,CMM-1,24.27,PASS
P022315,CMM-1,21.76,PASS
P022196,CMM-2,-18.45,PASS
P019118,CMM-2,20.59,PASS
P023041,CMM-1,14.46,PASS
P019342,CMM-1,-11.84,PASS
P019443,CMM-1,-13.16,PASS
P023682,CMM-1,23.64,PASS
P018790,CMM-2,-19.97,PASS
P023745,CMM-1,17.53,PASS
P012954,CMM-2,-10.81,PASS
P019326,CMM-1,13.15,PASS
P022576,CMM-1,11.71,PASS
P016847,CMM-2,-24.97,PASS
P015091,CMM-1,1.53,PASS
P022263,CMM-2,-0.66,PASS
P021260,CMM-2,2.9,PASS
P022651,CMM-2,-15.35,PASS
P014240,CMM-2,21.48,PASS
P019503,CMM-1,24.43,PASS
P023485,CMM-2,8.74,PASS
P020594,CMM-1,10.21,PASS
P022948,CMM-1,-3.05,PASS
P018299,CMM-1,-9.93,PASS
P016557,CMM-1,-7.84,PASS
P021898,CMM-2,14.47,PASS
P017979,CMM-1,19.21,PASS
P018653,CMM-2,1.64,PASS
P015608,CMM-1,-0.73,PASS
P023563,CMM-1,1.87,PASS
P015490,CMM-1,-2.39,PASS
P014577,CMM-1,-3.83,PASS
P023499,CMM-2,-27.7,PASS
P017801,CMM-1,16.53,PASS
P022097,CMM-2,-5.15,PASS
P018345,CMM-2,-7.9,PASS
P012672,CMM-1,-0.23,PASS
P022386,CMM-1,33.15,PASS
P014617,CMM-2,-0.27,PASS
P018554,CMM-1,9.88,PASS
P012321,CMM-1,18.55,PASS
P019776,CMM-1,25.12,PASS
P020526,CMM-1,12.58,PASS
P023590,CMM-1,26.49,PASS
P022620,CMM-2,6.15,PASS
P022154,CMM-1,9.38,PASS
P017721,CMM-1,12.29,PASS
P019603,CMM-2,-15.31,PASS
P016806,CMM-2,0.19,PASS
P019218,CMM-2,-13.54,PASS
P023289,CMM-2,3.54,PASS
P017249,CMM-1,7.06,PASS
P019630,CMM-1,21.42,PASS
P018318,CMM-1,4.11,PASS
P021791,CMM-1,14.76,PASS
P020966,CMM-1,14.47,PASS
P013373,CMM-1,-2.05,PASS
P021203,CMM-1,-0.22,PASS
P022331,CMM-1,1.53,PASS
P019523,CMM-1,2.97,PASS
P016438,CMM-1,21.92,PASS
P018643,CMM-1,26.7,PASS
P013233,CMM-1,28.27,PASS
P018501,CMM-2,7.05,PASS
P022065,CMM-1,-25.75,FAIL
P021139,CMM-1,16.64,PASS
P017588,CMM-1,-20.4,PASS
P013518,CMM-2,11.26,PASS
P023080,CMM-1,-10.39,PASS
P020527,CMM-1,22.4,PASS
P022463,CMM-1,2.39,PASS
P012491,CMM-1,18.59,PASS
P017559,CMM-1,19.68,PASS
P020461,CMM-1,15.17,PASS
P016865,CMM-2,-22.88,PASS
P018207,CMM-1,-6.91,PASS
P020133,CMM-1,34.68,PASS
P012896,CMM-1,8.25,PASS
P013805,CMM-2,24.57,PASS
P015549,CMM-1,-1.48,PASS
P022070,CMM-1,24.92,PASS
P012487,CMM-1,18.43,PASS
P019930,CMM-1,18.93,PASS
P019985,CMM-1,-1.88,PASS
P017074,CMM-1,-4.18,PASS
P013000,CMM-1,20.2,PASS
P014088,CMM-1,8.76,PASS
P015044,CMM-1,-26.09,FAIL
P020092,CMM-2,13.63,PASS
P023287,CMM-1,9.92,PASS
P015834,CMM-1,9.53,PASS
P017443,CMM-2,-9.16,PASS
P016423,CMM-1,10.0,PASS
P019855,CMM-1,-4.57,PASS
P014698,CMM-2,17.9,PASS
P022786,CMM-1,-24.31,FAIL
P022539,CMM-1,-8.54,PASS
P015443,CMM-1,9.77,PASS
P022047,CMM-2,-5.48,PASS
P012317,CMM-1,24.92,PASS
P021185,CMM-1,-6.08,PASS
P020875,CMM-1,-15.42,PASS
P020893,CMM-1,6.8,PASS
P022192,CMM-1,-1.28,PASS
P022221,CMM-1,-4.99,PASS
P014233,CMM-1,3.76,PASS
P023728,CMM-1,17.04,PASS
P023264,CMM-1,7.16,PASS
P018618,CMM-1,-6.13,PASS
P013255,CMM-1,23.58,PASS
P012037,CMM-1,12.19,PASS
P017527,CMM-1,-6.82,PASS
P014729,CMM-1,11.59,PASS
P015979,CMM-1,-7.29,PASS
P020013,CMM-1,9.68,PASS
P022561,CMM-1,-14.98,PASS
P016552,CMM-1,24.3,PASS
P014235,CMM-2,4.03,PASS
P018728,CMM-1,11.38,PASS
P012577,CMM-1,11.72,PASS
P015070,CMM-1,0.54,PASS
P016257,CMM-1,-7.96,PASS
P017306,CMM-1,30.62,PASS
P019389,CMM-1,-5.54,PASS
P022815,CMM-1,21.35,PASS
P018855,CMM-1,12.57,PASS
P023084,CMM-1,6.86,PASS
P020175,CMM-1,2.03,PASS
P019743,CMM-2,-17.22,PASS
P020860,CMM-1,-6.38,PASS
P021437,CMM-1,-19.11,PASS
P013031,CMM-2,-8.34,PASS
P016539,CMM-2,-1.89,PASS
P015416,CMM-2,-21.63,PASS
P013040,CMM-1,-3.61,PASS
P020408,CMM-2,15.58,PASS
P015749,CMM-2,15.34,PASS
P020745,CMM-1,11.33,PASS
P022642,CMM-1,5.18,PASS
P016891,CMM-1,-12.0,PASS
P021526,CMM-1,11.51,PASS
P012024,CMM-2,-1.5,PASS
P012512,CMM-2,1.08,PASS
P023559,CMM-1,17.91,PASS
P014279,CMM-1,16.36,PASS
P017926,CMM-2,15.87,PASS
P015886,CMM-1,7.1,PASS
P021134,CMM-1,-0.4,PASS
P020366,CMM-2,13.44,PASS
P012089,CMM-1,26.24,PASS
P014449,CMM-1,14.68,PASS
P020131,CMM-1,-16.4,PASS
P023936,CMM-1,20.64,PASS
P018852,CMM-1,18.58,PASS
P015567,CMM-2,-2.6,PASS
P021514,CMM-1,4.59,PASS
P015262,CMM-1,-8.35,PASS
P017459,CMM-1,17.44,PASS
P015386,CMM-1,7.78,PASS
P019212,CMM-1,10.95,PASS
P020789,CMM-1,15.16,PASS
P020993,CMM-2,-2.26,PASS
P016658,CMM-1,26.14,PASS
P016743,CMM-1,12.22,PASS
P012614,CMM-1,0.99,PASS
P023040,CMM-1,28.15,PASS
P018705,CMM-2,-7.89,PASS
P014855,CMM-1,8.83,PASS
P016770,CMM-1,18.0,PASS
P019213,CMM-1,16.22,PASS
P022819,CMM-1,5.53,PASS
P021990,CMM-1,6.81,PASS
P022372,CMM-1,-13.94,PASS
P012839,CMM-1,44.45,FAIL
P013526,CMM-2,20.78,PASS
P014793,CMM-2,-33.05,FAIL
P016237,CMM-1,10.8,PASS
P014680,CMM-2,-11.0,PASS
P022155,CMM-2,-13.07,PASS
P016059,CMM-2,-9.67,PASS
P020064,CMM-1,24.06,PASS
P023116,CMM-2,-1.33,PASS
P013736,CMM-2,2.43,PASS
P019596,CMM-2,-0.26,PASS
P021474,CMM-1,-11.24,PASS
P023890,CMM-1,-3.44,PASS
P022900,CMM-1,-15.45,PASS
P018630,CMM-2,-2.57,PASS
P016232,CMM-2,-8.29,PASS
P016219,CMM-1,30.09,PASS
P019248,CMM-2,-9.85,PASS
P023557,CMM-1,13.26,PASS
P021560,CMM-1,16.82,PASS
P016747,CMM-1,8.7,PASS
P020420,CMM-1,9.49,PASS
P022316,CMM-2,-17.2,PASS
P016876,CMM-1,18.24,PASS
P015187,CMM-1,10.87,PASS
P023036,CMM-1,7.43,PASS
P014174,CMM-1,-20.53,PASS
P021906,CMM-1,5.74,PASS
P015284,CMM-1,17.7,PASS
P015586,CMM-1,14.21,PASS
P017703,CMM-1,14.56,PASS
P023282,CMM-2,-14.24,PASS
P017951,CMM-1,13.28,PASS
P021646,CMM-1,-16.24,PASS
P013996,CMM-1,38.8,FAIL
P012330,CMM-1,14.7,PASS
P016720,CMM-1,13.45,PASS
P018349,CMM-1,7.88,PASS
P018754,CMM-1,0.52,PASS
P016498,CMM-2,-13.4,PASS
P013672,CMM-2,-10.55,PASS
P016633,CMM-2,3.17,PASS
P021968,CMM-1,8.32,PASS
P017998,CMM-1,-12.09,PASS
P014442,CMM-1,5.93,PASS
P022918,CMM-1,35.69,PASS
P023352,CMM-2,-5.59,PASS
P015848,CMM-1,13.04,PASS
P012551,CMM-1,1.88,PASS
P014649,CMM-2,-0.4,PASS
P015695,CMM-1,-5.54,PASS
P021257,CMM-1,32.65,PASS
P014391,CMM-1,11.95,PASS
P022176,CMM-1,7.68,PASS
P016179,CMM-1,19.87,PASS
P015028,CMM-1,34.67,PASS
P016207,CMM-1,-2.14,PASS
P013399,CMM-1,5.22,PASS
P018881,CMM-1,12.94,PASS
P017633,CMM-1,4.72,PASS
P021904,CMM-1,29.23,PASS
P013905,CMM-1,14.17,PASS
P014565,CMM-1,11.57,PASS
P016137,CMM-2,9.57,PASS
P015325,CMM-1,2.47,PASS
P021959,CMM-1,-22.6,FAIL
P013256,CMM-1,15.39,PASS
P017509,CMM-2,-7.07,PASS
P021614,CMM-2,15.83,PASS
P012337,CMM-1,9.23,PASS
P020937,CMM-1,0.3,PASS
P013756,CMM-1,13.77,PASS
P021520,CMM-1,10.91,PASS
P013067,CMM-1,-1.88,PASS
P019360,CMM-2,-25.27,PASS
P022851,CMM-2,-4.23,PASS
P021861,CMM-1,1.79,PASS
P021141,CMM-1,8.11,PASS
P016708,CMM-2,27.44,PASS
P023471,CMM-1,13.09,PASS
P013837,CMM-1,-5.53,PASS
P013702,CMM-1,11.91,PASS
P022914,CMM-1,-15.63,PASS
P021838,CMM-2,7.69,PASS
P019328,CMM-2,24.4,PASS
P023492,CMM-1,20.37,PASS
P020279,CMM-1,19.74,PASS
P016805,CMM-2,-1.21,PASS
P022537,CMM-2,5.86,PASS
P022820,CMM-2,13.56,PASS
P013921,CMM-2,-5.6,PASS
P020281,CMM-1,24.92,PASS
P019763,CMM-1,21.09,PASS
P021569,CMM-1,5.35,PASS
P017683,CMM-1,2.44,PASS
P020615,CMM-1,-0.18,PASS
P013430,CMM-1,2.23,PASS
P015528,CMM-1,17.08,PASS
P020402,CMM-2,-11.32,PASS
P022504,CMM-1,-0.61,PASS
P021728,CMM-1,-2.68,PASS
P021361,CMM-1,16.21,PASS
P018360,CMM-1,-4.88,PASS
P014087,CMM-1,4.83,PASS
P023589,CMM-1,9.58,PASS
P016132,CMM-1,-15.03,PASS
P022480,CMM-1,-15.41,PASS
P021225,CMM-1,19.43,PASS
P016287,CMM-1,9.34,PASS
P015925,CMM-1,-5.07,PASS
P020270,CMM-1,11.88,PASS
P015326,CMM-1,24.37,PASS
P023083,CMM-1,4.55,PASS
P014569,CMM-2,9.93,PASS
P019502,CMM-1,13.65,PASS
P019202,CMM-1,15.38,PASS
P022964,CMM-1,-0.7,PASS
P021295,CMM-2,-7.53,PASS
P019638,CMM-1,23.01,PASS
P019770,CMM-2,-5.51,PASS
P013071,CMM-1,3.72,PASS
P022382,CMM-1,9.36,PASS
P017628,CMM-1,3.59,PASS
P021183,CMM-1,-1.81,PASS
P017756,CMM-1,-4.46,PASS
P022443,CMM-1,2.38,PASS
P013767,CMM-1,2.99,PASS
P012371,CMM-1,30.46,PASS
P022955,CMM-1,3.54,PASS
P022432,CMM-1,16.39,PASS
P020957,CMM-2,40.09,FAIL
P021271,CMM-1,13.56,PASS
P020476,CMM-1,-2.16,PASS
P019086,CMM-1,1.04,PASS
P016261,CMM-1,-10.32,PASS
P023827,CMM-1,7.65,PASS
P021800,CMM-2,-27.13,PASS
P017992,CMM-2,11.71,PASS
P015243,CMM-1,27.16,PASS
P015208,CMM-1,37.31,PASS
P019275,CMM-1,-11.22,PASS
P022189,CMM-2,-8.25,PASS
P017681,CMM-1,11.33,PASS
P019742,CMM-1,-0.86,PASS
P023382,CMM-1,12.68,PASS
P015616,CMM-1,19.64,PASS
P020160,CMM-1,6.81,PASS
P013925,CMM-1,19.89,PASS
P012846,CMM-2,11.32,PASS
P018328,CMM-1,36.16,PASS
P017337,CMM-2,2.53,PASS
P012543,CMM-1,14.32,PASS
P013157,CMM-1,8.07,PASS
P021950,CMM-1,15.1,PASS
P016123,CMM-1,25.95,PASS
P014301,CMM-1,8.28,PASS
P016999,CMM-1,27.89,PASS
P017759,CMM-2,-5.08,PASS
P023577,CMM-2,28.59,PASS
P015740,CMM-2,7.58,PASS
P020148,CMM-1,-9.26,PASS
P020138,CMM-1,4.82,PASS
P016963,CMM-1,24.63,PASS
P012429,CMM-2,5.1,PASS
P016895,CMM-1,22.8,PASS
P020595,CMM-2,32.84,FAIL
P018198,CMM-1,-8.27,PASS
P012246,CMM-1,-7.92,PASS
P013361,CMM-1,24.99,PASS
P013232,CMM-2,-14.36,PASS
P014910,CMM-1,-6.08,PASS
P022647,CMM-1,-2.26,PASS
P015164,CMM-1,-7.5,PASS
P014421,CMM-1,-0.29,PASS
P022618,CMM-1,34.02,PASS
P022706,CMM-1,9.85,PASS
P012549,CMM-1,11.23,PASS
P016555,CMM-1,-0.02,PASS
P015121,CMM-1,20.75,PASS
P012662,CMM-1,22.02,PASS
P014349,CMM-2,-2.41,PASS
P017149,CMM-1,23.9,PASS
P013957,CMM-1,13.29,PASS
P013486,CMM-2,9.66,PASS
P014960,CMM-2,21.98,PASS
P016994,CMM-1,-13.03,PASS
P022116,CMM-1,-6.45,PASS
P018651,CMM-1,28.55,PASS
P022996,CMM-1,-0.21,PASS
P018387,CMM-1,10.42,PASS
P021027,CMM-1,0.41,PASS
P018296,CMM-1,8.77,PASS
P018176,CMM-1,-5.29,PASS
P020147,CMM-1,2.84,PASS
P016327,CMM-2,1.95,PASS
P021278,CMM-1,5.31,PASS
P022552,CMM-1,12.72,PASS
P021562,CMM-1,15.86,PASS
P012415,CMM-2,-19.4,PASS
P023007,CMM-1,12.67,PASS
P014548,CMM-1,33.44,PASS
P014895,CMM-1,10.24,PASS
P023612,CMM-1,21.27,PASS
P021733,CMM-1,-11.76,PASS
P017462,CMM-1,4.64,PASS
P014983,CMM-1,17.8,PASS
P012655,CMM-1,16.53,PASS
P016530,CMM-2,30.79,FAIL
P021142,CMM-1,-2.96,PASS
P023984,CMM-1,9.01,PASS
P017940,CMM-1,8.17,PASS
P013055,CMM-1,13.18,PASS
P013712,CMM-1,7.27,PASS
P012925,CMM-1,-6.95,PASS
P021074,CMM-1,-10.92,PASS
P020452,CMM-1,5.35,PASS
P023024,CMM-2,0.48,PASS
P014188,CMM-1,-25.42,FAIL
P020688,CMM-2,-8.47,PASS
P016750,CMM-2,-15.85,PASS
P015245,CMM-1,16.2,PASS
P022910,CMM-1,20.78,PASS
P014462,CMM-1,-6.82,PASS
P020101,CMM-2,-11.66,PASS
P019108,CMM-2,0.21,PASS
P022925,CMM-2,20.61,PASS
P013026,CMM-2,-10.96,PASS
P017319,CMM-2,1.64,PASS
P017049,CMM-1,-21.1,PASS
P023675,CMM-1,-22.5,FAIL
P014937,CMM-2,11.57,PASS
P016073,CMM-1,2.1,PASS
P013276,CMM-1,22.83,PASS
P016577,CMM-2,-0.6,PASS
P020613,CMM-1,39.62,FAIL
P020559,CMM-1,7.42,PASS
P017054,CMM-1,-20.75,PASS
P016787,CMM-1,41.34,FAIL
P014345,CMM-1,11.5,PASS
P014869,CMM-1,-29.22,FAIL
P021499,CMM-1,9.46,PASS
P020411,CMM-2,-8.33,PASS
P016967,CMM-1,-20.11,PASS
P015259,CMM-2,19.48,PASS
P019097,CMM-1,3.24,PASS
P012849,CMM-1,6.17,PASS
P013229,CMM-1,-9.37,PASS
P014347,CMM-2,0.45,PASS
P017825,CMM-1,29.72,PASS
P023781,CMM-1,-3.43,PASS
P017309,CMM-1,-6.1,PASS
P023650,CMM-1,30.31,PASS
P018447,CMM-1,5.23,PASS
P023510,CMM-1,-1.29,PASS
P012490,CMM-2,-5.92,PASS
P022206,CMM-1,12.83,PASS
P015918,CMM-2,-6.22,PASS
P017788,CMM-1,12.01,PASS
P014314,CMM-1,13.05,PASS
P015905,CMM-1,26.38,PASS
P017597,CMM-1,20.27,PASS
P019553,CMM-2,23.83,PASS
P022208,CMM-2,-10.13,PASS
P016879,CMM-2,1.0,PASS
P017241,CMM-2,6.51,PASS
P018807,CMM-2,-23.17,PASS
P015939,CMM-1,7.2,PASS
P021023,CMM-1,-20.45,PASS
P016995,CMM-1,13.52,PASS
P023624,CMM-1,22.84,PASS
P023035,CMM-1,-10.9,PASS
P021073,CMM-1,28.46,PASS
P012473,CMM-1,-0.83,PASS
P019609,CMM-1,-1.46,PASS
P022096,CMM-1,-9.1,PASS
P012738,CMM-2,-20.04,PASS
P013979,CMM-1,14.01,PASS
P018079,CMM-1,20.69,PASS
P023804,CMM-2,-5.33,PASS
P012966,CMM-2,-7.2,PASS
P016801,CMM-2,20.36,PASS
P017649,CMM-1,13.02,PASS
P021290,CMM-2,5.15,PASS
P016934,CMM-2,7.87,PASS
P019803,CMM-1,4.34,PASS
P023871,CMM-1,11.02,PASS
P019447,CMM-2,-1.88,PASS
P019376,CMM-2,7.71,PASS
P019536,CMM-1,16.36,PASS
P016824,CMM-1,4.52,PASS
P018231,CMM-2,-26.4,PASS
P021833,CMM-2,6.09,PASS
P019707,CMM-1,18.87,PASS
P020481,CMM-1,12.93,PASS
P014807,CMM-2,15.32,PASS
P023249,CMM-2,4.14,PASS
P015308,CMM-2,5.15,PASS
P019319,CMM-1,22.79,PASS
P018348,CMM-1,12.8,PASS
P019483,CMM-1,14.95,PASS
P017248,CMM-2,14.53,PASS
P017201,CMM-1,21.01,PASS
P023079,CMM-1,2.53,PASS
P012304,CMM-1,33.67,PASS
P023219,CMM-1,27.36,PASS
P021649,CMM-2,-7.39,PASS
P023502,CMM-2,-22.74,PASS
P021549,CMM-1,-3.3,PASS
P018187,CMM-1,19.02,PASS
P022163,CMM-1,0.88,PASS
P021691,CMM-1,10.08,PASS
P014904,CMM-1,18.35,PASS
P021978,CMM-1,9.22,PASS
P016688,CMM-1,-27.59,FAIL
P022467,CMM-1,-5.22,PASS
P019645,CMM-1,16.46,PASS
P018829,CMM-1,-1.62,PASS
P017971,CMM-1,-4.17,PASS
P023522,CMM-1,18.79,PASS
P021726,CMM-2,1.36,PASS
P012119,CMM-2,-1.07,PASS
P019963,CMM-1,30.24,PASS
P014397,CMM-1,1.44,PASS
P016381,CMM-1,-2.49,PASS
P015355,CMM-1,0.37,PASS
P012128,CMM-2,-3.82,PASS
P020653,CMM-1,19.73,PASS
P023826,CMM-2,4.07,PASS
P012510,CMM-1,19.38,PASS
P020571,CMM-1,13.55,PASS
P017812,CMM-2,-24.23,PASS
P021949,CMM-2,-15.36,PASS
P020031,CMM-1,8.94,PASS
P019043,CMM-1,12.46,PASS
P022445,CMM-1,-4.06,PASS
P013015,CMM-1,13.34,PASS
P014541,CMM-1,11.45,PASS
P019949,CMM-1,45.88,FAIL
P017659,CMM-1,21.38,PASS
P017037,CMM-1,13.99,PASS
P019140,CMM-1,3.62,PASS
P014489,CMM-1,9.25,PASS
P020222,CMM-1,30.32,PASS
P023754,CMM-1,13.33,PASS
P019265,CMM-2,2.42,PASS
P013931,CMM-1,-1.44,PASS
P012682,CMM-1,24.85,PASS
P017566,CMM-1,-6.25,PASS
P018270,CMM-1,21.99,PASS
P013936,CMM-1,1.6,PASS
P012322,CMM-1,5.37,PASS
P022156,CMM-1,28.23,PASS
P019825,CMM-1,28.75,PASS
P019144,CMM-2,26.76,PASS
P016634,CMM-1,11.81,PASS
P017945,CMM-1,8.64,PASS
P013416,CMM-1,30.63,PASS
P013479,CMM-1,-9.6,PASS
P012621,CMM-1,20.0,PASS
P021217,CMM-1,-10.46,PASS
P017583,CMM-1,-1.81,PASS
P017930,CMM-2,5.94,PASS
P018175,CMM-2,10.17,PASS
P016401,CMM-1,-17.95,PASS
P012295,CMM-1,-2.21,PASS
P012209,CMM-1,0.61,PASS
P019775,CMM-1,3.32,PASS
P017764,CMM-1,12.84,PASS
P012535,CMM-2,-9.61,PASS
P015483,CMM-1,-2.66,PASS
P013930,CMM-1,21.42,PASS
P017535,CMM-1,23.6,PASS
P013981,CMM-2,-28.82,PASS
P023123,CMM-1,6.39,PASS
P012732,CMM-1,-6.41,PASS
P023454,CMM-1,5.08,PASS
P013379,CMM-1,13.53,PASS
P023156,CMM-2,-30.11,FAIL
P015055,CMM-1,4.6,PASS
P017570,CMM-2,-17.17,PASS
P017450,CMM-1,9.89,PASS
P021096,CMM-2,0.43,PASS
P021784,CMM-2,8.32,PASS
P017505,CMM-1,11.07,PASS
P018337,CMM-1,-6.26,PASS
P014794,CMM-1,15.04,PASS
P017758,CMM-1,-5.82,PASS
P012980,CMM-1,-14.82,PASS
P014340,CMM-2,12.53,PASS
P016129,CMM-1,18.25,PASS
P012315,CMM-1,21.81,PASS
P017209,CMM-2,-21.71,PASS
P018373,CMM-1,-15.57,PASS
P013056,CMM-1,-4.84,PASS
P013590,CMM-1,-0.29,PASS
P019601,CMM-2,8.38,PASS
P012456,CMM-1,-4.3,PASS
P013203,CMM-1,-0.54,PASS
P022288,CMM-2,-15.67,PASS
P014628,CMM-2,18.91,PASS
P021417,CMM-1,0.57,PASS
P018130,CMM-1,20.19,PASS
P018363,CMM-2,-36.29,FAIL
P020910,CMM-1,33.25,PASS
P014742,CMM-1,20.29,PASS
P014722,CMM-1,20.99,PASS
P014945,CMM-1,-11.7,PASS
P022988,CMM-2,2.58,PASS
P017342,CMM-1,-21.02,PASS
P019642,CMM-1,-2.41,PASS
P022124,CMM-2,-0.36,PASS
P015731,CMM-1,-25.41,FAIL
P020694,CMM-1,12.72,PASS
P022989,CMM-1,20.61,PASS
P016778,CMM-2,22.67,PASS
P019313,CMM-1,17.23,PASS
P020077,CMM-1,8.34,PASS
P015470,CMM-2,1.73,PASS
P020624,CMM-1,9.91,PASS
P017410,CMM-1,17.94,PASS
P019095,CMM-1,5.41,PASS
P014600,CMM-2,11.97,PASS
P020291,CMM-1,3.28,PASS
P016650,CMM-1,-1.02,PASS
P013068,CMM-2,-19.69,PASS
P017949,CMM-1,4.64,PASS
P018725,CMM-1,25.89,PASS
P017668,CMM-1,-13.19,PASS
P019877,CMM-1,-5.27,PASS
P015714,CMM-1,-3.05,PASS
P014016,CMM-2,4.41,PASS
P015864,CMM-1,29.89,PASS
P017840,CMM-1,19.23,PASS
P021370,CMM-1,-2.75,PASS
P013581,CMM-1,25.4,PASS
P020724,CMM-1,-4.92,PASS
P019315,CMM-1,-2.46,PASS
P019381,CMM-1,16.56,PASS
P016944,CMM-1,-10.68,PASS
P023149,CMM-1,9.59,PASS
P022554,CMM-1,27.41,PASS
P023533,CMM-1,-1.85,PASS
P019019,CMM-1,-6.78,PASS
P021684,CMM-1,-8.32,PASS
P016970,CMM-1,18.65,PASS
P021903,CMM-2,2.34,PASS
P017202,CMM-1,-0.96,PASS
P017530,CMM-1,10.08,PASS
P016796,CMM-1,22.96,PASS
P014165,CMM-1,-5.33,PASS
P022492,CMM-1,3.8,PASS
P015026,CMM-1,13.59,PASS
P015234,CMM-2,19.18,PASS
P019617,CMM-1,6.86,PASS
P023054,CMM-1,26.45,PASS
P023932,CMM-1,14.3,PASS
P013938,CMM-1,19.13,PASS
P016544,CMM-1,3.7,PASS
P023613,CMM-1,-20.78,PASS
P012881,CMM-2,7.06,PASS
P017871,CMM-1,-31.39,FAIL
P013708,CMM-1,-16.2,PASS
P022921,CMM-2,15.95,PASS
P015348,CMM-1,25.26,PASS
P017760,CMM-1,14.37,PASS
P019971,CMM-1,21.13,PASS
P013338,CMM-1,14.96,PASS
P015109,CMM-2,-18.91,PASS
P022945,CMM-2,11.82,PASS
P018837,CMM-1,-5.26,PASS
P013876,CMM-1,26.23,PASS
P021471,CMM-1,1.29,PASS
P019890,CMM-1,0.76,PASS
P021116,CMM-1,8.92,PASS
P021644,CMM-1,11.57,PASS
P013109,CMM-2,6.6,PASS
P021191,CMM-2,8.74,PASS
P012785,CMM-1,27.31,PASS
P017690,CMM-1,28.72,PASS
P022597,CMM-1,29.13,PASS
P017134,CMM-1,7.33,PASS
P019527,CMM-1,10.43,PASS
P012163,CMM-1,30.54,PASS
P014294,CMM-1,12.96,PASS
P015288,CMM-1,-6.68,PASS
P020710,CMM-1,22.41,PASS
P014004,CMM-1,5.32,PASS
P023115,CMM-1,0.64,PASS
P023541,CMM-1,10.71,PASS
P022790,CMM-1,8.28,PASS
P012133,CMM-1,7.51,PASS
P023935,CMM-1,-0.13,PASS
P018995,CMM-1,22.12,PASS
P023687,CMM-1,6.14,PASS
P012733,CMM-1,-0.86,PASS
P013396,CMM-2,-29.36,PASS
P014374,CMM-1,26.42,PASS
P013855,CMM-2,3.72,PASS
P022741,CMM-2,21.01,PASS
P016619,CMM-2,-4.86,PASS
P012945,CMM-1,12.15,PASS
P017831,CMM-1,20.76,PASS
P022828,CMM-1,-9.9,PASS
P014266,CMM-1,3.74,PASS
P015746,CMM-1,26.56,PASS
P012267,CMM-1,21.34,PASS
P013771,CMM-2,25.71,PASS
P022082,CMM-1,16.64,PASS
P022304,CMM-1,-19.11,PASS
P018764,CMM-1,1.19,PASS
P021035,CMM-2,-2.62,PASS
P015269,CMM-2,-12.63,PASS
P022678,CMM-1,-14.36,PASS
P017299,CMM-1,14.69,PASS
P022685,CMM-2,17.92,PASS
P020685,CMM-2,-18.4,PASS
P022555,CMM-2,-2.13,PASS
P015744,CMM-1,11.27,PASS
P021140,CMM-1,15.92,PASS
P014497,CMM-2,-9.02,PASS
P019082,CMM-1,-12.76,PASS
P017591,CMM-1,2.8,PASS
P012109,CMM-1,-0.7,PASS
P016472,CMM-1,2.89,PASS
P017315,CMM-1,8.66,PASS
P014006,CMM-1,25.72,PASS
P013899,CMM-1,-13.97,PASS
P013781,CMM-2,9.51,PASS
P013626,CMM-1,12.26,PASS
P014637,CMM-1,38.46,FAIL
P018493,CMM-1,6.68,PASS
P016209,CMM-1,5.67,PASS
P019781,CMM-2,-4.89,PASS
P021993,CMM-1,5.27,PASS
P020900,CMM-1,27.54,PASS
P021753,CMM-1,21.9,PASS
P018200,CMM-1,22.45,PASS
P014239,CMM-2,-19.29,PASS
P023211,CMM-1,-8.69,PASS
P022474,CMM-1,-22.88,FAIL
P014597,CMM-1,36.05,PASS
P020788,CMM-2,5.96,PASS
P014831,CMM-1,21.07,PASS
P016511,CMM-1,-0.96,PASS
P017312,CMM-1,16.42,PASS
P018889,CMM-1,29.92,PASS
P018652,CMM-1,18.36,PASS
P014906,CMM-1,8.93,PASS
P021591,CMM-1,-15.73,PASS
P012845,CMM-1,26.79,PASS
P021847,CMM-1,-2.66,PASS
P019387,CMM-1,-1.44,PASS
P012878,CMM-2,-31.72,FAIL
P016117,CMM-1,40.84,FAIL
P022671,CMM-1,5.8,PASS
P021111,CMM-1,31.99,PASS
P012525,CMM-1,23.78,PASS
P018154,CMM-1,6.43,PASS
P017010,CMM-1,6.97,PASS
P017662,CMM-1,22.52,PASS
P016475,CMM-2,-4.44,PASS
P022883,CMM-1,38.27,FAIL
P017107,CMM-1,2.69,PASS
P012335,CMM-1,26.17,PASS
P014257,CMM-1,-3.8,PASS
P017864,CMM-1,7.92,PASS
P019180,CMM-1,7.62,PASS
P017179,CMM-1,-14.36,PASS
P014783,CMM-1,10.64,PASS
P013185,CMM-1,8.03,PASS
P015181,CMM-2,40.9,FAIL
P021952,CMM-1,-4.5,PASS
P022962,CMM-1,16.77,PASS
P014823,CMM-1,3.83,PASS
P014856,CMM-1,-9.84,PASS
P016517,CMM-1,21.7,PASS
P015606,CMM-1,9.34,PASS
P021766,CMM-1,24.97,PASS
P016709,CMM-1,13.85,PASS
P023218,CMM-1,16.79,PASS
P015389,CMM-2,7.51,PASS
P018115,CMM-1,-24.57,FAIL
P017297,CMM-2,3.34,PASS
P021042,CMM-1,24.77,PASS
P019960,CMM-1,25.18,PASS
P021479,CMM-1,9.61,PASS
P019621,CMM-1,-1.26,PASS
P014475,CMM-1,-6.11,PASS
P023962,CMM-1,9.76,PASS
P020179,CMM-2,-5.75,PASS
P023387,CMM-1,23.41,PASS
P017185,CMM-2,-19.81,PASS
P012452,CMM-2,12.6,PASS
P015125,CMM-1,5.03,PASS
P012986,CMM-1,-4.66,PASS
P016549,CMM-1,19.27,PASS
P013989,CMM-1,17.59,PASS
P022426,CMM-1,18.43,PASS
P023281,CMM-1,5.47,PASS
P018597,CMM-1,26.75,PASS
P018117,CMM-1,-1.76,PASS
P017216,CMM-1,-15.93,PASS
P021522,CMM-1,-5.71,PASS
P023750,CMM-1,-19.97,PASS
P013092,CMM-2,-12.4,PASS
P013914,CMM-1,20.5,PASS
P014666,CMM-1,-1.23,PASS
P012529,CMM-1,14.62,PASS
P019057,CMM-1,13.59,PASS
P015365,CMM-1,34.77,PASS
P013547,CMM-2,8.81,PASS
P015200,CMM-1,16.67,PASS
P021390,CMM-1,8.93,PASS
P015246,CMM-1,-12.58,PASS
P017595,CMM-1,10.01,PASS
P023974,CMM-1,31.97,PASS
P012156,CMM-1,15.71,PASS
P023630,CMM-1,16.7,PASS
P014644,CMM-1,27.7,PASS
P014551,CMM-1,0.47,PASS
P020573,CMM-1,-4.63,PASS
P013823,CMM-1,22.88,PASS
P019860,CMM-1,4.82,PASS
P013798,CMM-2,-1.03,PASS
P015138,CMM-2,16.4,PASS
P022185,CMM-1,7.03,PASS
P013611,CMM-2,12.32,PASS
P012953,CMM-1,10.84,PASS
P012291,CMM-1,6.96,PASS
P021207,CMM-2,6.58,PASS
P013775,CMM-1,13.89,PASS
P012907,CMM-1,6.89,PASS
P016251,CMM-1,17.93,PASS
P020720,CMM-1,26.22,PASS
P022802,CMM-1,3.53,PASS
P016515,CMM-2,-13.95,PASS
P016768,CMM-1,4.01,PASS
P013162,CMM-2,-1.28,PASS
P020816,CMM-1,9.89,PASS
P016697,CMM-1,3.51,PASS
P012143,CMM-1,4.95,PASS
P015613,CMM-1,8.15,PASS
P014361,CMM-1,3.73,PASS
P019780,CMM-1,3.92,PASS
P022457,CMM-2,-25.86,PASS
P016263,CMM-1,4.89,PASS
P020044,CMM-1,12.58,PASS
P022545,CMM-1,9.38,PASS
P015497,CMM-1,-4.27,PASS
P015434,CMM-1,-0.01,PASS
P013120,CMM-2,-3.75,PASS
P014001,CMM-1,21.89,PASS
P013836,CMM-2,-1.97,PASS
P019424,CMM-1,-21.41,PASS
P022825,CMM-2,-3.59,PASS
P012609,CMM-1,31.37,PASS
P020049,CMM-2,5.2,PASS
P019835,CMM-1,-24.7,FAIL
P013463,CMM-1,9.75,PASS
P021958,CMM-1,-7.68,PASS
P016556,CMM-2,-4.63,PASS
P021261,CMM-1,25.22,PASS
P021529,CMM-1,-15.62,PASS
P020285,CMM-2,10.56,PASS
P012004,CMM-2,20.5,PASS
P021269,CMM-1,0.52,PASS
P023709,CMM-2,15.68,PASS
P013535,CMM-1,38.54,FAIL
P015137,CMM-1,14.92,PASS
P019519,CMM-1,-10.07,PASS
P015397,CMM-1,-24.74,FAIL
P019543,CMM-1,29.46,PASS
P013093,CMM-2,-5.03,PASS
P017906,CMM-1,11.95,PASS
P017424,CMM-1,1.12,PASS
P019255,CMM-1,16.21,PASS
P015854,CMM-1,-37.73,FAIL
P012084,CMM-1,13.73,PASS
P014288,CMM-1,36.73,PASS
P017478,CMM-1,-0.77,PASS
P019862,CMM-2,8.2,PASS
P021972,CMM-1,9.85,PASS
P023408,CMM-1,-6.99,PASS
P017267,CMM-1,4.13,PASS
P023068,CMM-2,6.69,PASS
P017433,CMM-1,20.76,PASS
P015436,CMM-1,4.11,PASS
P015142,CMM-1,15.29,PASS
P017407,CMM-1,8.98,PASS
P021435,CMM-1,-35.33,FAIL
P017416,CMM-1,2.1,PASS
P021202,CMM-1,28.17,PASS
P016883,CMM-2,-28.42,PASS
P014596,CMM-1,-10.94,PASS
P013385,CMM-2,-11.31,PASS
P012492,CMM-2,14.82,PASS
P019859,CMM-1,9.94,PASS
P022844,CMM-1,6.46,PASS
P022993,CMM-2,-13.78,PASS
P021846,CMM-1,-2.33,PASS
P017294,CMM-1,11.28,PASS
P021980,CMM-2,3.88,PASS
P017251,CMM-1,4.15,PASS
P021226,CMM-1,8.39,PASS
P022892,CMM-1,21.65,PASS
P012402,CMM-1,1.08,PASS
P020391,CMM-1,-22.84,FAIL
P018864,CMM-1,-9.58,PASS
P013019,CMM-1,7.34,PASS
P012464,CMM-1,0.83,PASS
P017827,CMM-2,0.7,PASS
P022526,CMM-1,-8.91,PASS
P016840,CMM-1,11.52,PASS
P016398,CMM-1,4.0,PASS
P015362,CMM-1,17.66,PASS
P014584,CMM-2,21.96,PASS
P022483,CMM-1,12.83,PASS
P016152,CMM-1,-18.97,PASS
P022658,CMM-1,12.38,PASS
P017937,CMM-1,11.61,PASS
P017360,CMM-1,27.9,PASS
P016000,CMM-2,2.87,PASS
P021975,CMM-1,-6.45,PASS
P015376,CMM-1,-3.64,PASS
P018900,CMM-1,8.36,PASS
P017532,CMM-1,13.75,PASS
P012819,CMM-1,9.13,PASS
P012469,CMM-1,0.62,PASS
P023530,CMM-1,-19.54,PASS
P019712,CMM-1,-30.2,FAIL
P012352,CMM-1,32.31,PASS
P022527,CMM-1,6.43,PASS
P023963,CMM-1,20.76,PASS
P013141,CMM-1,24.57,PASS
P020777,CMM-1,37.01,PASS
P012421,CMM-1,4.75,PASS
P018720,CMM-1,-5.46,PASS
P020326,CMM-1,8.75,PASS
P013183,CMM-1,15.66,PASS
P023649,CMM-1,6.44,PASS
P015393,CMM-1,0.97,PASS
P021739,CMM-1,4.3,PASS
P021314,CMM-1,12.01,PASS
P014369,CMM-2,0.67,PASS
P015804,CMM-1,-19.08,PASS
P020854,CMM-1,22.17,PASS
P023737,CMM-1,3.54,PASS
P020889,CMM-1,2.82,PASS
P017343,CMM-1,7.23,PASS
P020006,CMM-1,28.78,PASS
P023537,CMM-1,21.08,PASS
P020879,CMM-1,31.89,PASS
P022291,CMM-1,3.17,PASS
P017819,CMM-1,20.38,PASS
P018124,CMM-1,37.45,PASS
P021277,CMM-1,-6.74,PASS
P015557,CMM-2,-1.88,PASS
P012717,CMM-1,-0.35,PASS
P017027,CMM-1,23.47,PASS
P014663,CMM-1,-14.89,PASS
P017665,CMM-1,16.86,PASS
P013062,CMM-1,4.06,PASS
P013941,CMM-1,-8.29,PASS
P015231,CMM-1,3.74,PASS
P015154,CMM-1,21.2,PASS
P013117,CMM-1,12.31,PASS
P013629,CMM-1,3.95,PASS
P018622,CMM-1,20.41,PASS
P023006,CMM-2,-13.9,PASS
P017475,CMM-1,1.42,PASS
P017400,CMM-1,-5.82,PASS
P015691,CMM-1,24.96,PASS
P018205,CMM-1,22.46,PASS
P022708,CMM-1,12.9,PASS
P017980,CMM-1,25.64,PASS
P018425,CMM-1,3.17,PASS
P022979,CMM-1,-21.97,PASS
P016893,CMM-1,4.05,PASS
P017011,CMM-2,13.25,PASS
P020210,CMM-1,-14.89,PASS
P022977,CMM-1,0.59,PASS
P016212,CMM-1,-14.42,PASS
P016259,CMM-1,10.83,PASS
P015732,CMM-1,-6.52,PASS
P012943,CMM-1,27.11,PASS
P020771,CMM-2,-6.96,PASS
P016917,CMM-1,-2.02,PASS
P014147,CMM-1,4.53,PASS
P023273,CMM-2,5.77,PASS
P018943,CMM-1,5.3,PASS
P023059,CMM-2,-25.92,PASS
P014997,CMM-1,4.31,PASS
P015933,CMM-2,-3.07,PASS
P018075,CMM-1,-23.24,FAIL
P014860,CMM-2,26.56,PASS
P013660,CMM-2,-22.14,PASS
P013099,CMM-1,11.77,PASS
P021028,CMM-2,14.42,PASS
P018329,CMM-1,12.43,PASS
P017836,CMM-1,13.89,PASS
P020985,CMM-1,13.7,PASS
P014959,CMM-1,12.48,PASS
P012419,CMM-1,4.14,PASS
P012522,CMM-1,-0.29,PASS
P020633,CMM-1,23.72,PASS
P022363,CMM-2,6.91,PASS
P013891,CMM-1,23.21,PASS
P021061,CMM-1,13.5,PASS
P021666,CMM-1,-17.81,PASS
P023025,CMM-2,14.33,PASS
P012027,CMM-1,-6.41,PASS
P020535,CMM-2,10.96,PASS
P021880,CMM-2,-47.08,FAIL
P021777,CMM-1,-0.91,PASS
P014015,CMM-2,-15.46,PASS
P021414,CMM-1,13.29,PASS
P014114,CMM-1,-4.63,PASS
P016623,CMM-2,-1.17,PASS
P014533,CMM-1,14.75,PASS
P015722,CMM-1,6.5,PASS
P018909,CMM-1,16.6,PASS
P019727,CMM-1,28.84,PASS
P018229,CMM-1,-0.45,PASS
P017256,CMM-2,5.55,PASS
P018690,CMM-1,17.36,PASS
P019114,CMM-2,23.33,PASS
P020157,CMM-2,3.77,PASS
P015943,CMM-1,1.64,PASS
P015976,CMM-1,4.61,PASS
P023924,CMM-2,4.65,PASS
P015401,CMM-1,1.8,PASS
P012687,CMM-1,26.12,PASS
P021156,CMM-1,10.88,PASS
P014901,CMM-1,3.84,PASS
P015313,CMM-1,19.5,PASS
P016584,CMM-1,10.62,PASS
P021033,CMM-1,5.99,PASS
P014246,CMM-1,10.3,PASS
P014858,CMM-2,1.21,PASS
P014022,CMM-1,20.71,PASS
P013383,CMM-2,3.45,PASS
P018245,CMM-1,14.98,PASS
P023313,CMM-1,23.87,PASS
P014796,CMM-1,0.99,PASS
P013637,CMM-1,13.06,PASS
P017647,CMM-1,4.89,PASS
P022094,CMM-1,-26.89,FAIL
P020928,CMM-2,14.72,PASS
P013573,CMM-2,-3.69,PASS
P017934,CMM-1,-7.38,PASS
P015736,CMM-1,17.32,PASS
P020680,CMM-1,11.89,PASS
P017101,CMM-1,2.34,PASS
P015580,CMM-1,14.32,PASS
P022992,CMM-1,13.17,PASS
P012166,CMM-1,5.63,PASS
P022429,CMM-1,15.5,PASS
P016235,CMM-1,9.89,PASS
P021078,CMM-1,-2.14,PASS
P019904,CMM-2,-19.78,PASS
P017126,CMM-1,-8.18,PASS
P023632,CMM-1,-6.92,PASS
P014622,CMM-1,15.69,PASS
P014971,CMM-1,8.08,PASS
P019899,CMM-2,-11.7,PASS
P023082,CMM-2,0.69,PASS
P018711,CMM-1,-12.08,PASS
P022697,CMM-2,-3.5,PASS
P017748,CMM-2,10.44,PASS
P016034,CMM-2,10.28,PASS
P021248,CMM-1,14.59,PASS
P022376,CMM-1,-2.24,PASS
P016020,CMM-1,20.61,PASS
P019352,CMM-2,-1.73,PASS
P022601,CMM-1,13.93,PASS
P013897,CMM-1,2.55,PASS
P016489,CMM-1,-6.8,PASS
P012694,CMM-1,29.56,PASS
P015669,CMM-1,20.59,PASS
P015344,CMM-2,-4.11,PASS
P021743,CMM-1,24.04,PASS
P012734,CMM-1,1.22,PASS
P018222,CMM-1,13.21,PASS
P019682,CMM-1,14.33,PASS
P017411,CMM-1,6.17,PASS
P022171,CMM-1,19.84,PASS
P014348,CMM-1,22.06,PASS
P018903,CMM-1,-7.65,PASS
P020965,CMM-1,7.57,PASS
P023459,CMM-1,-10.02,PASS
P012412,CMM-1,4.72,PASS
P016804,CMM-1,-17.46,PASS
P020269,CMM-1,-4.12,PASS
P013657,CMM-1,5.59,PASS
P013300,CMM-2,-5.9,PASS
P016175,CMM-2,9.3,PASS
P014579,CMM-1,29.57,PASS
P013314,CMM-2,-10.5,PASS
P022003,CMM-1,44.96,FAIL
P013079,CMM-1,5.09,PASS
P013986,CMM-1,20.84,PASS
P016617,CMM-1,29.92,PASS
P022501,CMM-1,21.26,PASS
P013118,CMM-1,16.69,PASS
P020523,CMM-2,-0.24,PASS
P017104,CMM-1,19.13,PASS
P022616,CMM-1,-17.29,PASS
P022058,CMM-1,28.09,PASS
P012765,CMM-1,25.19,PASS
P015946,CMM-1,9.7,PASS
P014472,CMM-1,-6.58,PASS
P018568,CMM-1,-1.24,PASS
P017557,CMM-2,-2.88,PASS
P022254,CMM-2,-4.52,PASS
P023225,CMM-2,-20.51,PASS
P019239,CMM-1,34.09,PASS
P022959,CMM-1,-2.34,PASS
P017670,CMM-1,8.63,PASS
P020644,CMM-1,21.63,PASS
P013409,CMM-2,1.16,PASS
P013018,CMM-1,4.02,PASS
P023608,CMM-2,13.75,PASS
P020137,CMM-1,21.85,PASS
P022796,CMM-1,11.2,PASS
P023405,CMM-2,-20.54,PASS
P019564,CMM-1,32.38,PASS
P021547,CMM-2,-1.97,PASS
P014966,CMM-1,6.7,PASS
P014626,CMM-2,11.96,PASS
P021745,CMM-1,17.98,PASS
P022228,CMM-1,18.07,PASS
P012340,CMM-1,9.53,PASS
P019197,CMM-1,-10.35,PASS
P016002,CMM-2,2.5,PASS
P021836,CMM-1,13.9,PASS
P014907,CMM-2,-16.67,PASS
P014178,CMM-2,6.94,PASS
P020162,CMM-1,31.66,PASS
P016595,CMM-1,11.56,PASS
P018446,CMM-2,16.25,PASS
P012647,CMM-1,22.99,PASS
P018069,CMM-1,-8.69,PASS
P018498,CMM-1,13.71,PASS
P012417,CMM-1,-6.59,PASS
P022282,CMM-1,25.97,PASS
P013458,CMM-2,5.09,PASS
P018419,CMM-1,7.99,PASS
P018068,CMM-1,-0.3,PASS
P023252,CMM-1,41.96,FAIL
P023966,CMM-1,-3.06,PASS
P013908,CMM-1,3.88,PASS
P016168,CMM-2,20.8,PASS
P020839,CMM-1,-17.28,PASS
P012932,CMM-1,11.57,PASS
P022878,CMM-1,14.82,PASS
P013713,CMM-2,-22.25,PASS
P022801,CMM-1,51.84,FAIL
P019698,CMM-2,11.72,PASS
P021239,CMM-1,10.28,PASS
P016368,CMM-1,14.77,PASS
P022974,CMM-1,14.39,PASS
P020335,CMM-2,-9.17,PASS
P020630,CMM-2,-9.04,PASS
P012858,CMM-1,7.39,PASS
P013922,CMM-1,-6.27,PASS
P017273,CMM-1,2.75,PASS
P021819,CMM-1,-6.98,PASS
P020699,CMM-1,12.66,PASS
P018223,CMM-2,-1.93,PASS
P023298,CMM-1,10.27,PASS
P014468,CMM-1,9.27,PASS
P020099,CMM-1,21.94,PASS
P012157,CMM-2,1.3,PASS
P023436,CMM-1,25.66,PASS
P012798,CMM-1,7.02,PASS
P017085,CMM-1,20.16,PASS
P020091,CMM-1,4.94,PASS
P021698,CMM-1,-1.36,PASS
P019827,CMM-2,-6.72,PASS
P022299,CMM-1,-20.32,PASS
P023171,CMM-1,8.38,PASS
P012916,CMM-2,3.6,PASS
P022917,CMM-2,-23.84,PASS
P012982,CMM-1,23.35,PASS
P020995,CMM-1,33.02,PASS
P016271,CMM-2,5.09,PASS
P022281,CMM-1,24.61,PASS
P022593,CMM-1,0.18,PASS
P017341,CMM-1,6.23,PASS
P017288,CMM-1,-1.52,PASS
P019920,CMM-1,0.35,PASS
P023302,CMM-1,48.55,FAIL
P014024,CMM-1,8.14,PASS
P017316,CMM-1,16.62,PASS
P022400,CMM-1,-7.58,PASS
P015161,CMM-2,6.77,PASS
P018213,CMM-1,12.17,PASS
P016067,CMM-2,50.96,FAIL
P021062,CMM-2,13.78,PASS
P015770,CMM-1,-10.97,PASS
P015322,CMM-1,5.68,PASS
P019754,CMM-2,-34.74,FAIL
P022394,CMM-1,23.13,PASS
P013386,CMM-1,15.22,PASS
P017773,CMM-1,9.9,PASS
P014871,CMM-1,11.17,PASS
P013806,CMM-2,-18.79,PASS
P018920,CMM-1,0.99,PASS
P022788,CMM-2,10.64,PASS
P014763,CMM-1,24.98,PASS
P012423,CMM-1,-19.66,PASS
P023130,CMM-1,-8.65,PASS
P014451,CMM-1,9.5,PASS
P015221,CMM-1,41.31,FAIL
P016430,CMM-1,35.16,PASS
P013910,CMM-1,46.78,FAIL
P019778,CMM-1,12.15,PASS
P023691,CMM-1,23.43,PASS
P013169,CMM-2,9.06,PASS
P017523,CMM-1,-10.33,PASS
P018787,CMM-1,-1.74,PASS
P013323,CMM-2,14.1,PASS
P014193,CMM-2,-11.71,PASS
P013008,CMM-1,29.94,PASS
P016699,CMM-2,-2.61,PASS
P017637,CMM-1,8.94,PASS
P022564,CMM-1,14.43,PASS
P017490,CMM-1,-9.43,PASS
P014304,CMM-1,-0.54,PASS
P023376,CMM-1,7.21,PASS
P023306,CMM-1,35.66,PASS
P021110,CMM-1,13.27,PASS
P016441,CMM-2,-20.64,PASS
P022631,CMM-1,17.4,PASS
P013558,CMM-1,10.84,PASS
P022473,CMM-1,22.83,PASS
P019512,CMM-1,35.41,PASS
P014798,CMM-1,31.26,PASS
P013153,CMM-2,-10.89,PASS
P023669,CMM-1,-1.28,PASS
P022766,CMM-1,-8.91,PASS
P018669,CMM-1,9.22,PASS
P012117,CMM-1,11.32,PASS
P020525,CMM-2,14.91,PASS
P015888,CMM-2,-29.74,FAIL
P012228,CMM-1,25.68,PASS
P012217,CMM-2,-6.2,PASS
P019541,CMM-1,31.85,PASS
P023991,CMM-2,-21.62,PASS
P013569,CMM-1,1.7,PASS
P012284,CMM-1,0.69,PASS
P020918,CMM-1,14.56,PASS
P019461,CMM-1,14.71,PASS
P020309,CMM-1,-22.7,FAIL
P018045,CMM-1,15.67,PASS
P023419,CMM-1,17.24,PASS
P021608,CMM-2,-16.92,PASS
P023326,CMM-2,-23.57,PASS
P021914,CMM-1,9.97,PASS
P018826,CMM-1,15.97,PASS
P016206,CMM-1,12.29,PASS
P015327,CMM-1,-3.35,PASS
P020640,CMM-2,1.16,PASS
P012287,CMM-1,44.23,FAIL
P021312,CMM-1,30.09,PASS
P015383,CMM-1,-2.19,PASS
P023802,CMM-1,3.3,PASS
P019751,CMM-2,12.29,PASS
P014058,CMM-1,16.62,PASS
P022502,CMM-1,28.9,PASS
P023627,CMM-1,30.36,PASS
P016863,CMM-2,16.25,PASS
P023887,CMM-1,16.12,PASS
P022855,CMM-1,15.57,PASS
P023460,CMM-1,5.36,PASS
P016868,CMM-2,17.5,PASS
P021020,CMM-1,16.98,PASS
P015993,CMM-1,-9.71,PASS
P017627,CMM-1,17.53,PASS
P020968,CMM-1,-1.01,PASS
P014951,CMM-2,2.22,PASS
P023223,CMM-1,45.79,FAIL
P013030,CMM-1,10.5,PASS
P020891,CMM-1,-2.0,PASS
P019341,CMM-2,-14.53,PASS
P012876,CMM-1,30.89,PASS
P021708,CMM-1,11.64,PASS
P014380,CMM-1,-11.38,PASS
P018704,CMM-1,-8.85,PASS
P016922,CMM-1,-14.44,PASS
P012573,CMM-2,3.46,PASS
P018302,CMM-1,-5.46,PASS
P016328,CMM-2,-14.96,PASS
P022236,CMM-1,5.62,PASS
P014526,CMM-2,21.19,PASS
P013768,CMM-2,22.95,PASS
P016408,CMM-1,20.06,PASS
P015400,CMM-1,7.32,PASS
P019264,CMM-1,-14.39,PASS
P013893,CMM-2,11.27,PASS
P022763,CMM-1,13.77,PASS
P015025,CMM-1,2.02,PASS
P016162,CMM-2,11.77,PASS
P016452,CMM-1,1.8,PASS
P018134,CMM-1,4.78,PASS
P019311,CMM-1,50.88,FAIL
P021781,CMM-1,10.49,PASS
P015786,CMM-1,15.58,PASS
P014013,CMM-1,32.96,PASS
P014691,CMM-2,-9.3,PASS
P015997,CMM-1,-17.28,PASS
P020244,CMM-1,10.96,PASS
P020495,CMM-1,-20.7,PASS
P014620,CMM-1,2.43,PASS
P019211,CMM-1,25.78,PASS
P020218,CMM-1,8.08,PASS
P012273,CMM-1,17.39,PASS
P022772,CMM-1,8.51,PASS
P014686,CMM-1,-2.05,PASS
P023671,CMM-1,4.62,PASS
P021011,CMM-2,-11.6,PASS
P015251,CMM-2,6.96,PASS
P022037,CMM-1,-11.92,PASS
P020742,CMM-1,13.57,PASS
P012879,CMM-2,2.87,PASS
P012651,CMM-2,-11.88,PASS
P013900,CMM-1,4.73,PASS
P013636,CMM-1,11.17,PASS
P020392,CMM-1,36.75,PASS
P022427,CMM-2,-27.07,PASS
P023923,CMM-1,12.46,PASS
P014732,CMM-2,2.17,PASS
P016163,CMM-1,6.31,PASS
P013577,CMM-1,-21.82,PASS
P012667,CMM-1,30.99,PASS
P016411,CMM-1,-25.89,FAIL
P017493,CMM-1,17.95,PASS
P012930,CMM-1,-12.82,PASS
P022184,CMM-1,15.25,PASS
P021817,CMM-1,-2.18,PASS
P022024,CMM-1,3.95,PASS
P019226,CMM-1,-0.05,PASS
P013704,CMM-1,6.44,PASS
P015103,CMM-1,11.81,PASS
P016349,CMM-1,-0.9,PASS
P017818,CMM-2,-17.55,PASS
P020562,CMM-2,6.57,PASS
P023409,CMM-2,4.59,PASS
P023296,CMM-1,21.86,PASS
P023594,CMM-1,28.64,PASS
P023561,CMM-1,28.19,PASS
P013719,CMM-1,-2.77,PASS
P021855,CMM-1,17.65,PASS
P018036,CMM-1,7.06,PASS
P012216,CMM-1,14.89,PASS
P013482,CMM-2,12.79,PASS
P016528,CMM-1,1.78,PASS
P018839,CMM-2,2.82,PASS
P020987,CMM-1,17.08,PASS
P020467,CMM-1,18.27,PASS
P018172,CMM-2,10.22,PASS
P012946,CMM-1,13.69,PASS
P022619,CMM-1,27.05,PASS
P019587,CMM-1,5.49,PASS
P015447,CMM-1,16.99,PASS
P017585,CMM-1,50.84,FAIL
P018297,CMM-2,28.79,PASS
P018370,CMM-1,-11.52,PASS
P019151,CMM-2,5.82,PASS
P014170,CMM-1,9.67,PASS
P020380,CMM-1,6.55,PASS
P023994,CMM-1,29.58,PASS
P020864,CMM-2,-1.64,PASS
P018215,CMM-2,2.1,PASS
P015277,CMM-1,14.92,PASS
P017747,CMM-1,21.81,PASS
P015239,CMM-2,15.34,PASS
P022351,CMM-2,-2.02,PASS
P017719,CMM-1,29.37,PASS
P017572,CMM-1,5.33,PASS
P013303,CMM-1,12.36,PASS
P019514,CMM-2,11.9,PASS
P013278,CMM-2,13.2,PASS
P019715,CMM-1,-1.9,PASS
P019444,CMM-1,2.16,PASS
P020450,CMM-1,13.37,PASS
P018732,CMM-1,11.6,PASS
P023847,CMM-1,14.77,PASS
P013954,CMM-1,18.48,PASS
P012401,CMM-1,42.62,FAIL
P021783,CMM-1,9.25,PASS
P020107,CMM-1,23.87,PASS
P022061,CMM-1,41.19,FAIL
P021428,CMM-1,-2.61,PASS
P019291,CMM-1,18.14,PASS
P020929,CMM-2,23.06,PASS
P017053,CMM-1,19.94,PASS
P021625,CMM-1,-3.19,PASS
P021331,CMM-1,9.5,PASS
P020028,CMM-2,-5.22,PASS
P016001,CMM-1,33.66,PASS
P013688,CMM-1,34.53,PASS
P013426,CMM-1,15.37,PASS
P020311,CMM-1,-21.87,PASS
P016118,CMM-1,26.46,PASS
P021756,CMM-1,25.48,PASS
P020972,CMM-1,-5.58,PASS
P017730,CMM-1,2.23,PASS
P018587,CMM-1,30.31,PASS
P017790,CMM-1,-5.32,PASS
P023374,CMM-1,14.95,PASS
P013916,CMM-1,3.87,PASS
P017897,CMM-1,37.77,PASS
P023233,CMM-1,36.02,PASS
P018983,CMM-2,-2.62,PASS
P017986,CMM-2,-21.81,PASS
P012624,CMM-1,21.09,PASS
P017375,CMM-2,6.03,PASS
P014141,CMM-1,9.33,PASS
P012289,CMM-1,-3.65,PASS
P017645,CMM-1,12.75,PASS
P016477,CMM-1,16.65,PASS
P012063,CMM-1,-6.74,PASS
P017707,CMM-2,8.85,PASS
P012526,CMM-1,15.26,PASS
P016224,CMM-1,-8.42,PASS
P022655,CMM-2,2.04,PASS
P020735,CMM-2,2.7,PASS
P023222,CMM-1,-5.8,PASS
P020041,CMM-1,35.29,PASS
P012669,CMM-1,4.47,PASS
P018057,CMM-2,4.19,PASS
P013097,CMM-1,8.91,PASS
P018665,CMM-1,-1.25,PASS
P019725,CMM-2,-30.76,FAIL
P012676,CMM-1,3.63,PASS
P012888,CMM-1,14.91,PASS
P012710,CMM-1,5.06,PASS
P019943,CMM-2,2.28,PASS
P019453,CMM-1,-13.31,PASS
P022800,CMM-1,-19.31,PASS
P021036,CMM-1,-5.79,PASS
P020385,CMM-1,12.31,PASS
P019750,CMM-1,1.26,PASS
P014623,CMM-2,-12.39,PASS
P017204,CMM-1,6.04,PASS
P018656,CMM-1,14.71,PASS
P018368,CMM-1,-4.98,PASS
P016068,CMM-1,13.46,PASS
P018895,CMM-1,21.63,PASS
P015738,CMM-1,19.98,PASS
P014302,CMM-1,1.24,PASS
P020923,CMM-1,25.99,PASS
P015318,CMM-2,-30.49,FAIL
P014176,CMM-1,-6.33,PASS
P016723,CMM-1,-10.15,PASS
P017578,CMM-2,11.23,PASS
P020588,CMM-1,-2.4,PASS
P023780,CMM-2,-13.13,PASS
P014329,CMM-1,17.01,PASS
P020342,CMM-2,5.37,PASS
P020490,CMM-2,14.97,PASS
P012444,CMM-1,-2.69,PASS
P014566,CMM-1,6.44,PASS
P019361,CMM-2,-2.72,PASS
P020755,CMM-1,0.22,PASS
P016522,CMM-1,13.2,PASS
P016753,CMM-1,-2.53,PASS
P023027,CMM-1,-43.11,FAIL
P015535,CMM-1,-34.03,FAIL
P013230,CMM-1,22.7,PASS
P017575,CMM-1,-8.13,PASS
P021279,CMM-1,26.25,PASS
P016663,CMM-1,-5.46,PASS
P021554,CMM-1,8.32,PASS
P018536,CMM-2,12.53,PASS
P016142,CMM-2,-1.85,PASS
P012949,CMM-2,-15.3,PASS
P016653,CMM-1,9.11,PASS
P016135,CMM-1,-0.45,PASS
P018292,CMM-1,-2.78,PASS
P013334,CMM-1,14.26,PASS
P017422,CMM-1,32.43,PASS
P017958,CMM-1,-6.01,PASS
P022733,CMM-1,26.95,PASS
P023801,CMM-1,1.36,PASS
P020830,CMM-1,18.29,PASS
P014201,CMM-1,39.27,FAIL
P012229,CMM-1,-29.41,FAIL
P015206,CMM-1,5.22,PASS
P016799,CMM-1,23.61,PASS
P014514,CMM-1,-18.25,PASS
P012704,CMM-2,18.77,PASS
P018702,CMM-2,4.51,PASS
P021764,CMM-2,16.03,PASS
P018025,CMM-1,3.16,PASS
P022934,CMM-1,10.92,PASS
P020920,CMM-1,14.11,PASS
P022117,CMM-1,5.23,PASS
P013166,CMM-1,27.66,PASS
P019142,CMM-2,1.72,PASS
P015860,CMM-2,15.78,PASS
P019992,CMM-1,7.13,PASS
P015913,CMM-1,14.79,PASS
P016718,CMM-2,-11.86,PASS
P019507,CMM-1,-7.74,PASS
P012793,CMM-1,16.4,PASS
P012179,CMM-1,0.74,PASS
P020897,CMM-1,17.91,PASS
P012026,CMM-1,-6.26,PASS
P019771,CMM-2,-8.29,PASS
P023729,CMM-1,9.49,PASS
P023417,CMM-1,-15.82,PASS
P015885,CMM-1,23.23,PASS
P013964,CMM-2,9.3,PASS
P017564,CMM-1,21.53,PASS
P014467,CMM-1,1.58,PASS
P013142,CMM-2,-2.25,PASS
P023337,CMM-1,-17.06,PASS
P012269,CMM-1,5.0,PASS
P021237,CMM-1,-22.53,FAIL
P015410,CMM-1,-9.69,PASS
P015582,CMM-2,-2.06,PASS
P020298,CMM-1,3.88,PASS
P015981,CMM-2,18.19,PASS
P012293,CMM-1,15.32,PASS
P020096,CMM-1,16.37,PASS
P013392,CMM-1,11.76,PASS
P013350,CMM-2,-17.37,PASS
P022747,CMM-1,21.26,PASS
P023539,CMM-1,11.19,PASS
P019520,CMM-1,18.41,PASS
P017214,CMM-1,26.46,PASS
P018913,CMM-1,-2.31,PASS
P020394,CMM-1,3.54,PASS
P015160,CMM-1,18.36,PASS
P021536,CMM-1,10.9,PASS
P014712,CMM-1,8.06,PASS
P013814,CMM-1,17.7,PASS
P022907,CMM-2,-7.71,PASS
P020833,CMM-1,39.36,FAIL
P020701,CMM-1,9.86,PASS
P015724,CMM-1,10.02,PASS
P014828,CMM-1,23.28,PASS
P022657,CMM-1,-4.3,PASS
P018344,CMM-2,-16.84,PASS
P018050,CMM-1,22.68,PASS
P018970,CMM-1,-1.14,PASS
P012996,CMM-2,13.11,PASS
P015107,CMM-1,-1.22,PASS
P018729,CMM-1,-5.33,PASS
P022598,CMM-1,0.39,PASS
P023831,CMM-1,14.82,PASS
P014580,CMM-1,-6.7,PASS
P013265,CMM-1,19.84,PASS
P015599,CMM-2,22.73,PASS
P022821,CMM-1,5.74,PASS
P020773,CMM-2,14.05,PASS
P012936,CMM-1,13.11,PASS
P016950,CMM-1,3.66,PASS
P014205,CMM-1,29.29,PASS
P015666,CMM-1,16.88,PASS
P016090,CMM-1,0.84,PASS
P022418,CMM-2,17.04,PASS
P012782,CMM-1,4.64,PASS
P015865,CMM-1,-4.23,PASS
P017835,CMM-2,-15.15,PASS
P021651,CMM-1,7.39,PASS
P012087,CMM-1,14.49,PASS
P015716,CMM-2,15.83,PASS
P018081,CMM-1,12.75,PASS
P021485,CMM-2,-8.56,PASS
P012813,CMM-2,3.65,PASS
P022503,CMM-1,39.58,FAIL
P019351,CMM-2,-10.9,PASS
P016916,CMM-1,24.92,PASS
P016213,CMM-1,-7.66,PASS
P013680,CMM-1,19.34,PASS
P013681,CMM-1,-18.08,PASS
P012811,CMM-1,-7.33,PASS
P018238,CMM-1,27.92,PASS
P013204,CMM-1,-3.45,PASS
P019793,CMM-1,19.18,PASS
P012472,CMM-1,26.97,PASS
P018893,CMM-1,9.93,PASS
P017809,CMM-1,19.04,PASS
P014970,CMM-1,29.31,PASS
P012274,CMM-2,-11.88,PASS
P014535,CMM-1,-12.23,PASS
P015959,CMM-1,5.57,PASS
P016042,CMM-1,-15.93,PASS
P023329,CMM-1,-20.0,PASS
P012106,CMM-1,10.19,PASS
P023383,CMM-1,7.05,PASS
P022389,CMM-1,10.36,PASS
P022585,CMM-2,6.68,PASS
P017009,CMM-2,2.34,PASS
P016500,CMM-1,-35.45,FAIL
P017996,CMM-1,-5.6,PASS
P016121,CMM-1,17.33,PASS
P013239,CMM-1,31.2,PASS
P023390,CMM-1,-31.81,FAIL
P012589,CMM-1,0.89,PASS
P014651,CMM-1,14.03,PASS
P015412,CMM-1,17.83,PASS
P019481,CMM-1,13.82,PASS
P021288,CMM-1,-1.81,PASS
P014447,CMM-1,38.23,FAIL
P019858,CMM-1,9.24,PASS
P023876,CMM-2,8.99,PASS
P017696,CMM-1,19.7,PASS
P014707,CMM-1,3.24,PASS
P017799,CMM-1,8.83,PASS
P018480,CMM-1,2.52,PASS
P021956,CMM-1,21.79,PASS
P018462,CMM-1,5.79,PASS
P014734,CMM-1,-7.85,PASS
P021292,CMM-1,-19.5,PASS
P019822,CMM-2,4.1,PASS
P022560,CMM-1,15.35,PASS
P018553,CMM-1,2.09,PASS
P019689,CMM-2,12.23,PASS
P016104,CMM-1,2.6,PASS
P012844,CMM-2,-4.41,PASS
P016648,CMM-1,-0.38,PASS
P015120,CMM-2,-18.73,PASS
P017868,CMM-1,15.28,PASS
P017235,CMM-1,-11.33,PASS
P023286,CMM-1,29.36,PASS
P016155,CMM-1,27.84,PASS
P015257,CMM-1,-4.77,PASS
P018919,CMM-1,1.7,PASS
P019335,CMM-1,-3.66,PASS
P015761,CMM-1,25.58,PASS
P016728,CMM-1,24.15,PASS
P019887,CMM-1,-20.44,PASS
P017056,CMM-1,22.29,PASS
P019403,CMM-1,35.6,PASS
P017484,CMM-1,17.07,PASS
P015031,CMM-1,18.43,PASS
P018464,CMM-1,8.64,PASS
P016465,CMM-1,0.2,PASS
P020782,CMM-1,14.83,PASS
P021655,CMM-1,1.68,PASS
P015941,CMM-1,1.72,PASS
P012803,CMM-1,0.33,PASS
P014177,CMM-1,31.27,PASS
P021944,CMM-1,14.83,PASS
P014705,CMM-1,4.88,PASS
P023816,CMM-1,3.65,PASS
P016982,CMM-1,3.31,PASS
P017899,CMM-1,-8.42,PASS
P014903,CMM-1,20.88,PASS
P023450,CMM-1,1.19,PASS
P022002,CMM-1,-1.71,PASS
P015875,CMM-1,4.13,PASS
P015915,CMM-1,35.83,PASS
P021204,CMM-1,12.19,PASS
P021495,CMM-1,14.03,PASS
P015439,CMM-1,20.62,PASS
P023234,CMM-1,25.85,PASS
P019885,CMM-1,4.08,PASS
P016279,CMM-1,7.03,PASS
P019563,CMM-1,5.04,PASS
P013693,CMM-1,-3.01,PASS
P015429,CMM-1,-1.64,PASS
P016353,CMM-1,16.37,PASS
P021376,CMM-2,-26.61,PASS
P016082,CMM-2,15.66,PASS
P020892,CMM-1,26.0,PASS
P021725,CMM-1,10.9,PASS
P023044,CMM-1,34.38,PASS
P013462,CMM-1,10.96,PASS
P020215,CMM-1,-1.33,PASS
P023379,CMM-1,23.24,PASS
P015764,CMM-2,11.95,PASS
P013460,CMM-1,-12.17,PASS
P014256,CMM-1,0.55,PASS
P021862,CMM-1,13.92,PASS
P017569,CMM-1,7.71,PASS
P012294,CMM-2,20.84,PASS
P023996,CMM-1,21.37,PASS
P017226,CMM-2,29.39,PASS
P023888,CMM-1,11.56,PASS
P017308,CMM-2,4.62,PASS
P012800,CMM-1,-12.08,PASS
P016064,CMM-1,9.24,PASS
P019800,CMM-2,7.8,PASS
P017519,CMM-2,-25.57,PASS
P014985,CMM-1,38.38,FAIL
P014420,CMM-2,12.09,PASS
P023359,CMM-1,8.52,PASS
P023008,CMM-2,-19.55,PASS
P022310,CMM-1,10.24,PASS
P022823,CMM-2,30.1,PASS
P017909,CMM-1,-5.74,PASS
P014411,CMM-1,9.02,PASS
P019842,CMM-1,14.92,PASS
P020207,CMM-2,4.25,PASS
P020767,CMM-2,-2.22,PASS
P020456,CMM-1,7.41,PASS
P014874,CMM-2,10.65,PASS
P017896,CMM-1,15.16,PASS
P020836,CMM-1,23.77,PASS
P020697,CMM-1,16.71,PASS
P020030,CMM-1,2.31,PASS
P015001,CMM-1,12.84,PASS
P014120,CMM-1,1.9,PASS
P012863,CMM-2,-22.33,PASS
P016052,CMM-1,19.99,PASS
P021854,CMM-1,11.71,PASS
P019201,CMM-2,9.4,PASS
P017887,CMM-1,31.67,PASS
P013438,CMM-1,-8.93,PASS
P022794,CMM-2,-35.35,FAIL
P020409,CMM-2,3.09,PASS
P019388,CMM-1,0.16,PASS
P022652,CMM-1,5.66,PASS
P020121,CMM-1,3.47,PASS
P022512,CMM-1,16.05,PASS
P020389,CMM-1,7.99,PASS
P020887,CMM-1,12.19,PASS
P018808,CMM-1,12.64,PASS
P015403,CMM-1,21.17,PASS
P023731,CMM-1,26.32,PASS
P021749,CMM-1,31.23,PASS
P014909,CMM-1,-3.3,PASS
P018168,CMM-1,3.87,PASS
P015689,CMM-2,9.7,PASS
P017277,CMM-1,9.1,PASS
P018543,CMM-1,26.51,PASS
P018369,CMM-1,19.26,PASS
P020445,CMM-1,-4.93,PASS
P021068,CMM-1,11.76,PASS
P015565,CMM-1,-4.98,PASS
P020752,CMM-1,-8.14,PASS
P014309,CMM-1,5.21,PASS
P016586,CMM-1,12.37,PASS
P012136,CMM-1,23.66,PASS
P013696,CMM-2,15.89,PASS
P015353,CMM-1,14.94,PASS
P018502,CMM-1,28.4,PASS
P018366,CMM-1,27.84,PASS
P019054,CMM-1,-10.07,PASS
P012266,CMM-1,25.8,PASS
P019340,CMM-2,8.89,PASS
P016218,CMM-1,15.53,PASS
P021839,CMM-1,5.5,PASS
P013501,CMM-2,2.15,PASS
P022605,CMM-1,25.33,PASS
P016654,CMM-1,20.44,PASS
P023350,CMM-2,-8.83,PASS
P023744,CMM-1,13.79,PASS
P021845,CMM-1,-0.86,PASS
P018212,CMM-1,40.13,FAIL
P017368,CMM-2,28.34,PASS
P012483,CMM-2,25.33,PASS
P012285,CMM-2,-1.98,PASS
P021195,CMM-1,15.92,PASS
P020614,CMM-2,-1.26,PASS
P023142,CMM-1,-12.21,PASS
P015124,CMM-1,4.29,PASS
P023796,CMM-1,13.96,PASS
P020914,CMM-2,13.77,PASS
P020020,CMM-2,-14.17,PASS
P017961,CMM-1,-0.83,PASS
P023710,CMM-1,-12.42,PASS
P012312,CMM-1,32.07,PASS
P023548,CMM-1,3.77,PASS
P023599,CMM-1,6.18,PASS
P015737,CMM-1,1.42,PASS
P023622,CMM-1,0.22,PASS
P020118,CMM-2,4.99,PASS
P021683,CMM-1,-8.02,PASS
P014110,CMM-2,-6.22,PASS
P018544,CMM-1,22.42,PASS
P013972,CMM-1,37.74,PASS
P012675,CMM-1,17.85,PASS
P013649,CMM-1,6.67,PASS
P014415,CMM-1,0.62,PASS
P022952,CMM-1,9.31,PASS
P012432,CMM-1,5.14,PASS
P014218,CMM-1,2.86,PASS
P016244,CMM-1,25.49,PASS
P022765,CMM-1,15.36,PASS
P018414,CMM-1,22.07,PASS
P012769,CMM-2,-12.86,PASS
P015441,CMM-2,16.92,PASS
P017114,CMM-1,33.67,PASS
P019303,CMM-1,-2.04,PASS
P020241,CMM-1,12.87,PASS
P018428,CMM-2,-11.9,PASS
P015024,CMM-1,40.58,FAIL
P019758,CMM-1,14.01,PASS
P013095,CMM-2,-1.67,PASS
P021072,CMM-1,-6.81,PASS
P023885,CMM-1,7.02,PASS
P020455,CMM-1,17.25,PASS
P023076,CMM-1,21.89,PASS
P020581,CMM-2,16.23,PASS
P017457,CMM-2,-0.11,PASS
P021538,CMM-2,3.1,PASS
P015588,CMM-1,37.19,PASS
P023600,CMM-1,11.7,PASS
P022200,CMM-1,-18.08,PASS
P012188,CMM-2,3.2,PASS
P020416,CMM-1,15.5,PASS
P012806,CMM-1,-5.72,PASS
P022877,CMM-1,-6.28,PASS
P019522,CMM-1,30.61,PASS
P020537,CMM-1,0.84,PASS
P023954,CMM-1,33.99,PASS
P013731,CMM-1,13.54,PASS
P018221,CMM-1,-9.37,PASS
P012830,CMM-1,0.92,PASS
P022764,CMM-1,15.86,PASS
P019400,CMM-1,-5.85,PASS
P021974,CMM-1,-8.84,PASS
P014774,CMM-1,7.14,PASS
P021810,CMM-1,12.14,PASS
P022610,CMM-1,-16.61,PASS
P017555,CMM-1,-11.0,PASS
P021115,CMM-1,3.58,PASS
P016377,CMM-2,32.78,FAIL
P013288,CMM-1,1.87,PASS
P012688,CMM-1,4.97,PASS
P020372,CMM-1,4.33,PASS
P014045,CMM-2,0.04,PASS
P014049,CMM-2,19.16,PASS
P014312,CMM-1,30.99,PASS
P022961,CMM-1,4.45,PASS
P019233,CMM-1,-6.53,PASS
P018455,CMM-2,4.96,PASS
P019935,CMM-1,4.52,PASS
P012840,CMM-1,14.75,PASS
P017724,CMM-2,12.72,PASS
P021163,CMM-1,18.26,PASS
P020181,CMM-1,0.17,PASS
P016882,CMM-1,16.84,PASS
P023878,CMM-1,17.37,PASS
P016193,CMM-1,23.06,PASS
P015556,CMM-1,27.9,PASS
P013654,CMM-1,1.31,PASS
P014113,CMM-1,30.79,PASS
P015766,CMM-1,1.19,PASS
P023856,CMM-2,11.12,PASS
P014564,CMM-1,-13.58,PASS
P022458,CMM-1,18.59,PASS
P013259,CMM-1,-0.83,PASS
P015306,CMM-2,0.63,PASS
P014658,CMM-2,-19.49,PASS
P014119,CMM-1,3.17,PASS
P022140,CMM-1,-9.12,PASS
P013436,CMM-1,-1.29,PASS
P014721,CMM-1,12.13,PASS
P018712,CMM-1,13.53,PASS
P012251,CMM-1,16.91,PASS
P013435,CMM-2,25.65,PASS
P020774,CMM-1,5.65,PASS
P012367,CMM-1,-0.57,PASS
P014423,CMM-1,8.23,PASS
P012988,CMM-1,44.88,FAIL
P012875,CMM-2,-3.22,PASS
P016794,CMM-2,8.6,PASS
P021915,CMM-1,39.09,FAIL
P018631,CMM-1,-6.16,PASS
P021523,CMM-2,12.88,PASS
P016394,CMM-2,-25.43,PASS
P023846,CMM-2,18.84,PASS
P022455,CMM-2,-11.37,PASS
P018570,CMM-1,14.69,PASS
P018894,CMM-1,0.79,PASS
P020054,CMM-1,9.41,PASS
P023519,CMM-2,-7.16,PASS
P016700,CMM-1,12.9,PASS
P017274,CMM-1,-26.69,FAIL
P020150,CMM-1,-8.73,PASS
P017156,CMM-2,-4.85,PASS
P015149,CMM-2,16.7,PASS
P013393,CMM-1,-2.43,PASS
P019510,CMM-1,-1.33,PASS
P013545,CMM-2,-12.79,PASS
P018624,CMM-1,-2.67,PASS
P021654,CMM-2,-9.17,PASS
P015463,CMM-2,4.57,PASS
P013796,CMM-1,15.49,PASS
P012082,CMM-1,3.86,PASS
P019573,CMM-1,10.13,PASS
P012357,CMM-2,4.4,PASS
P022808,CMM-1,2.18,PASS
P013219,CMM-2,16.86,PASS
P016157,CMM-2,-17.6,PASS
P013137,CMM-1,27.97,PASS
P023988,CMM-1,8.38,PASS
P016165,CMM-1,35.11,PASS
P019317,CMM-2,6.83,PASS
P021892,CMM-2,-6.99,PASS
P015617,CMM-2,26.89,PASS
P019384,CMM-2,12.07,PASS
P017140,CMM-1,12.64,PASS
P012804,CMM-1,1.41,PASS
P012884,CMM-1,13.06,PASS
P023904,CMM-1,-10.76,PASS
P017717,CMM-1,1.29,PASS
P018723,CMM-1,6.44,PASS
P023959,CMM-1,-13.7,PASS
P020449,CMM-1,31.15,PASS
P021746,CMM-2,-15.3,PASS
P021228,CMM-1,3.19,PASS
P015932,CMM-1,7.78,PASS
P015023,CMM-1,25.04,PASS
P014801,CMM-2,2.82,PASS
P015808,CMM-2,-1.82,PASS
P019166,CMM-1,-10.8,PASS
P020766,CMM-2,49.93,FAIL
P020978,CMM-1,-0.34,PASS
P019188,CMM-1,6.48,PASS
P021824,CMM-1,-6.03,PASS
P012869,CMM-2,-12.58,PASS
P017445,CMM-1,0.73,PASS
P019252,CMM-1,8.01,PASS
P023821,CMM-2,-18.37,PASS
P016334,CMM-1,1.26,PASS
P014251,CMM-1,21.71,PASS
P013695,CMM-1,33.55,PASS
P016877,CMM-1,11.93,PASS
P016707,CMM-1,29.96,PASS
P018391,CMM-2,14.79,PASS
P014209,CMM-1,2.63,PASS
P017587,CMM-1,3.12,PASS
P023157,CMM-2,-18.79,PASS
P023301,CMM-1,-3.6,PASS
P015518,CMM-2,23.35,PASS
P018091,CMM-1,18.1,PASS
P016531,CMM-1,19.19,PASS
P014563,CMM-1,2.53,PASS
P015037,CMM-1,16.98,PASS
P020543,CMM-1,37.1,PASS
P023905,CMM-1,28.62,PASS
P013846,CMM-2,18.46,PASS
P017269,CMM-2,7.42,PASS
P022810,CMM-1,-4.68,PASS
P012756,CMM-2,-15.12,PASS
P020574,CMM-1,12.44,PASS
P020700,CMM-1,18.58,PASS
P023340,CMM-2,-14.64,PASS
P013222,CMM-1,23.92,PASS
P017510,CMM-1,13.09,PASS
P021212,CMM-1,2.17,PASS
P018054,CMM-1,4.66,PASS
P017726,CMM-1,10.48,PASS
P021701,CMM-1,0.26,PASS
P021155,CMM-1,29.2,PASS
P020045,CMM-2,-4.37,PASS
P023117,CMM-1,-15.13,PASS
P018772,CMM-1,5.29,PASS
P015727,CMM-1,27.19,PASS
P015554,CMM-1,14.57,PASS
P012150,CMM-1,30.45,PASS
P020373,CMM-1,23.95,PASS
P013580,CMM-2,8.39,PASS
P017033,CMM-1,-0.32,PASS
P012205,CMM-1,8.53,PASS
P022746,CMM-1,2.72,PASS
P020775,CMM-1,14.45,PASS
P013160,CMM-1,24.12,PASS
P022152,CMM-2,-5.58,PASS
P013742,CMM-2,-4.94,PASS
P013442,CMM-1,-12.97,PASS
P022493,CMM-1,-10.66,PASS
P019110,CMM-2,0.85,PASS
P016284,CMM-1,13.47,PASS
P020381,CMM-1,24.72,PASS
P020560,CMM-1,-2.95,PASS
P012260,CMM-1,19.28,PASS
P019486,CMM-1,13.13,PASS
P013355,CMM-2,14.94,PASS
P023753,CMM-2,-0.29,PASS
P020776,CMM-1,13.95,PASS
P014755,CMM-1,29.19,PASS
P017667,CMM-2,8.61,PASS
P020852,CMM-1,-11.1,PASS
P022481,CMM-1,39.97,FAIL
P021748,CMM-2,9.57,PASS
P013961,CMM-1,3.43,PASS
P022787,CMM-2,-10.03,PASS
P018555,CMM-1,1.98,PASS
P020354,CMM-1,-11.16,PASS
P016898,CMM-1,20.8,PASS
P019441,CMM-1,26.54,PASS
P022135,CMM-1,19.53,PASS
P020866,CMM-1,12.32,PASS
P016102,CMM-2,4.03,PASS
P023568,CMM-1,10.1,PASS
P012277,CMM-2,-1.71,PASS
P019378,CMM-1,10.19,PASS
P020273,CMM-1,25.59,PASS
P018541,CMM-1,7.8,PASS
P014191,CMM-2,20.13,PASS
P015314,CMM-2,1.82,PASS
P020485,CMM-2,13.64,PASS
P012203,CMM-1,-2.18,PASS
P022249,CMM-2,16.12,PASS
P012590,CMM-1,7.74,PASS
P015999,CMM-1,-3.63,PASS
P016878,CMM-1,8.85,PASS
P023241,CMM-1,7.09,PASS
P014466,CMM-2,23.82,PASS
P018015,CMM-1,-5.48,PASS
P023997,CMM-2,19.96,PASS
P020998,CMM-1,-10.37,PASS
P013515,CMM-2,13.89,PASS
P020658,CMM-1,13.93,PASS
P021987,CMM-1,31.66,PASS
P023371,CMM-1,15.1,PASS
P023703,CMM-2,-38.66,FAIL
P012364,CMM-2,5.12,PASS
P014159,CMM-1,-0.82,PASS
P023700,CMM-1,25.02,PASS
P016198,CMM-1,14.81,PASS
P014854,CMM-1,0.87,PASS
P012973,CMM-1,27.49,PASS
P017839,CMM-1,8.52,PASS
P015431,CMM-2,14.82,PASS
P017882,CMM-1,11.31,PASS
P020675,CMM-1,16.42,PASS
P014690,CMM-1,2.63,PASS
P020890,CMM-1,20.67,PASS
P015690,CMM-1,13.04,PASS
P016945,CMM-1,24.91,PASS
P023416,CMM-1,15.16,PASS
P016148,CMM-1,-19.66,PASS
P015127,CMM-1,12.23,PASS
P018026,CMM-2,15.51,PASS
P014061,CMM-1,21.28,PASS
P013621,CMM-1,15.98,PASS
P018822,CMM-2,2.87,PASS
P014047,CMM-1,13.18,PASS
P022469,CMM-1,6.24,PASS
P016536,CMM-1,14.65,PASS
P014629,CMM-1,11.13,PASS
P020514,CMM-1,28.44,PASS
P021920,CMM-1,-3.39,PASS
P019873,CMM-2,21.06,PASS
P013682,CMM-1,39.94,FAIL
P022367,CMM-2,-28.62,PASS
P019312,CMM-2,-7.85,PASS
P018278,CMM-1,0.46,PASS
P013080,CMM-1,13.81,PASS
P021598,CMM-1,16.68,PASS
P015021,CMM-1,-3.84,PASS
P020220,CMM-2,36.78,FAIL
P019579,CMM-1,15.87,PASS
P015111,CMM-1,9.73,PASS
P019074,CMM-2,12.93,PASS
P013421,CMM-1,35.14,PASS
P022430,CMM-2,44.35,FAIL
P014780,CMM-1,12.72,PASS
P020999,CMM-1,21.86,PASS
P017531,CMM-1,4.62,PASS
P016844,CMM-1,-4.16,PASS
P021157,CMM-1,25.96,PASS
P018228,CMM-2,-14.36,PASS
P022219,CMM-2,15.83,PASS
P021182,CMM-2,-29.77,FAIL
P012098,CMM-1,6.08,PASS
P020631,CMM-1,-2.98,PASS
P017915,CMM-1,24.55,PASS
P015861,CMM-1,1.5,PASS
P022021,CMM-1,18.27,PASS
P021475,CMM-1,28.97,PASS
P016226,CMM-1,-3.29,PASS
P019290,CMM-1,-13.5,PASS
P017454,CMM-1,13.75,PASS
P013570,CMM-1,9.33,PASS
P018152,CMM-1,26.46,PASS
P015729,CMM-1,21.5,PASS
P018574,CMM-1,34.53,PASS
P018956,CMM-2,19.26,PASS
P020781,CMM-1,7.5,PASS
P023303,CMM-1,17.43,PASS
P019257,CMM-1,-4.39,PASS
P023867,CMM-2,-7.33,PASS
P021537,CMM-1,2.58,PASS
P017686,CMM-1,1.91,PASS
P021420,CMM-1,5.28,PASS
P017624,CMM-2,-1.32,PASS
P012801,CMM-2,3.91,PASS
P022880,CMM-2,-3.39,PASS
P018395,CMM-1,-3.4,PASS
P017043,CMM-1,29.16,PASS
P012745,CMM-2,-2.42,PASS
P017875,CMM-1,-2.32,PASS
P023761,CMM-1,-8.13,PASS
P014648,CMM-2,-8.84,PASS
P018746,CMM-1,10.74,PASS
P019493,CMM-1,7.14,PASS
P023651,CMM-1,22.38,PASS
P021099,CMM-1,1.11,PASS
P012239,CMM-1,25.86,PASS
P022628,CMM-1,10.69,PASS
P015331,CMM-2,-14.24,PASS
P015760,CMM-1,25.53,PASS
P021823,CMM-2,-17.19,PASS
P012686,CMM-1,8.62,PASS
P021230,CMM-1,-3.92,PASS
P013474,CMM-1,2.93,PASS
P017453,CMM-1,10.63,PASS
P023386,CMM-1,3.16,PASS
P020944,CMM-2,7.35,PASS
P020475,CMM-1,-16.2,PASS
P013411,CMM-2,-25.86,PASS
P018353,CMM-2,10.91,PASS
P019309,CMM-1,-9.33,PASS
P014562,CMM-1,-8.87,PASS
P014505,CMM-1,17.5,PASS
P016516,CMM-1,21.97,PASS
P017144,CMM-2,-3.49,PASS
P022411,CMM-1,5.31,PASS
P016223,CMM-1,-8.24,PASS
P014118,CMM-1,14.92,PASS
P015614,CMM-2,-18.47,PASS
P016571,CMM-1,8.86,PASS
P014254,CMM-2,22.59,PASS
P013254,CMM-1,2.29,PASS
P018599,CMM-1,17.01,PASS
P022653,CMM-1,4.95,PASS
P019700,CMM-2,21.65,PASS
P016781,CMM-1,-0.09,PASS
P018306,CMM-1,-3.03,PASS
P023812,CMM-2,31.39,FAIL
P012571,CMM-2,7.75,PASS
P016140,CMM-1,3.93,PASS
P019777,CMM-1,3.35,PASS
P014017,CMM-1,6.68,PASS
P019654,CMM-1,32.82,PASS
P019945,CMM-1,7.76,PASS
P018888,CMM-1,8.91,PASS
P012939,CMM-2,9.84,PASS
P012835,CMM-1,19.86,PASS
P020112,CMM-1,-0.72,PASS
P014615,CMM-1,14.82,PASS
P022700,CMM-1,14.45,PASS
P017396,CMM-2,-22.65,PASS
P023505,CMM-2,2.28,PASS
P014880,CMM-2,-25.12,PASS
P018926,CMM-2,-9.11,PASS
P022956,CMM-1,37.85,FAIL
P023422,CMM-1,16.95,PASS
P022944,CMM-2,6.25,PASS
P014476,CMM-1,40.02,FAIL
P022581,CMM-1,12.92,PASS
P013406,CMM-1,1.98,PASS
P020297,CMM-1,11.86,PASS
P018380,CMM-2,12.79,PASS
P020590,CMM-1,-5.46,PASS
P018008,CMM-1,13.58,PASS
P019757,CMM-2,11.93,PASS
P018326,CMM-1,26.68,PASS
P015833,CMM-1,-20.37,PASS
P012172,CMM-1,5.6,PASS
P015360,CMM-1,-24.22,FAIL
P021282,CMM-1,18.95,PASS
P016081,CMM-1,2.97,PASS
P014852,CMM-1,16.36,PASS
P021100,CMM-1,2.6,PASS
P012164,CMM-1,3.41,PASS
P016088,CMM-2,-12.62,PASS
P020934,CMM-1,12.38,PASS
P012887,CMM-1,13.89,PASS
P023061,CMM-1,3.49,PASS
P013210,CMM-1,40.52,FAIL
P015969,CMM-1,-9.19,PASS
P018478,CMM-1,7.56,PASS
P016736,CMM-2,30.83,FAIL
P012820,CMM-2,-3.57,PASS
P014032,CMM-1,24.57,PASS
P020344,CMM-1,32.58,PASS
P016341,CMM-1,-0.54,PASS
P015789,CMM-1,41.62,FAIL
P020272,CMM-1,3.33,PASS
P017941,CMM-1,1.02,PASS
P017223,CMM-2,-16.01,PASS
P023356,CMM-1,-14.22,PASS
P021741,CMM-1,-12.88,PASS
P022774,CMM-2,-10.63,PASS
P021181,CMM-2,-17.63,PASS
P020991,CMM-1,-11.28,PASS
P012981,CMM-2,12.05,PASS
P023685,CMM-2,-3.86,PASS
P019304,CMM-1,36.27,PASS
P016834,CMM-1,-3.78,PASS
P016843,CMM-2,-4.47,PASS
P013780,CMM-1,8.7,PASS
P013346,CMM-2,-14.02,PASS
P019185,CMM-1,8.43,PASS
P017352,CMM-1,-2.9,PASS
P020635,CMM-1,21.2,PASS
P022093,CMM-1,-0.98,PASS
P017544,CMM-1,14.66,PASS
P023769,CMM-2,12.14,PASS
P018479,CMM-2,-3.34,PASS
P020046,CMM-1,11.3,PASS
P021492,CMM-1,-0.32,PASS
P017495,CMM-1,7.13,PASS
P017579,CMM-1,23.64,PASS
P021298,CMM-1,18.98,PASS
P017506,CMM-2,-2.7,PASS
P017322,CMM-2,16.25,PASS
P013565,CMM-1,17.46,PASS
P020561,CMM-1,4.41,PASS
P015040,CMM-1,16.1,PASS
P017091,CMM-1,16.07,PASS
P012426,CMM-1,16.94,PASS
P020741,CMM-2,-11.16,PASS
P020178,CMM-2,-6.49,PASS
P019189,CMM-1,0.12,PASS
P013773,CMM-1,23.8,PASS
P023551,CMM-1,-2.93,PASS
P021247,CMM-1,12.93,PASS
P013325,CMM-2,7.1,PASS
P023809,CMM-1,4.46,PASS
P020840,CMM-1,27.24,PASS
P023280,CMM-1,7.42,PASS
P020508,CMM-1,14.03,PASS
P014506,CMM-1,11.38,PASS
P020348,CMM-2,-10.48,PASS
P014008,CMM-2,19.52,PASS
P022318,CMM-2,0.71,PASS
P013769,CMM-2,-9.53,PASS
P019498,CMM-1,-20.36,PASS
P023842,CMM-1,-9.38,PASS
P016463,CMM-2,-25.9,PASS
P023972,CMM-1,-0.73,PASS
P021461,CMM-1,-8.42,PASS
P017504,CMM-1,3.82,PASS
P013020,CMM-1,5.81,PASS
P012515,CMM-1,18.22,PASS
P014792,CMM-1,-5.41,PASS
P014692,CMM-1,-1.08,PASS
P020063,CMM-1,19.34,PASS
P023970,CMM-1,3.55,PASS
P022406,CMM-2,-1.6,PASS
P015177,CMM-2,-0.96,PASS
P014795,CMM-1,-13.25,PASS
P022978,CMM-1,10.28,PASS
P012099,CMM-2,-5.45,PASS
P013041,CMM-1,10.37,PASS
P014731,CMM-2,19.24,PASS
P022079,CMM-2,-1.98,PASS
P014866,CMM-1,-21.52,PASS
P016386,CMM-1,28.71,PASS
P015813,CMM-2,10.38,PASS
P015185,CMM-2,-27.66,PASS
P021190,CMM-1,-2.9,PASS
P015657,CMM-2,15.24,PASS
P018953,CMM-1,31.49,PASS
P023432,CMM-2,5.68,PASS
P020652,CMM-1,23.09,PASS
P021067,CMM-1,3.88,PASS
P017734,CMM-1,17.28,PASS
P017783,CMM-1,19.63,PASS
P016520,CMM-2,19.46,PASS
P013202,CMM-1,34.82,PASS
P017982,CMM-2,-6.78,PASS
P012617,CMM-2,-16.73,PASS
P014287,CMM-1,19.04,PASS
P018865,CMM-2,12.48,PASS
P013755,CMM-1,-3.38,PASS
P015047,CMM-1,2.05,PASS
P020153,CMM-2,16.02,PASS
P018105,CMM-1,-0.15,PASS
P014487,CMM-1,-6.72,PASS
P021517,CMM-1,-13.63,PASS
P021407,CMM-1,4.58,PASS
P020007,CMM-2,-13.08,PASS
P016646,CMM-1,2.02,PASS
P016468,CMM-1,8.1,PASS
P016196,CMM-2,18.59,PASS
P019022,CMM-1,17.36,PASS
P014720,CMM-2,-1.42,PASS
P016084,CMM-1,19.9,PASS
P022933,CMM-2,2.1,PASS
P012022,CMM-1,-8.26,PASS
P020996,CMM-1,7.51,PASS
P014305,CMM-1,31.11,PASS
P019747,CMM-1,-13.5,PASS
P020874,CMM-2,9.58,PASS
P017536,CMM-1,21.74,PASS
P023347,CMM-1,19.37,PASS
P022201,CMM-1,-24.44,FAIL
P019075,CMM-1,10.78,PASS
P014387,CMM-2,-8.2,PASS
P014146,CMM-1,-20.76,PASS
P017278,CMM-1,3.37,PASS
P017023,CMM-1,1.88,PASS
P018141,CMM-1,37.26,PASS
P020785,CMM-1,3.08,PASS
P013601,CMM-1,30.56,PASS
P021858,CMM-2,2.38,PASS
P012899,CMM-1,3.4,PASS
P015115,CMM-1,-1.11,PASS
P020636,CMM-1,14.22,PASS
P017549,CMM-1,25.78,PASS
P015561,CMM-2,-14.36,PASS
P012754,CMM-1,9.8,PASS
P015838,CMM-2,3.84,PASS
P013418,CMM-1,1.63,PASS
P017755,CMM-1,9.35,PASS
P013971,CMM-1,-16.15,PASS
P021284,CMM-1,-2.82,PASS
P013424,CMM-2,17.62,PASS
P017981,CMM-1,11.82,PASS
P018799,CMM-1,-3.39,PASS
P018005,CMM-1,-11.75,PASS
P013593,CMM-2,-3.61,PASS
P014746,CMM-2,27.3,PASS
P012523,CMM-1,13.41,PASS
P019237,CMM-1,11.54,PASS
P023173,CMM-1,-0.51,PASS
P019322,CMM-2,8.74,PASS
P015592,CMM-2,-16.82,PASS
P019965,CMM-1,22.37,PASS
P016281,CMM-1,10.48,PASS
P021747,CMM-2,0.24,PASS
P019622,CMM-2,-4.43,PASS
P016451,CMM-1,0.43,PASS
P018430,CMM-1,-9.36,PASS
P018257,CMM-2,-5.88,PASS
P021885,CMM-1,14.16,PASS
P021399,CMM-1,8.02,PASS
P023190,CMM-1,12.55,PASS
P013163,CMM-1,17.94,PASS
P012668,CMM-2,-13.84,PASS
P019013,CMM-2,12.91,PASS
P013083,CMM-1,-7.35,PASS
P021272,CMM-1,3.29,PASS
P022393,CMM-2,3.7,PASS
P021694,CMM-1,6.66,PASS
P019665,CMM-1,1.01,PASS
P022087,CMM-1,-0.46,PASS
P021779,CMM-2,13.89,PASS
P020038,CMM-1,20.76,PASS
P017331,CMM-1,15.73,PASS
P016683,CMM-2,23.71,PASS
P019295,CMM-1,25.29,PASS
P017574,CMM-2,-19.93,PASS
P018975,CMM-1,-5.06,PASS
P016502,CMM-1,7.21,PASS
P019217,CMM-2,-10.31,PASS
P015494,CMM-1,6.22,PASS
P016872,CMM-1,11.49,PASS
P013623,CMM-1,12.97,PASS
P019847,CMM-1,-7.88,PASS
P013566,CMM-1,26.41,PASS
P015066,CMM-1,20.74,PASS
P016467,CMM-1,-8.08,PASS
P017284,CMM-1,11.8,PASS
P014679,CMM-2,27.27,PASS
P021500,CMM-1,-4.03,PASS
P023428,CMM-1,-7.57,PASS
P014888,CMM-1,21.19,PASS
P021515,CMM-2,-20.02,PASS
P021276,CMM-1,-5.39,PASS
P013980,CMM-2,-4.16,PASS
P019438,CMM-1,24.07,PASS
P023995,CMM-1,33.07,PASS
P021372,CMM-1,19.88,PASS
P015116,CMM-1,26.52,PASS
P020546,CMM-1,-2.76,PASS
P021213,CMM-1,-8.34,PASS
P013404,CMM-1,37.8,PASS
P016111,CMM-2,0.09,PASS
P022442,CMM-2,-6.02,PASS
P020321,CMM-2,14.65,PASS
P022339,CMM-1,9.3,PASS
P018058,CMM-2,22.33,PASS
P021510,CMM-1,14.67,PASS
P019240,CMM-1,2.09,PASS
P014029,CMM-1,-6.04,PASS
P022640,CMM-1,21.25,PASS
P023908,CMM-1,13.73,PASS
P016434,CMM-2,-18.36,PASS
P013748,CMM-1,-10.87,PASS
P018697,CMM-1,14.35,PASS
P021274,CMM-2,-0.94,PASS
P018747,CMM-1,19.43,PASS
P013218,CMM-2,17.71,PASS
P022108,CMM-1,15.35,PASS
P016444,CMM-2,-7.45,PASS
P020945,CMM-1,-1.14,PASS
P020628,CMM-1,-13.32,PASS
P022388,CMM-1,3.98,PASS
P022018,CMM-1,19.05,PASS
P019910,CMM-1,4.81,PASS
P013266,CMM-1,-5.39,PASS
P012718,CMM-2,-11.49,PASS
P022229,CMM-1,-10.14,PASS
P020784,CMM-1,12.2,PASS
P019917,CMM-1,16.69,PASS
P015102,CMM-1,13.17,PASS
P016356,CMM-2,19.74,PASS
P019131,CMM-1,-2.39,PASS
P013616,CMM-1,13.39,PASS
P022684,CMM-2,16.15,PASS
P012155,CMM-1,7.77,PASS
P021097,CMM-1,-0.56,PASS
P023423,CMM-1,2.46,PASS
P017088,CMM-1,26.7,PASS
P017554,CMM-1,13.31,PASS
P017742,CMM-1,30.37,PASS
P016578,CMM-1,28.94,PASS
P015967,CMM-2,17.26,PASS
P015995,CMM-1,-13.33,PASS
P020264,CMM-1,24.82,PASS
P012015,CMM-2,1.72,PASS
P015405,CMM-1,23.04,PASS
P021317,CMM-2,27.04,PASS
P020665,CMM-2,-0.8,PASS
P016051,CMM-1,17.46,PASS
P018573,CMM-2,1.66,PASS
P014180,CMM-1,24.03,PASS
P014894,CMM-2,-22.07,PASS
P019187,CMM-1,6.02,PASS
P020732,CMM-2,0.15,PASS
P016402,CMM-1,20.28,PASS
P013100,CMM-1,21.38,PASS
P020654,CMM-1,-5.22,PASS
P019752,CMM-1,3.37,PASS
P019593,CMM-1,38.75,FAIL
P012861,CMM-2,3.06,PASS
P014064,CMM-1,4.26,PASS
P017015,CMM-1,1.99,PASS
P014632,CMM-1,13.31,PASS
P019854,CMM-1,32.18,PASS
P019411,CMM-1,0.81,PASS
P017200,CMM-1,26.95,PASS
P023097,CMM-1,-16.66,PASS
P021816,CMM-1,26.75,PASS
P014550,CMM-2,12.48,PASS
P022911,CMM-2,-5.47,PASS
P022238,CMM-1,15.0,PASS
P022234,CMM-1,8.15,PASS
P012606,CMM-1,-0.71,PASS
P018086,CMM-1,13.64,PASS
P023928,CMM-1,-3.57,PASS
P017178,CMM-1,2.35,PASS
P019608,CMM-1,20.08,PASS
P019021,CMM-1,14.46,PASS
P017735,CMM-1,-8.35,PASS
P014262,CMM-1,-2.74,PASS
P019476,CMM-1,0.29,PASS
P017589,CMM-1,15.41,PASS
P021452,CMM-1,19.12,PASS
P019358,CMM-1,8.29,PASS
P017513,CMM-1,7.31,PASS
P013213,CMM-1,11.46,PASS
P016560,CMM-1,15.23,PASS
P013603,CMM-2,21.43,PASS
P015799,CMM-1,32.98,PASS
P017920,CMM-1,36.41,PASS
P021930,CMM-1,-12.62,PASS
P022283,CMM-1,-7.43,PASS
P018249,CMM-1,6.56,PASS
P013022,CMM-1,13.94,PASS
P018165,CMM-1,3.59,PASS
P018103,CMM-1,8.69,PASS
P018750,CMM-2,-4.33,PASS
P020886,CMM-1,11.32,PASS
P018887,CMM-1,13.24,PASS
P018565,CMM-2,15.57,PASS
P017166,CMM-2,-13.11,PASS
P021896,CMM-1,18.31,PASS
P023248,CMM-1,23.43,PASS
P016887,CMM-2,-6.96,PASS
P014248,CMM-2,-11.13,PASS
P012714,CMM-2,-0.8,PASS
P018094,CMM-1,23.18,PASS
P022634,CMM-1,7.15,PASS
P018719,CMM-1,13.95,PASS
P016460,CMM-2,4.89,PASS
P017666,CMM-2,-19.98,PASS
P019874,CMM-1,17.63,PASS
P012725,CMM-1,-7.89,PASS
P023686,CMM-1,2.04,PASS
P013722,CMM-1,-5.17,PASS
P020884,CMM-1,10.04,PASS
P021983,CMM-1,24.56,PASS
P017943,CMM-2,19.29,PASS
P015069,CMM-1,0.15,PASS
P015583,CMM-2,25.54,PASS
P023052,CMM-1,17.26,PASS
P023401,CMM-1,15.98,PASS
P013315,CMM-1,4.51,PASS
P020819,CMM-1,33.96,PASS
P023367,CMM-1,-0.06,PASS
P015330,CMM-1,9.26,PASS
P012085,CMM-1,9.45,PASS
P013150,CMM-1,11.59,PASS
P013390,CMM-1,8.63,PASS
P018740,CMM-1,26.45,PASS
P022257,CMM-2,2.73,PASS
P022306,CMM-1,9.68,PASS
P023910,CMM-1,16.41,PASS
P012984,CMM-1,12.64,PASS
P012280,CMM-1,-24.94,FAIL
P017709,CMM-1,7.92,PASS
P019637,CMM-1,8.25,PASS
P015546,CMM-1,-17.42,PASS
P020320,CMM-1,30.65,PASS
P018817,CMM-2,16.13,PASS
P019761,CMM-2,-10.06,PASS
P023987,CMM-1,8.49,PASS
P019208,CMM-2,-4.43,PASS
P021126,CMM-2,5.73,PASS
P016732,CMM-1,27.88,PASS
P013521,CMM-1,29.99,PASS
P016125,CMM-1,-15.42,PASS
P023666,CMM-2,-14.25,PASS
P012445,CMM-2,-8.33,PASS
P018523,CMM-2,20.28,PASS
P017032,CMM-2,-6.83,PASS
P022126,CMM-1,-0.49,PASS
P022417,CMM-1,37.03,PASS
P017336,CMM-1,47.41,FAIL
P021112,CMM-1,2.55,PASS
P019234,CMM-1,0.91,PASS
P018322,CMM-2,-1.87,PASS
P012263,CMM-1,4.56,PASS
P018341,CMM-2,-6.63,PASS
P021419,CMM-1,26.76,PASS
P019247,CMM-2,2.76,PASS
P023453,CMM-1,-8.73,PASS
P021043,CMM-1,-2.72,PASS
P023591,CMM-1,25.22,PASS
P019946,CMM-1,-7.75,PASS
P015896,CMM-1,-15.44,PASS
P012160,CMM-1,9.48,PASS
P021814,CMM-1,29.03,PASS
P016078,CMM-1,30.72,PASS
P017464,CMM-1,14.62,PASS
P014642,CMM-1,22.77,PASS
P013732,CMM-1,7.57,PASS
P019416,CMM-1,16.57,PASS
P013689,CMM-1,24.23,PASS
P019120,CMM-1,19.43,PASS
P023016,CMM-2,-1.8,PASS
P013005,CMM-1,17.47,PASS
P014840,CMM-1,-10.87,PASS
P023837,CMM-1,9.27,PASS
P023922,CMM-1,-5.65,PASS
P015096,CMM-1,-14.54,PASS
P021576,CMM-2,6.1,PASS
P016060,CMM-1,32.84,PASS
P014268,CMM-1,15.02,PASS
P023272,CMM-1,26.83,PASS
P023338,CMM-1,13.12,PASS
P012542,CMM-1,7.95,PASS
P015286,CMM-1,2.14,PASS
P014627,CMM-1,26.12,PASS
P019402,CMM-1,0.55,PASS
P014560,CMM-2,8.73,PASS
P017155,CMM-1,-1.59,PASS
P016792,CMM-2,-13.72,PASS
P021890,CMM-1,-4.18,PASS
P023221,CMM-1,19.62,PASS
P019944,CMM-1,16.47,PASS
P021645,CMM-1,-5.29,PASS
P017796,CMM-2,4.05,PASS
P022414,CMM-1,-13.81,PASS
P022701,CMM-2,3.1,PASS
P013967,CMM-1,14.27,PASS
P018649,CMM-1,20.42,PASS
P016975,CMM-2,8.27,PASS
P018423,CMM-1,3.74,PASS
P016757,CMM-1,5.2,PASS
P022538,CMM-1,-1.7,PASS
P022612,CMM-1,10.92,PASS
P020600,CMM-1,2.42,PASS
P020867,CMM-1,23.83,PASS
P017289,CMM-1,5.43,PASS
P013762,CMM-1,28.74,PASS
P018612,CMM-1,23.77,PASS
P012992,CMM-1,-0.92,PASS
P021377,CMM-1,10.53,PASS
P019145,CMM-1,30.11,PASS
P014078,CMM-1,39.07,FAIL
P016585,CMM-1,1.72,PASS
P018741,CMM-2,-8.4,PASS
P013398,CMM-1,-20.53,PASS
P012064,CMM-1,12.07,PASS
P013188,CMM-2,11.2,PASS
P020417,CMM-1,0.97,PASS
P012478,CMM-2,0.97,PASS
P015693,CMM-1,18.94,PASS
P023815,CMM-1,-20.81,PASS
P021579,CMM-1,28.02,PASS
P022649,CMM-1,8.69,PASS
P020069,CMM-1,3.01,PASS
P015950,CMM-2,7.68,PASS
P020643,CMM-1,25.11,PASS
P014890,CMM-1,16.82,PASS
P018487,CMM-1,0.9,PASS
P014033,CMM-1,1.63,PASS
P021001,CMM-2,11.62,PASS
P015019,CMM-1,19.24,PASS
P017860,CMM-2,2.74,PASS
P012162,CMM-1,24.47,PASS
P012652,CMM-1,9.73,PASS
P016749,CMM-1,19.23,PASS
P014665,CMM-1,-0.57,PASS
P018962,CMM-1,-4.22,PASS
P021883,CMM-2,10.76,PASS
P015842,CMM-1,18.91,PASS
P016183,CMM-1,-5.28,PASS
P018734,CMM-2,12.62,PASS
P013044,CMM-1,8.84,PASS
P018277,CMM-2,12.46,PASS
P012599,CMM-2,9.24,PASS
P019004,CMM-1,-31.06,FAIL
P013525,CMM-1,20.31,PASS
P013959,CMM-1,27.7,PASS
P013395,CMM-2,3.77,PASS
P015197,CMM-1,6.93,PASS
P020136,CMM-1,10.41,PASS
P014495,CMM-1,-16.12,PASS
P020082,CMM-1,-10.05,PASS
P012454,CMM-1,14.64,PASS
P021258,CMM-2,-14.07,PASS
P013947,CMM-2,26.07,PASS
P020074,CMM-1,22.31,PASS
P023661,CMM-1,23.45,PASS
P017787,CMM-1,18.08,PASS
P014350,CMM-1,20.16,PASS
P018592,CMM-1,-12.31,PASS
P023464,CMM-2,-5.18,PASS
P021482,CMM-1,50.2,FAIL
P021392,CMM-2,6.03,PASS
P012808,CMM-1,25.94,PASS
P012497,CMM-1,-2.4,PASS
P016652,CMM-1,12.95,PASS
P016230,CMM-1,18.65,PASS
P022207,CMM-2,21.2,PASS
P022470,CMM-1,-18.27,PASS
P023275,CMM-1,49.48,FAIL
P018902,CMM-2,-23.5,PASS
P012036,CMM-1,8.38,PASS
P018070,CMM-1,26.4,PASS
P023633,CMM-1,4.85,PASS
P014181,CMM-1,24.31,PASS
P019598,CMM-1,-15.57,PASS
P019407,CMM-1,12.86,PASS
P016769,CMM-1,14.56,PASS
P019914,CMM-1,-0.33,PASS
P018203,CMM-1,-12.48,PASS
P016666,CMM-1,6.52,PASS
P023015,CMM-1,3.43,PASS
P015931,CMM-1,-7.02,PASS
P017321,CMM-1,19.03,PASS
P016385,CMM-2,4.52,PASS
P013888,CMM-2,0.62,PASS
P021926,CMM-1,11.73,PASS
P015505,CMM-1,26.77,PASS
P023375,CMM-1,29.39,PASS
P022242,CMM-1,7.82,PASS
P018309,CMM-2,1.63,PASS
P023945,CMM-1,13.12,PASS
P012901,CMM-2,28.36,PASS
P020005,CMM-1,-1.61,PASS
P022379,CMM-1,8.57,PASS
P023835,CMM-2,23.31,PASS
P019062,CMM-1,3.26,PASS
P015515,CMM-1,-6.62,PASS
P021692,CMM-1,6.51,PASS
P020442,CMM-2,-30.25,FAIL
P014134,CMM-1,34.91,PASS
P018080,CMM-1,7.94,PASS
P012104,CMM-1,9.07,PASS
P017131,CMM-1,5.77,PASS
P022132,CMM-1,11.12,PASS
P023869,CMM-1,-10.38,PASS
P019614,CMM-1,-6.6,PASS
P014725,CMM-1,13.81,PASS
P019064,CMM-1,4.12,PASS
P013171,CMM-1,29.16,PASS
P019436,CMM-1,12.77,PASS
P016668,CMM-1,3.6,PASS
P021342,CMM-1,-6.7,PASS
P017845,CMM-1,8.79,PASS
P022824,CMM-1,7.35,PASS
P015298,CMM-2,22.18,PASS
P020334,CMM-1,28.17,PASS
P022151,CMM-1,9.31,PASS
P016918,CMM-1,11.86,PASS
P014186,CMM-1,1.18,PASS
P019685,CMM-1,16.18,PASS
P018470,CMM-2,19.99,PASS
P014882,CMM-1,6.69,PASS
P023740,CMM-1,19.97,PASS
P019732,CMM-1,-14.77,PASS
P013743,CMM-2,32.83,FAIL
P015282,CMM-1,-9.86,PASS
P012758,CMM-1,37.17,PASS
P019027,CMM-2,-12.2,PASS
P013397,CMM-1,18.15,PASS
P012812,CMM-2,12.88,PASS
P014618,CMM-2,3.85,PASS
P018357,CMM-2,-22.11,PASS
P014835,CMM-2,3.89,PASS
P017898,CMM-2,-5.58,PASS
P012597,CMM-2,-9.72,PASS
P012619,CMM-1,-19.0,PASS
P020924,CMM-1,-3.21,PASS
P023270,CMM-1,-8.98,PASS
P015622,CMM-1,13.52,PASS
P018509,CMM-1,0.36,PASS
P014586,CMM-1,26.8,PASS
P014052,CMM-2,7.34,PASS
P017987,CMM-2,-2.06,PASS
P014711,CMM-1,50.27,FAIL
P023578,CMM-1,12.97,PASS
P018519,CMM-2,3.45,PASS
P021734,CMM-1,-5.78,PASS
P019683,CMM-1,8.69,PASS
P022781,CMM-2,18.22,PASS
P012541,CMM-1,-28.52,FAIL
P015698,CMM-1,-10.41,PASS
P017474,CMM-1,-0.36,PASS
P015027,CMM-2,-10.94,PASS
P017184,CMM-1,4.94,PASS
P020446,CMM-2,-10.57,PASS
P022665,CMM-1,16.85,PASS
P015377,CMM-2,6.58,PASS
P017386,CMM-1,5.39,PASS
P023794,CMM-1,16.66,PASS
P022958,CMM-1,2.29,PASS
P023346,CMM-1,7.34,PASS
P021130,CMM-1,26.98,PASS
P021803,CMM-1,22.56,PASS
P019473,CMM-1,21.79,PASS
P020610,CMM-1,-13.73,PASS
P019594,CMM-1,11.21,PASS
P012941,CMM-2,-7.27,PASS
P012345,CMM-1,11.96,PASS
P020580,CMM-2,8.5,PASS
P014373,CMM-1,12.26,PASS
P015270,CMM-1,25.86,PASS
P015945,CMM-1,5.71,PASS
P013328,CMM-1,32.88,PASS
P023717,CMM-1,-9.6,PASS
P019931,CMM-1,40.65,FAIL
P021531,CMM-2,10.58,PASS
P020953,CMM-1,3.53,PASS
P012611,CMM-2,-3.0,PASS
P019449,CMM-1,-17.45,PASS
P022365,CMM-1,-6.68,PASS
P012297,CMM-1,8.03,PASS
P023095,CMM-2,-7.26,PASS
P018809,CMM-1,-5.65,PASS
P018076,CMM-1,-10.74,PASS
P020936,CMM-1,29.48,PASS
P015660,CMM-1,31.08,PASS
P019559,CMM-1,5.76,PASS
P014269,CMM-1,15.32,PASS
P018263,CMM-2,25.66,PASS
P015485,CMM-2,-41.6,FAIL
P018733,CMM-1,1.62,PASS
P012360,CMM-1,14.82,PASS
P019065,CMM-1,12.57,PASS
P018961,CMM-1,-10.83,PASS
P012199,CMM-1,19.96,PASS
P019744,CMM-1,12.27,PASS
P015507,CMM-1,-12.62,PASS
P014365,CMM-1,10.78,PASS
P023711,CMM-1,3.78,PASS
P019363,CMM-1,0.22,PASS
P014385,CMM-2,-21.31,PASS
P019469,CMM-1,19.83,PASS
P014325,CMM-1,9.34,PASS
P019798,CMM-1,-2.8,PASS
P013993,CMM-1,10.46,PASS
P015814,CMM-1,16.68,PASS
P012702,CMM-2,-3.73,PASS
P021241,CMM-1,1.23,PASS
P016968,CMM-1,17.79,PASS
P015951,CMM-2,-6.77,PASS
P018020,CMM-1,20.9,PASS
P013450,CMM-2,-0.26,PASS
P021381,CMM-1,-18.4,PASS
P020692,CMM-2,7.42,PASS
P014933,CMM-1,24.57,PASS
P023319,CMM-1,10.42,PASS
P020240,CMM-1,-5.71,PASS
P018952,CMM-1,19.71,PASS
P023058,CMM-1,48.39,FAIL
P018310,CMM-1,24.56,PASS
P023255,CMM-1,10.75,PASS
P020095,CMM-1,13.93,PASS
P012059,CMM-1,-1.28,PASS
P023100,CMM-1,8.28,PASS
P017203,CMM-2,0.03,PASS
P014837,CMM-1,8.36,PASS
P021378,CMM-1,6.52,PASS
P023693,CMM-1,18.61,PASS
P018386,CMM-1,13.66,PASS
P020055,CMM-1,10.16,PASS
P015230,CMM-1,16.99,PASS
P022587,CMM-1,-7.92,PASS
P015644,CMM-1,12.99,PASS
P018268,CMM-1,6.23,PASS
P014809,CMM-1,13.19,PASS
P019696,CMM-1,12.86,PASS
P014760,CMM-1,-1.52,PASS
P013536,CMM-2,33.55,FAIL
P014877,CMM-1,1.04,PASS
P021259,CMM-2,-23.38,PASS
P023734,CMM-1,11.12,PASS
P013032,CMM-1,1.59,PASS
P016939,CMM-2,8.7,PASS
P019616,CMM-1,18.96,PASS
P014996,CMM-1,21.5,PASS
P018038,CMM-1,7.86,PASS
P023851,CMM-1,18.68,PASS
P017421,CMM-1,44.62,FAIL
P020318,CMM-2,8.36,PASS
P023335,CMM-1,2.65,PASS
P015591,CMM-1,5.63,PASS
P023449,CMM-2,2.4,PASS
P023604,CMM-1,19.49,PASS
P015619,CMM-1,1.06,PASS
P017463,CMM-2,6.66,PASS
P016425,CMM-1,17.73,PASS
P017556,CMM-1,4.17,PASS
P021894,CMM-1,1.63,PASS
P022215,CMM-1,4.18,PASS
P019147,CMM-2,-3.06,PASS
P022330,CMM-1,15.71,PASS
P017328,CMM-1,13.18,PASS
P020002,CMM-1,2.55,PASS
P021161,CMM-2,13.11,PASS
P016756,CMM-1,25.98,PASS
P015638,CMM-1,4.7,PASS
P014455,CMM-1,-3.5,PASS
P019701,CMM-1,16.43,PASS
P021703,CMM-1,35.59,PASS
P020312,CMM-1,3.5,PASS
P015195,CMM-1,32.87,PASS
P018731,CMM-1,42.48,FAIL
P012224,CMM-1,34.08,PASS
P018305,CMM-1,9.71,PASS
P018739,CMM-2,-3.62,PASS
P013209,CMM-2,9.31,PASS
P012736,CMM-1,17.36,PASS
P015469,CMM-1,15.11,PASS
P023763,CMM-2,7.36,PASS
P021996,CMM-1,6.72,PASS
P021386,CMM-1,-0.09,PASS
P022872,CMM-1,-12.94,PASS
P022876,CMM-1,1.17,PASS
P017639,CMM-2,37.43,FAIL
P022805,CMM-1,-7.42,PASS
P019406,CMM-1,27.47,PASS
P012550,CMM-1,-18.95,PASS
P013926,CMM-1,25.92,PASS
P020832,CMM-1,31.86,PASS
P016600,CMM-1,5.7,PASS
P016507,CMM-1,3.16,PASS
P021878,CMM-2,13.76,PASS
P020872,CMM-1,13.42,PASS
P019032,CMM-1,2.81,PASS
P021673,CMM-1,18.72,PASS
P020267,CMM-1,32.8,PASS
P018517,CMM-2,-10.71,PASS
P014670,CMM-1,13.55,PASS
P020032,CMM-2,12.56,PASS
P018753,CMM-2,13.12,PASS
P020403,CMM-1,-3.78,PASS
P012396,CMM-2,-1.89,PASS
P012158,CMM-2,-7.68,PASS
P021653,CMM-2,-24.52,PASS
P017385,CMM-2,20.12,PASS
P016495,CMM-1,18.98,PASS
P022266,CMM-1,10.13,PASS
P019246,CMM-1,10.8,PASS
P016311,CMM-1,46.89,FAIL
P021697,CMM-2,-20.76,PASS
P014956,CMM-1,18.4,PASS
P022384,CMM-1,1.26,PASS
P012574,CMM-1,0.58,PASS
P016777,CMM-1,6.05,PASS
P020916,CMM-1,-9.32,PASS
P018504,CMM-1,7.29,PASS
P017763,CMM-1,-21.77,PASS
P017045,CMM-1,6.02,PASS
P014050,CMM-1,9.22,PASS
P023689,CMM-2,0.97,PASS
P017052,CMM-2,-25.79,PASS
P020201,CMM-1,-16.38,PASS
P021757,CMM-1,22.54,PASS
P012931,CMM-1,22.3,PASS
P014643,CMM-1,-1.6,PASS
P021607,CMM-2,-3.42,PASS
P022023,CMM-2,3.59,PASS
P023246,CMM-1,10.23,PASS
P016751,CMM-1,26.26,PASS
P015198,CMM-1,22.46,PASS
P018421,CMM-1,2.93,PASS
P012605,CMM-1,-1.36,PASS
P013583,CMM-1,23.46,PASS
P018525,CMM-1,10.24,PASS
P014409,CMM-1,-8.25,PASS
P021856,CMM-2,-0.61,PASS
P016687,CMM-2,0.45,PASS
P014759,CMM-2,8.21,PASS
P018456,CMM-2,-9.34,PASS
P013718,CMM-1,44.53,FAIL
P019475,CMM-1,14.84,PASS
P012067,CMM-1,2.86,PASS
P021205,CMM-1,12.46,PASS
P020474,CMM-1,21.01,PASS
P018819,CMM-1,11.54,PASS
P023204,CMM-1,10.81,PASS
P022395,CMM-1,-3.0,PASS
P023829,CMM-1,9.24,PASS
P021669,CMM-1,-4.86,PASS
P013716,CMM-1,-2.56,PASS
P020317,CMM-1,-1.41,PASS
P021154,CMM-1,20.65,PASS
P015179,CMM-1,32.84,PASS
P016996,CMM-1,0.76,PASS
P019029,CMM-1,-0.1,PASS
P014126,CMM-1,7.96,PASS
P012729,CMM-1,0.08,PASS
P023096,CMM-2,18.18,PASS
P017876,CMM-1,15.01,PASS
P020570,CMM-1,-10.12,PASS
P019927,CMM-2,-24.24,PASS
P014736,CMM-1,17.43,PASS
P016817,CMM-1,16.71,PASS
P023090,CMM-1,-7.58,PASS
P017929,CMM-1,17.12,PASS
P022250,CMM-1,32.9,PASS
P013073,CMM-1,2.4,PASS
P017207,CMM-1,19.52,PASS
P016143,CMM-1,13.93,PASS
P018084,CMM-1,-26.76,FAIL
P022314,CMM-2,-19.46,PASS
P014283,CMM-1,-1.78,PASS
P018912,CMM-2,10.51,PASS
P019409,CMM-1,28.59,PASS
P023958,CMM-2,-6.87,PASS
P016628,CMM-1,-2.14,PASS
P017286,CMM-2,11.38,PASS
P017139,CMM-2,2.27,PASS
P013685,CMM-1,10.71,PASS
P020073,CMM-1,46.2,FAIL
P015601,CMM-1,11.77,PASS
P012540,CMM-1,-3.11,PASS
P021763,CMM-2,-9.83,PASS
P012776,CMM-1,4.07,PASS
P023690,CMM-2,21.27,PASS
P013879,CMM-1,11.9,PASS
P021636,CMM-1,7.26,PASS
P020224,CMM-2,11.46,PASS
P019836,CMM-1,38.37,FAIL
P017208,CMM-1,17.68,PASS
P021048,CMM-1,6.34,PASS
P020555,CMM-2,0.72,PASS
P023529,CMM-1,22.08,PASS
P023184,CMM-2,7.24,PASS
P021486,CMM-1,9.17,PASS
P019532,CMM-1,19.54,PASS
P012744,CMM-1,23.52,PASS
P014557,CMM-1,13.46,PASS
P020431,CMM-1,1.23,PASS
P016959,CMM-1,12.3,PASS
P022360,CMM-2,35.82,FAIL
P017026,CMM-1,-5.74,PASS
P019607,CMM-1,19.16,PASS
P015523,CMM-1,-0.01,PASS
P016036,CMM-1,4.55,PASS
P017244,CMM-1,31.26,PASS
P023684,CMM-1,7.12,PASS
P012584,CMM-1,15.98,PASS
P022840,CMM-1,9.87,PASS
P020424,CMM-1,0.26,PASS
P013840,CMM-1,12.71,PASS
P014972,CMM-2,27.09,PASS
P013101,CMM-1,-3.46,PASS
P021487,CMM-1,16.99,PASS
P013368,CMM-1,1.53,PASS
P017797,CMM-1,2.42,PASS
P016733,CMM-1,-4.53,PASS
P023045,CMM-1,-10.56,PASS
P015906,CMM-1,8.44,PASS
P022675,CMM-1,1.43,PASS
P018671,CMM-1,-0.35,PASS
P021568,CMM-1,25.77,PASS
P018500,CMM-2,2.88,PASS
P014943,CMM-2,-26.74,PASS
P019530,CMM-2,8.61,PASS
P020016,CMM-1,12.36,PASS
P023705,CMM-1,23.72,PASS
P020707,CMM-1,-1.34,PASS
P021679,CMM-2,20.03,PASS
P023109,CMM-1,-1.94,PASS
P014719,CMM-1,17.11,PASS
P020518,CMM-2,19.37,PASS
P023579,CMM-1,6.01,PASS
P020194,CMM-1,-3.97,PASS
P014142,CMM-2,-17.93,PASS
P015686,CMM-1,12.44,PASS
P014681,CMM-2,16.57,PASS
P022251,CMM-1,-26.43,FAIL
P020634,CMM-1,3.33,PASS
P016229,CMM-1,8.47,PASS
P016831,CMM-1,20.57,PASS
P017398,CMM-1,-0.9,PASS
P012789,CMM-1,-22.12,PASS
P021389,CMM-2,11.65,PASS
P015846,CMM-1,42.49,FAIL
P012436,CMM-2,12.89,PASS
P019806,CMM-2,7.47,PASS
P018342,CMM-2,12.74,PASS
P017829,CMM-1,20.27,PASS
P023227,CMM-1,-6.34,PASS
P013828,CMM-1,0.87,PASS
P018458,CMM-1,21.7,PASS
P022848,CMM-1,7.09,PASS
P018120,CMM-1,10.05,PASS
P016702,CMM-1,-3.47,PASS
P016436,CMM-2,8.3,PASS
P012122,CMM-1,-3.39,PASS
P020812,CMM-2,-0.27,PASS
P018998,CMM-1,7.09,PASS
P014573,CMM-1,12.8,PASS
P019671,CMM-1,21.53,PASS
P019314,CMM-1,11.61,PASS
P018794,CMM-1,19.68,PASS
P021264,CMM-1,-8.12,PASS
P012283,CMM-1,23.67,PASS
P014295,CMM-2,9.86,PASS
P018029,CMM-1,19.63,PASS
P019124,CMM-1,1.45,PASS
P012399,CMM-1,10.8,PASS
P023345,CMM-1,-0.87,PASS
P020971,CMM-1,23.07,PASS
P016478,CMM-1,2.0,PASS
P021612,CMM-2,-5.79,PASS
P019815,CMM-1,13.4,PASS
P018133,CMM-2,0.15,PASS
P019480,CMM-1,4.43,PASS
P016506,CMM-2,-0.26,PASS
P017598,CMM-1,18.73,PASS
P021089,CMM-1,23.68,PASS
P013273,CMM-1,16.19,PASS
P022295,CMM-2,-4.94,PASS
P012470,CMM-1,8.71,PASS
P016492,CMM-2,-13.18,PASS
P022084,CMM-1,6.18,PASS
P020704,CMM-1,24.03,PASS
P020907,CMM-1,2.83,PASS
P023554,CMM-1,34.13,PASS
P012387,CMM-1,6.55,PASS
P023498,CMM-1,24.43,PASS
P015456,CMM-1,15.18,PASS
P021852,CMM-1,15.38,PASS
P022068,CMM-1,7.6,PASS
P022729,CMM-2,11.57,PASS
P022730,CMM-1,34.13,PASS
P014822,CMM-1,12.21,PASS
P021491,CMM-1,22.91,PASS
P021283,CMM-2,-23.99,PASS
P016458,CMM-1,-5.65,PASS
P017225,CMM-1,-4.68,PASS
P021091,CMM-1,12.35,PASS
P019446,CMM-1,10.12,PASS
P016359,CMM-1,17.61,PASS
P022789,CMM-1,-9.08,PASS
P018701,CMM-2,21.9,PASS
P014704,CMM-1,-0.76,PASS
P023140,CMM-2,14.62,PASS
P015890,CMM-2,-19.88,PASS
P019088,CMM-1,7.04,PASS
P019539,CMM-1,-10.59,PASS
P017784,CMM-2,-3.69,PASS
P018824,CMM-1,19.04,PASS
P013809,CMM-1,4.88,PASS
P015233,CMM-2,-19.01,PASS
P015309,CMM-1,-19.23,PASS
P012703,CMM-2,7.05,PASS
P015105,CMM-2,-19.62,PASS
P016247,CMM-1,6.17,PASS
P020369,CMM-1,-0.97,PASS
P020120,CMM-1,5.38,PASS
P016533,CMM-1,4.79,PASS
P020086,CMM-1,9.7,PASS
P019038,CMM-1,24.52,PASS
P012072,CMM-2,-18.45,PASS
P016739,CMM-1,17.77,PASS
P020268,CMM-2,17.93,PASS
P015779,CMM-1,-1.13,PASS
P013918,CMM-1,23.59,PASS
P023167,CMM-1,14.52,PASS
P021721,CMM-1,21.03,PASS
P019646,CMM-1,10.43,PASS
P016957,CMM-1,9.22,PASS
P017814,CMM-1,3.61,PASS
P015064,CMM-1,4.86,PASS
P021640,CMM-1,2.63,PASS
P013375,CMM-2,8.78,PASS
P014105,CMM-2,16.13,PASS
P017065,CMM-1,25.7,PASS
P020650,CMM-1,13.58,PASS
P022373,CMM-1,17.47,PASS
P014606,CMM-1,-11.78,PASS
P022982,CMM-1,-4.36,PASS
P016884,CMM-1,2.5,PASS
P022327,CMM-1,17.9,PASS
P015408,CMM-1,3.02,PASS
P020706,CMM-2,15.11,PASS
P022253,CMM-1,6.38,PASS
P017922,CMM-2,-11.38,PASS
P014545,CMM-1,12.17,PASS
P015585,CMM-1,20.62,PASS
P017412,CMM-1,-2.87,PASS
P016988,CMM-1,31.93,PASS
P017914,CMM-1,14.71,PASS
P016113,CMM-1,22.38,PASS
P022056,CMM-1,-13.98,PASS
P022753,CMM-2,10.1,PASS
P013340,CMM-2,2.84,PASS
P023623,CMM-1,7.5,PASS
P022661,CMM-1,4.0,PASS
P023892,CMM-2,2.47,PASS
P015643,CMM-1,30.14,PASS
P012764,CMM-2,7.83,PASS
P012190,CMM-1,6.92,PASS
P019297,CMM-1,1.39,PASS
P017657,CMM-2,1.71,PASS
P014641,CMM-2,-13.93,PASS
P022936,CMM-1,32.74,PASS
P019090,CMM-1,11.28,PASS
P013694,CMM-1,20.79,PASS
P020798,CMM-2,-2.28,PASS
P012625,CMM-1,15.66,PASS
P014777,CMM-1,-1.58,PASS
P014183,CMM-2,16.5,PASS
P014815,CMM-1,18.49,PASS
P021387,CMM-1,-6.07,PASS
P018978,CMM-2,-15.85,PASS
P015261,CMM-1,-1.37,PASS
P022602,CMM-1,19.45,PASS
P016372,CMM-1,-8.47,PASS
P019414,CMM-1,0.21,PASS
P017619,CMM-1,-2.53,PASS
P016815,CMM-1,25.06,PASS
P016453,CMM-2,-8.34,PASS
P020512,CMM-1,19.81,PASS
P020410,CMM-1,-3.13,PASS
P012548,CMM-1,14.19,PASS
P013029,CMM-1,9.1,PASS
P014897,CMM-2,-22.8,PASS
P017902,CMM-2,25.13,PASS
P014244,CMM-1,3.04,PASS
P016598,CMM-1,-6.43,PASS
P019041,CMM-2,-2.75,PASS
P013544,CMM-2,-27.13,PASS
P020205,CMM-1,27.38,PASS
P019338,CMM-1,27.21,PASS
P012862,CMM-2,-9.72,PASS
P019892,CMM-2,19.36,PASS
P023153,CMM-1,41.82,FAIL
P018426,CMM-1,17.99,PASS
P023916,CMM-2,-11.84,PASS
P017392,CMM-1,34.15,PASS
P021400,CMM-1,22.9,PASS
P016313,CMM-1,-3.11,PASS
P022935,CMM-1,6.24,PASS
P016406,CMM-1,34.35,PASS
P022043,CMM-1,10.78,PASS
P016762,CMM-1,18.07,PASS
P020125,CMM-1,16.03,PASS
P016980,CMM-1,6.69,PASS
P013242,CMM-1,9.98,PASS
P019139,CMM-1,-14.36,PASS
P020740,CMM-1,-14.72,PASS
P023883,CMM-1,-18.5,PASS
P017567,CMM-2,-10.67,PASS
P015033,CMM-1,6.7,PASS
P017642,CMM-1,13.29,PASS
P021797,CMM-1,-7.66,PASS
P013811,CMM-1,-4.24,PASS
P020955,CMM-2,-10.99,PASS
P016437,CMM-2,-0.38,PASS
P022182,CMM-1,17.65,PASS
P020621,CMM-1,19.73,PASS
P021837,CMM-1,20.3,PASS
P020980,CMM-1,6.91,PASS
P017694,CMM-1,19.59,PASS
P016867,CMM-1,6.18,PASS
P017565,CMM-1,-12.16,PASS
P022650,CMM-1,25.06,PASS
P012395,CMM-2,23.14,PASS
P013194,CMM-1,-7.74,PASS
P015409,CMM-1,19.84,PASS
P021752,CMM-1,4.53,PASS
P016601,CMM-1,18.61,PASS
P017183,CMM-1,18.98,PASS
P012639,CMM-2,25.72,PASS
P012234,CMM-2,-0.06,PASS
P019932,CMM-1,30.55,PASS
P020256,CMM-2,-2.82,PASS
P023696,CMM-1,-6.72,PASS
P022505,CMM-2,7.13,PASS
P013978,CMM-1,-1.22,PASS
P019268,CMM-2,-0.01,PASS
P015351,CMM-1,15.76,PASS
P019788,CMM-1,4.51,PASS
P016314,CMM-1,34.3,PASS
P018090,CMM-2,8.55,PASS
P013505,CMM-2,11.92,PASS
P018706,CMM-1,-22.66,FAIL
P022255,CMM-1,-3.21,PASS
P018272,CMM-1,9.6,PASS
P014138,CMM-1,16.81,PASS
P012068,CMM-1,-3.36,PASS
P017771,CMM-2,7.6,PASS
P022654,CMM-1,-9.01,PASS
P016784,CMM-1,1.98,PASS
P022937,CMM-1,-14.39,PASS
P023555,CMM-1,28.48,PASS
P020768,CMM-2,5.36,PASS
P019365,CMM-1,-10.8,PASS
P020695,CMM-1,-18.3,PASS
P023267,CMM-1,13.27,PASS
P019397,CMM-1,21.18,PASS
P020183,CMM-1,6.15,PASS
P018160,CMM-1,11.23,PASS
P013970,CMM-2,0.54,PASS
P016695,CMM-1,33.05,PASS
P021912,CMM-1,12.77,PASS
P012805,CMM-1,24.65,PASS
P012200,CMM-1,21.97,PASS
P013858,CMM-1,4.39,PASS
P021830,CMM-2,-10.01,PASS
P016651,CMM-1,-2.55,PASS
P021805,CMM-2,-16.07,PASS
P018994,CMM-1,16.22,PASS
P021201,CMM-1,-4.45,PASS
P014023,CMM-1,34.45,PASS
P020140,CMM-1,31.45,PASS
P016667,CMM-1,7.63,PASS
P015045,CMM-2,-19.11,PASS
P017024,CMM-2,7.76,PASS
P012823,CMM-1,2.35,PASS
P013121,CMM-1,-11.05,PASS
P016149,CMM-2,-1.08,PASS
P013473,CMM-1,-15.98,PASS
P013102,CMM-1,14.3,PASS
P021539,CMM-1,1.33,PASS
P019590,CMM-1,2.4,PASS
P023881,CMM-1,45.79,FAIL
P017701,CMM-2,20.04,PASS
P018508,CMM-1,16.08,PASS
P016044,CMM-1,5.65,PASS
P019456,CMM-2,15.4,PASS
P014498,CMM-1,10.13,PASS
P013920,CMM-1,8.16,PASS
P015217,CMM-1,26.91,PASS
P013309,CMM-2,13.36,PASS
P017580,CMM-1,19.88,PASS
P016740,CMM-1,12.06,PASS
P019119,CMM-1,47.82,FAIL
P021367,CMM-2,-1.04,PASS
P023840,CMM-1,8.71,PASS
P019829,CMM-1,-13.56,PASS
P022577,CMM-1,-12.24,PASS
P020029,CMM-1,12.96,PASS
P018810,CMM-2,9.78,PASS
P014331,CMM-1,29.15,PASS
P015506,CMM-1,5.95,PASS
P023181,CMM-1,-7.25,PASS
P021005,CMM-2,-14.62,PASS
P022740,CMM-1,16.85,PASS
P017465,CMM-1,12.01,PASS
P022960,CMM-1,-0.29,PASS
P023257,CMM-1,-0.71,PASS
P022950,CMM-2,-24.37,PASS
P021875,CMM-1,39.0,FAIL
P022773,CMM-1,-38.77,FAIL
P017430,CMM-1,14.89,PASS
P023782,CMM-1,-10.51,PASS
P012060,CMM-1,-2.69,PASS
P017609,CMM-1,33.04,PASS
P020825,CMM-1,17.49,PASS
P023256,CMM-1,16.19,PASS
P013053,CMM-1,4.86,PASS
P022431,CMM-1,10.25,PASS
P020093,CMM-1,23.36,PASS
P016892,CMM-1,1.59,PASS
P021594,CMM-1,40.39,FAIL
P012041,CMM-1,-4.65,PASS
P013280,CMM-1,9.13,PASS
P014846,CMM-1,9.29,PASS
P012563,CMM-1,11.79,PASS
P016592,CMM-1,3.69,PASS
P020901,CMM-1,-6.76,PASS
P016662,CMM-1,-3.9,PASS
P022377,CMM-1,0.47,PASS
P021564,CMM-1,20.39,PASS
P015720,CMM-1,8.42,PASS
P015700,CMM-1,11.45,PASS
P017880,CMM-1,-4.43,PASS
P017967,CMM-2,-6.75,PASS
P018288,CMM-1,2.7,PASS
P019316,CMM-2,-0.78,PASS
P023952,CMM-1,23.17,PASS
P015338,CMM-1,-29.12,FAIL
P023402,CMM-1,24.11,PASS
P019399,CMM-1,24.83,PASS
P019410,CMM-1,30.18,PASS
P013164,CMM-1,-0.25,PASS
P021871,CMM-1,16.2,PASS
P014461,CMM-1,0.8,PASS
P018836,CMM-1,-18.02,PASS
P020386,CMM-1,-15.1,PASS
P021463,CMM-2,11.47,PASS
P014073,CMM-1,19.26,PASS
P018503,CMM-1,24.72,PASS
P017738,CMM-1,17.19,PASS
P012215,CMM-1,19.03,PASS
P021460,CMM-1,4.34,PASS
P021815,CMM-2,-5.86,PASS
P023852,CMM-1,7.89,PASS
P016789,CMM-2,11.07,PASS
P013744,CMM-1,7.45,PASS
P021876,CMM-1,14.98,PASS
P020412,CMM-1,8.91,PASS
P014694,CMM-1,12.88,PASS
P015851,CMM-1,6.74,PASS
P015711,CMM-2,-10.89,PASS
P013319,CMM-1,18.15,PASS
P017687,CMM-1,18.03,PASS
P021737,CMM-1,8.33,PASS
P018812,CMM-1,8.17,PASS
P021570,CMM-2,26.69,PASS
P020009,CMM-1,18.17,PASS
P020072,CMM-2,5.49,PASS
P012300,CMM-2,13.76,PASS
P013348,CMM-1,5.3,PASS
P021151,CMM-1,28.99,PASS
P018579,CMM-1,7.52,PASS
P016722,CMM-2,28.35,PASS
P022380,CMM-1,24.58,PASS
P020036,CMM-1,-14.88,PASS
P013048,CMM-2,5.08,PASS
P013665,CMM-1,24.17,PASS
P018066,CMM-1,10.06,PASS
P023470,CMM-1,19.79,PASS
P017234,CMM-1,4.24,PASS
P017537,CMM-1,7.96,PASS
P016545,CMM-2,5.63,PASS
P022334,CMM-1,-14.82,PASS
P012848,CMM-1,-6.24,PASS
P015119,CMM-1,3.63,PASS
P023019,CMM-1,5.1,PASS
P017520,CMM-1,20.71,PASS
P016424,CMM-1,20.79,PASS
P013606,CMM-1,24.3,PASS
P014407,CMM-1,36.1,PASS
P013329,CMM-1,10.43,PASS
P013464,CMM-1,5.09,PASS
P017944,CMM-1,5.01,PASS
P022967,CMM-1,8.06,PASS
P015654,CMM-1,5.15,PASS
P023618,CMM-2,-4.07,PASS
P018048,CMM-1,10.83,PASS
P015229,CMM-1,18.42,PASS
P017105,CMM-1,22.71,PASS
P022183,CMM-1,6.91,PASS
P014216,CMM-1,14.35,PASS
P018122,CMM-1,23.65,PASS
P022839,CMM-1,12.88,PASS
P019991,CMM-1,16.14,PASS
P023452,CMM-2,6.15,PASS
P013136,CMM-2,-7.9,PASS
P012035,CMM-2,21.16,PASS
P023381,CMM-1,4.72,PASS
P017786,CMM-1,26.79,PASS
P018294,CMM-1,4.47,PASS
P020173,CMM-1,-15.38,PASS
P013764,CMM-1,32.21,PASS
P023808,CMM-1,-1.05,PASS
P021305,CMM-1,-11.68,PASS
P020499,CMM-1,23.61,PASS
P018899,CMM-1,-0.87,PASS
P017327,CMM-1,-4.19,PASS
P022669,CMM-1,40.91,FAIL
P013467,CMM-2,-0.56,PASS
P021519,CMM-1,14.75,PASS
P015516,CMM-1,-2.4,PASS
P015930,CMM-1,-8.52,PASS
P021092,CMM-1,-6.13,PASS
P014834,CMM-2,2.93,PASS
P021940,CMM-1,29.33,PASS
P019585,CMM-1,17.68,PASS
P023001,CMM-1,13.02,PASS
P019419,CMM-1,32.43,PASS
P023165,CMM-2,-11.01,PASS
P012818,CMM-1,15.35,PASS
P019487,CMM-1,-9.41,PASS
P018490,CMM-1,-22.1,PASS
P023914,CMM-1,20.06,PASS
P018981,CMM-1,1.5,PASS
P020453,CMM-1,32.5,PASS
P015287,CMM-1,18.66,PASS
P012475,CMM-2,27.27,PASS
P014744,CMM-1,-3.52,PASS
P016282,CMM-1,20.59,PASS
P020809,CMM-1,26.93,PASS
P015227,CMM-1,24.93,PASS
P016942,CMM-1,13.63,PASS
P015843,CMM-1,-3.22,PASS
P016704,CMM-1,-0.05,PASS
P023818,CMM-1,13.92,PASS
P014109,CMM-2,2.8,PASS
P023570,CMM-1,12.08,PASS
P018042,CMM-1,18.67,PASS
P020275,CMM-1,19.81,PASS
P016782,CMM-1,32.32,PASS
P018818,CMM-1,18.43,PASS
P014318,CMM-1,26.0,PASS
P022609,CMM-2,6.53,PASS
P014518,CMM-1,8.58,PASS
P021364,CMM-1,-9.83,PASS
P017923,CMM-1,8.55,PASS
P023380,CMM-2,12.24,PASS
P012656,CMM-1,25.57,PASS
P013784,CMM-1,14.54,PASS
P017765,CMM-1,11.99,PASS
P023064,CMM-1,19.09,PASS
P020376,CMM-2,0.41,PASS
P022744,CMM-2,-29.53,PASS
P017847,CMM-1,14.8,PASS
P013737,CMM-1,7.42,PASS
P016779,CMM-1,-3.1,PASS
P016890,CMM-1,-6.75,PASS
P020822,CMM-1,5.73,PASS
P014950,CMM-1,9.53,PASS
P023699,CMM-1,-10.31,PASS
P014625,CMM-1,-4.78,PASS
P013403,CMM-1,-5.25,PASS
P014425,CMM-2,-5.84,PASS
P017592,CMM-1,26.76,PASS
P022727,CMM-1,3.75,PASS
P013690,CMM-1,15.01,PASS
P019786,CMM-1,14.03,PASS
P013510,CMM-2,2.69,PASS
P022885,CMM-2,37.25,FAIL
P013804,CMM-2,-11.53,PASS
P022139,CMM-1,-10.97,PASS
P013882,CMM-1,-3.87,PASS
P023481,CMM-1,12.09,PASS
P018404,CMM-1,3.81,PASS
P022130,CMM-1,13.73,PASS
P023532,CMM-1,9.1,PASS
P017927,CMM-1,23.17,PASS
P013312,CMM-1,27.9,PASS
P019882,CMM-1,18.96,PASS
P017371,CMM-2,-2.48,PASS
P023372,CMM-1,27.14,PASS
P021804,CMM-1,6.74,PASS
P022110,CMM-1,28.92,PASS
P014816,CMM-1,22.15,PASS
P018698,CMM-1,7.36,PASS
P018972,CMM-2,2.12,PASS
P020429,CMM-1,3.11,PASS
P014107,CMM-1,32.57,PASS
P018766,CMM-1,2.19,PASS
P019792,CMM-1,29.45,PASS
P023208,CMM-1,33.95,PASS
P016446,CMM-1,25.03,PASS
P013313,CMM-1,5.29,PASS
P018285,CMM-1,33.52,PASS
P018677,CMM-2,-6.18,PASS
P023777,CMM-1,7.24,PASS
P020004,CMM-1,26.12,PASS
P015756,CMM-1,-8.14,PASS
P016908,CMM-2,16.99,PASS
P013324,CMM-1,-2.19,PASS
P020151,CMM-1,-0.87,PASS
P017019,CMM-1,3.88,PASS
P022806,CMM-1,23.15,PASS
P023151,CMM-1,15.22,PASS
P012176,CMM-1,7.98,PASS
P013445,CMM-1,11.95,PASS
P016330,CMM-1,30.0,PASS
P013138,CMM-1,-11.34,PASS
P017485,CMM-1,12.99,PASS
P016264,CMM-1,-6.15,PASS
P017163,CMM-1,5.87,PASS
P012329,CMM-1,40.15,FAIL
P020083,CMM-1,19.49,PASS
P012450,CMM-1,9.21,PASS
P019219,CMM-1,11.71,PASS
P020188,CMM-1,16.18,PASS
P020500,CMM-1,14.46,PASS
P021907,CMM-1,-6.51,PASS
P012178,CMM-1,6.21,PASS
P012049,CMM-1,15.35,PASS
P017538,CMM-2,26.56,PASS
P021242,CMM-2,1.47,PASS
P018367,CMM-1,12.23,PASS
P020502,CMM-1,23.87,PASS
P017808,CMM-2,-9.52,PASS
P019471,CMM-2,0.95,PASS
P021686,CMM-1,49.24,FAIL
P012212,CMM-1,13.86,PASS
P018438,CMM-1,-2.62,PASS
P021971,CMM-2,-27.2,PASS
P015600,CMM-2,20.67,PASS
P019125,CMM-2,-10.87,PASS
P017529,CMM-2,-10.71,PASS
P012867,CMM-1,0.74,PASS
P018007,CMM-2,-11.07,PASS
P023476,CMM-1,11.14,PASS
P018596,CMM-2,8.74,PASS
P019802,CMM-2,-3.53,PASS
P013667,CMM-1,-8.29,PASS
P020217,CMM-2,19.38,PASS
P021937,CMM-1,3.76,PASS
P014935,CMM-1,50.14,FAIL
P017460,CMM-1,15.78,PASS
P021174,CMM-1,27.03,PASS
P013985,CMM-1,10.58,PASS
P013302,CMM-2,3.25,PASS
P012208,CMM-1,5.78,PASS
P018774,CMM-1,34.28,PASS
P019852,CMM-2,-0.21,PASS
P023192,CMM-2,3.76,PASS
P022890,CMM-2,-30.16,FAIL
P023349,CMM-2,-13.58,PASS
P020292,CMM-1,24.08,PASS
P017143,CMM-1,-13.29,PASS
P022213,CMM-2,-8.61,PASS
P013394,CMM-1,-8.41,PASS
P014741,CMM-1,-2.81,PASS
P018422,CMM-1,18.51,PASS
P012349,CMM-1,1.93,PASS
P017021,CMM-1,18.85,PASS
P020948,CMM-2,-27.18,PASS
P016649,CMM-1,36.46,PASS
P018848,CMM-2,-21.39,PASS
P012054,CMM-1,12.72,PASS
P016041,CMM-1,23.31,PASS
P015533,CMM-1,3.18,PASS
P020552,CMM-2,9.54,PASS
P018028,CMM-1,24.73,PASS
P013050,CMM-1,22.0,PASS
P022822,CMM-2,12.23,PASS
P023553,CMM-1,33.2,PASS
P018868,CMM-1,2.46,PASS
P023085,CMM-1,8.74,PASS
P012783,CMM-1,9.66,PASS
P021440,CMM-1,-11.65,PASS
P021929,CMM-1,5.38,PASS
P014156,CMM-1,26.28,PASS
P020115,CMM-1,-2.04,PASS
P022633,CMM-1,13.91,PASS
P015465,CMM-1,3.9,PASS
P020556,CMM-1,-4.52,PASS
P012708,CMM-2,-6.53,PASS
P015319,CMM-2,-20.25,PASS
P014656,CMM-2,1.82,PASS
P013310,CMM-1,-0.35,PASS
P022983,CMM-1,1.73,PASS
P017785,CMM-2,32.33,FAIL
P015574,CMM-1,14.32,PASS
P014952,CMM-1,9.64,PASS
P017932,CMM-2,-1.88,PASS
P018549,CMM-1,16.79,PASS
P022280,CMM-1,-5.39,PASS
P023640,CMM-1,25.01,PASS
P017405,CMM-1,6.5,PASS
P021848,CMM-1,19.57,PASS
P021455,CMM-2,-5.29,PASS
P022064,CMM-2,-11.87,PASS
P017560,CMM-1,24.74,PASS
P015625,CMM-1,18.19,PASS
P019192,CMM-2,-33.91,FAIL
P018559,CMM-1,-4.96,PASS
P016481,CMM-1,10.66,PASS
P023164,CMM-2,6.38,PASS
P013701,CMM-1,0.43,PASS
P016954,CMM-2,-10.91,PASS
P020838,CMM-1,-10.57,PASS
P015504,CMM-1,11.97,PASS
P018142,CMM-1,25.59,PASS
P014941,CMM-1,-7.18,PASS
P018185,CMM-2,4.97,PASS
P020377,CMM-2,-2.24,PASS
P021334,CMM-2,11.83,PASS
P014669,CMM-2,33.86,FAIL
P021162,CMM-1,8.59,PASS
P014534,CMM-1,-11.88,PASS
P018393,CMM-1,20.5,PASS
P012544,CMM-1,0.8,PASS
P018071,CMM-2,10.29,PASS
P019853,CMM-2,-0.11,PASS
P014297,CMM-1,30.32,PASS
P021308,CMM-1,4.35,PASS
P015034,CMM-2,13.14,PASS
P020144,CMM-1,-11.27,PASS
P023468,CMM-2,-25.72,PASS
P014975,CMM-1,28.94,PASS
P017952,CMM-1,4.89,PASS
P019612,CMM-2,7.91,PASS
P022451,CMM-2,0.19,PASS
P022837,CMM-1,10.57,PASS
P014674,CMM-1,1.49,PASS
P015806,CMM-2,-9.8,PASS
P019094,CMM-1,15.57,PASS
P019999,CMM-1,-5.65,PASS
P013973,CMM-1,9.92,PASS
P018468,CMM-1,12.84,PASS
P020764,CMM-1,11.21,PASS
P021008,CMM-2,4.22,PASS
P018293,CMM-1,16.46,PASS
P023788,CMM-1,16.02,PASS
P016645,CMM-1,16.65,PASS
P012560,CMM-1,0.96,PASS
P015823,CMM-1,19.55,PASS
P022968,CMM-1,3.05,PASS
P021114,CMM-2,-5.53,PASS
P018979,CMM-1,6.85,PASS
P023334,CMM-2,-4.93,PASS
P016675,CMM-1,36.93,PASS
P017292,CMM-1,-27.24,FAIL
P015394,CMM-1,17.33,PASS
P022419,CMM-1,11.37,PASS
P012466,CMM-2,-7.38,PASS
P021736,CMM-1,13.66,PASS
P021668,CMM-1,-19.92,PASS
P022748,CMM-1,10.32,PASS
P019569,CMM-2,7.64,PASS
P021693,CMM-1,16.96,PASS
P021994,CMM-1,23.47,PASS
P016615,CMM-1,6.41,PASS
P023739,CMM-1,32.28,PASS
P013358,CMM-1,18.31,PASS
P018584,CMM-1,-6.49,PASS
P023242,CMM-2,-1.09,PASS
P018074,CMM-1,10.3,PASS
P016046,CMM-1,-0.3,PASS
P023926,CMM-1,0.77,PASS
P017374,CMM-1,5.75,PASS
P017199,CMM-1,69.15,FAIL
P020908,CMM-2,1.59,PASS
P023328,CMM-2,0.99,PASS
P023582,CMM-1,-16.3,PASS
P017068,CMM-1,32.04,PASS
P016326,CMM-2,21.55,PASS
P020757,CMM-1,17.79,PASS
P014946,CMM-1,-4.77,PASS
P021234,CMM-1,20.92,PASS
P012889,CMM-1,23.28,PASS
P017541,CMM-2,-1.66,PASS
P016373,CMM-1,-5.46,PASS
P018796,CMM-2,-20.91,PASS
P015369,CMM-1,9.62,PASS
P023946,CMM-1,7.59,PASS
P018589,CMM-2,9.17,PASS
P020193,CMM-2,15.03,PASS
P016205,CMM-1,21.28,PASS
P012043,CMM-1,16.27,PASS
P014653,CMM-1,32.8,PASS
P020878,CMM-1,28.72,PASS
P014493,CMM-1,51.45,FAIL
P019014,CMM-1,-3.22,PASS
P019073,CMM-1,0.53,PASS
P015062,CMM-1,8.78,PASS
P013170,CMM-1,-2.57,PASS
P018683,CMM-2,1.83,PASS
P013272,CMM-2,26.46,PASS
P015209,CMM-1,6.99,PASS
P021525,CMM-1,12.75,PASS
P017852,CMM-2,-9.21,PASS
P022725,CMM-1,-6.05,PASS
P017774,CMM-2,11.8,PASS
P014826,CMM-1,17.4,PASS
P022073,CMM-1,9.38,PASS
P021503,CMM-1,-4.03,PASS
P017198,CMM-2,-12.72,PASS
P013765,CMM-1,-16.09,PASS
P012413,CMM-1,7.32,PASS
P016935,CMM-1,34.88,PASS
P023927,CMM-2,15.79,PASS
P019688,CMM-1,-1.33,PASS
P023159,CMM-1,17.95,PASS
P016925,CMM-1,-3.67,PASS
P016464,CMM-1,-5.81,PASS
P023105,CMM-1,-10.41,PASS
P023639,CMM-1,27.04,PASS
P014762,CMM-1,15.0,PASS
P016191,CMM-1,14.62,PASS
P020436,CMM-1,8.38,PASS
P013011,CMM-2,2.73,PASS
P020662,CMM-1,7.13,PASS
P021735,CMM-1,-15.34,PASS
P019112,CMM-1,10.6,PASS
P019681,CMM-1,-0.67,PASS
P012052,CMM-1,-0.69,PASS
P015788,CMM-1,-0.39,PASS
P016332,CMM-2,7.24,PASS
P020642,CMM-2,0.77,PASS
P016904,CMM-1,4.45,PASS
P015459,CMM-1,18.93,PASS
P022232,CMM-1,12.5,PASS
P021913,CMM-1,-30.5,FAIL
P014133,CMM-1,-7.08,PASS
P023528,CMM-1,16.28,PASS
P022757,CMM-1,2.8,PASS
P015094,CMM-1,3.64,PASS
P019269,CMM-2,-0.72,PASS
P015576,CMM-2,1.24,PASS
P016640,CMM-2,23.27,PASS
P018236,CMM-2,-23.51,PASS
P017157,CMM-1,1.35,PASS
P021954,CMM-2,23.57,PASS
P015475,CMM-1,21.15,PASS
P016947,CMM-1,-6.63,PASS
P020743,CMM-1,16.05,PASS
P016065,CMM-2,-20.4,PASS
P015134,CMM-1,7.55,PASS
P018261,CMM-1,0.93,PASS
P018976,CMM-2,-11.02,PASS
P021481,CMM-1,37.22,PASS
P017186,CMM-2,-14.03,PASS
P015634,CMM-1,19.62,PASS
P020912,CMM-1,-13.39,PASS
P014785,CMM-2,-15.37,PASS
P020126,CMM-1,12.72,PASS
P019755,CMM-1,21.28,PASS
P019740,CMM-1,-21.66,PASS
P023884,CMM-1,-5.85,PASS
P021098,CMM-1,10.7,PASS
P023194,CMM-1,6.67,PASS
P014786,CMM-1,32.76,PASS
P013298,CMM-2,0.71,PASS
P015759,CMM-1,21.41,PASS
P021256,CMM-2,15.83,PASS
P014065,CMM-1,-3.42,PASS
P012802,CMM-1,18.84,PASS
P020826,CMM-2,-0.17,PASS
P022798,CMM-1,4.95,PASS
P023305,CMM-1,11.11,PASS
P020738,CMM-2,-11.29,PASS
P013130,CMM-1,14.55,PASS
P019884,CMM-2,3.43,PASS
P017458,CMM-2,-10.38,PASS
P022971,CMM-1,19.94,PASS
P012134,CMM-2,-9.15,PASS
P013724,CMM-1,-24.03,FAIL
P016114,CMM-2,-7.87,PASS
P022613,CMM-1,3.41,PASS
P012576,CMM-1,6.88,PASS
P013331,CMM-1,-14.94,PASS
P015944,CMM-1,7.38,PASS
P019639,CMM-1,1.19,PASS
P017869,CMM-1,2.93,PASS
P021086,CMM-1,2.69,PASS
P016350,CMM-1,0.93,PASS
P015085,CMM-1,22.56,PASS
P023102,CMM-1,-4.42,PASS
P023572,CMM-1,30.99,PASS
P013371,CMM-1,47.42,FAIL
P019047,CMM-1,22.27,PASS
P014695,CMM-1,36.59,PASS
P014433,CMM-1,33.44,PASS
P014523,CMM-1,11.82,PASS
P022630,CMM-2,-5.94,PASS
P022237,CMM-2,-22.83,PASS
P018562,CMM-1,20.43,PASS
P018001,CMM-1,25.56,PASS
P023947,CMM-1,-20.04,PASS
P017590,CMM-1,13.27,PASS
P018116,CMM-1,18.27,PASS
P017794,CMM-1,-5.32,PASS
P012509,CMM-1,-11.82,PASS
P022027,CMM-1,0.59,PASS
P023128,CMM-2,29.15,PASS
P019632,CMM-1,-16.65,PASS
P022608,CMM-2,10.92,PASS
P015211,CMM-2,-24.94,PASS
P016245,CMM-1,34.27,PASS
P017614,CMM-1,12.56,PASS
P020981,CMM-2,2.82,PASS
P021379,CMM-1,23.44,PASS
P013546,CMM-1,5.25,PASS
P022009,CMM-1,7.03,PASS
P015960,CMM-1,24.23,PASS
P019474,CMM-1,-11.88,PASS
P017776,CMM-2,28.81,PASS
P015236,CMM-1,0.5,PASS
P013446,CMM-1,-10.88,PASS
P015471,CMM-1,3.15,PASS
P016187,CMM-1,-2.84,PASS
P023163,CMM-1,-17.14,PASS
P016997,CMM-1,20.79,PASS
P017372,CMM-1,22.48,PASS
P023978,CMM-2,3.77,PASS
P019857,CMM-1,-0.81,PASS
P016160,CMM-2,-1.04,PASS
P022731,CMM-1,18.9,PASS
P012713,CMM-1,18.68,PASS
P013124,CMM-2,3.62,PASS
P021147,CMM-1,9.91,PASS
P018202,CMM-1,32.9,PASS
P022919,CMM-1,-22.69,FAIL
P014161,CMM-1,35.95,PASS
P020225,CMM-1,17.57,PASS
P017030,CMM-1,23.76,PASS
P012218,CMM-1,9.34,PASS
P015224,CMM-1,0.2,PASS
P021540,CMM-1,-3.52,PASS
P021826,CMM-2,-15.91,PASS
P023444,CMM-1,8.36,PASS
P017632,CMM-2,-20.65,PASS
P023614,CMM-2,-9.26,PASS
P013945,CMM-1,-3.59,PASS
P019113,CMM-1,-6.67,PASS
P016301,CMM-2,-12.11,PASS
P018191,CMM-1,1.19,PASS
P016630,CMM-1,18.92,PASS
P022256,CMM-1,36.68,PASS
P017606,CMM-1,6.31,PASS
P017936,CMM-1,4.75,PASS
P022795,CMM-2,23.06,PASS
P020249,CMM-1,20.44,PASS
P012608,CMM-2,8.01,PASS
P023900,CMM-1,8.86,PASS
P020488,CMM-1,-24.76,FAIL
P016737,CMM-1,15.3,PASS
P013875,CMM-1,1.71,PASS
P023361,CMM-1,3.74,PASS
P021592,CMM-1,28.82,PASS
P012408,CMM-1,-4.83,PASS
P012116,CMM-1,-17.47,PASS
P016094,CMM-1,-5.97,PASS
P015345,CMM-1,25.22,PASS
P015464,CMM-1,-9.41,PASS
P013010,CMM-1,14.01,PASS
P023442,CMM-1,24.09,PASS
P016293,CMM-1,9.57,PASS
P018676,CMM-2,13.44,PASS
P016058,CMM-1,27.0,PASS
P023783,CMM-1,-16.23,PASS
P013451,CMM-2,-4.33,PASS
P018424,CMM-2,-0.91,PASS
P013113,CMM-2,7.59,PASS
P016486,CMM-2,-5.13,PASS
P014811,CMM-1,20.4,PASS
P018226,CMM-1,15.6,PASS
P017442,CMM-1,9.35,PASS
P022522,CMM-1,12.16,PASS
P022920,CMM-1,12.54,PASS
P017757,CMM-1,4.68,PASS
P019846,CMM-1,14.85,PASS
P022929,CMM-1,8.93,PASS
P015934,CMM-2,8.44,PASS
P013281,CMM-1,0.29,PASS
P015058,CMM-1,23.23,PASS
P016961,CMM-2,5.03,PASS
P016526,CMM-1,24.77,PASS
P015498,CMM-1,-8.26,PASS
P021895,CMM-1,-12.03,PASS
P015818,CMM-1,17.77,PASS
P020983,CMM-1,-13.66,PASS
P020544,CMM-1,3.61,PASS
P019839,CMM-2,-9.57,PASS
P020477,CMM-1,14.18,PASS
P013190,CMM-1,-12.54,PASS
P012600,CMM-1,-26.29,FAIL
P014249,CMM-2,23.01,PASS
P014965,CMM-1,13.44,PASS
P020787,CMM-1,9.75,PASS
P018002,CMM-1,-0.22,PASS
P020245,CMM-1,18.04,PASS
P012700,CMM-2,6.0,PASS
P023950,CMM-1,-24.89,FAIL
P020470,CMM-1,1.66,PASS
P014593,CMM-1,27.9,PASS
P021534,CMM-1,-12.87,PASS
P019936,CMM-2,30.64,FAIL
P023830,CMM-1,11.87,PASS
P016273,CMM-1,12.01,PASS
P017471,CMM-1,18.03,PASS
P022888,CMM-1,16.98,PASS
P023605,CMM-1,5.02,PASS
P017924,CMM-1,8.93,PASS
P017174,CMM-1,31.92,PASS
P015423,CMM-1,-2.79,PASS
P022899,CMM-1,25.27,PASS
P015417,CMM-2,4.14,PASS
P015004,CMM-1,3.67,PASS
P018491,CMM-1,30.77,PASS
P015444,CMM-2,19.45,PASS
P019595,CMM-1,23.8,PASS
P013360,CMM-1,12.85,PASS
P021505,CMM-1,-6.89,PASS
P019767,CMM-1,15.37,PASS
P014123,CMM-2,17.82,PASS
P013293,CMM-2,-10.34,PASS
P014199,CMM-1,-15.48,PASS
P012620,CMM-2,-6.03,PASS
P017805,CMM-1,4.13,PASS
P020808,CMM-1,5.81,PASS
P016661,CMM-1,12.95,PASS
P021595,CMM-2,5.13,PASS
P014902,CMM-2,-2.97,PASS
P012425,CMM-1,-2.13,PASS
P018834,CMM-2,21.25,PASS
P021398,CMM-2,13.54,PASS
P020206,CMM-1,22.89,PASS
P020278,CMM-1,7.97,PASS
P015954,CMM-2,14.06,PASS
P012045,CMM-1,18.92,PASS
P021493,CMM-1,-4.98,PASS
P022361,CMM-2,-14.96,PASS
P016323,CMM-1,27.3,PASS
P015063,CMM-1,-0.9,PASS
P012123,CMM-1,21.79,PASS
P015971,CMM-1,20.05,PASS
P017370,CMM-1,11.22,PASS
P016367,CMM-1,-23.26,FAIL
P022491,CMM-1,10.48,PASS
P019133,CMM-1,5.27,PASS
P022240,CMM-1,9.88,PASS
P013111,CMM-1,4.34,PASS
P018304,CMM-1,19.38,PASS
P018847,CMM-2,-4.39,PASS
P022721,CMM-1,-22.88,FAIL
P020415,CMM-1,16.2,PASS
P012727,CMM-1,7.63,PASS
P022680,CMM-1,10.76,PASS
P013060,CMM-2,-20.3,PASS
P021842,CMM-2,-3.07,PASS
P014590,CMM-1,4.57,PASS
P012850,CMM-2,-7.36,PASS
P017713,CMM-1,42.93,FAIL
P017048,CMM-1,16.28,PASS
P014810,CMM-1,15.7,PASS
P022150,CMM-1,36.35,PASS
P019087,CMM-2,12.47,PASS
P023087,CMM-1,17.2,PASS
P021712,CMM-1,15.63,PASS
P017767,CMM-1,7.12,PASS
P018727,CMM-1,8.1,PASS
P012685,CMM-1,19.61,PASS
P015440,CMM-1,4.39,PASS
P021556,CMM-2,-2.11,PASS
P014202,CMM-1,31.14,PASS
P012712,CMM-2,-4.97,PASS
P020794,CMM-1,19.09,PASS
P018602,CMM-1,23.28,PASS
P020404,CMM-1,9.85,PASS
P014278,CMM-2,-0.87,PASS
P021865,CMM-1,22.32,PASS
P018242,CMM-2,16.26,PASS
P012173,CMM-2,-19.12,PASS
P017461,CMM-1,15.27,PASS
P019915,CMM-1,16.55,PASS
P013344,CMM-1,28.63,PASS
P022289,CMM-2,6.36,PASS
P020008,CMM-1,27.47,PASS
P016325,CMM-1,4.37,PASS
P017259,CMM-1,6.12,PASS
P019285,CMM-2,-15.99,PASS
P015840,CMM-1,-6.53,PASS
P014657,CMM-2,11.7,PASS
P012051,CMM-1,17.29,PASS
P019111,CMM-1,6.74,PASS
P013895,CMM-2,28.24,PASS
P023426,CMM-1,27.82,PASS
P023108,CMM-2,16.85,PASS
P021818,CMM-1,8.27,PASS
P023404,CMM-1,6.23,PASS
P022984,CMM-1,1.9,PASS
P018964,CMM-1,2.46,PASS
P020730,CMM-1,-12.24,PASS
P022323,CMM-1,-2.67,PASS
P017423,CMM-2,13.51,PASS
P015605,CMM-1,2.23,PASS
P023071,CMM-2,-1.46,PASS
P019903,CMM-1,-1.52,PASS
P021478,CMM-1,-9.92,PASS
P015920,CMM-1,14.68,PASS
P019278,CMM-1,29.88,PASS
P012642,CMM-1,12.95,PASS
P017725,CMM-1,26.02,PASS
P021870,CMM-1,15.02,PASS
P014791,CMM-1,-9.02,PASS
P015564,CMM-2,3.54,PASS
P012468,CMM-1,37.34,PASS
P018452,CMM-1,20.44,PASS
P019165,CMM-1,4.8,PASS
P017612,CMM-2,-7.58,PASS
P016639,CMM-1,4.48,PASS
P023152,CMM-2,-7.5,PASS
P016333,CMM-1,-5.94,PASS
P016400,CMM-1,9.18,PASS
P019355,CMM-1,25.23,PASS
P017631,CMM-1,0.96,PASS
P021887,CMM-1,16.44,PASS
P022369,CMM-2,5.67,PASS
P019468,CMM-1,23.79,PASS
P023819,CMM-1,7.2,PASS
P015202,CMM-1,25.5,PASS
P023351,CMM-1,-4.71,PASS
P017401,CMM-1,11.57,PASS
P017851,CMM-2,-14.97,PASS
P013432,CMM-2,9.85,PASS
P021590,CMM-2,-14.68,PASS
P017636,CMM-1,27.35,PASS
P012838,CMM-2,17.62,PASS
P020696,CMM-1,-10.73,PASS
P018922,CMM-1,13.07,PASS
P023013,CMM-1,-3.9,PASS
P013904,CMM-1,10.08,PASS
P013345,CMM-1,5.74,PASS
P023445,CMM-1,6.38,PASS
P020223,CMM-1,18.66,PASS
P016007,CMM-1,-8.99,PASS
P020294,CMM-1,-4.41,PASS
P013357,CMM-1,-0.61,PASS
P015726,CMM-1,21.41,PASS
P018910,CMM-1,-10.5,PASS
P017152,CMM-2,-11.8,PASS
P023202,CMM-1,10.59,PASS
P012828,CMM-1,2.75,PASS
P018831,CMM-1,2.01,PASS
P013816,CMM-2,-4.04,PASS
P016429,CMM-2,32.98,FAIL
P023327,CMM-1,-8.65,PASS
P017990,CMM-2,18.0,PASS
P012184,CMM-1,-5.65,PASS
P018858,CMM-2,4.22,PASS
P022401,CMM-1,17.74,PASS
P020723,CMM-1,7.73,PASS
P020163,CMM-1,-2.53,PASS
P023873,CMM-1,16.04,PASS
P012471,CMM-1,6.61,PASS
P016822,CMM-1,41.14,FAIL
P016331,CMM-1,-24.87,FAIL
P017004,CMM-1,12.23,PASS
P022269,CMM-1,17.95,PASS
P019464,CMM-1,-0.92,PASS
P019504,CMM-1,-16.73,PASS
P017391,CMM-1,-7.46,PASS
P020591,CMM-1,-1.23,PASS
P014427,CMM-1,1.72,PASS
P016418,CMM-1,-3.56,PASS
P017262,CMM-1,-32.32,FAIL
P013727,CMM-1,-4.32,PASS
P022069,CMM-1,24.5,PASS
P018244,CMM-2,17.77,PASS
P013480,CMM-1,-6.56,PASS
P014529,CMM-1,6.71,PASS
P022402,CMM-1,12.98,PASS
P014559,CMM-2,-13.73,PASS
P018882,CMM-1,-16.45,PASS
P019714,CMM-2,-8.53,PASS
P017377,CMM-1,7.4,PASS
P021129,CMM-1,0.14,PASS
P019331,CMM-2,-3.99,PASS
P012220,CMM-2,10.71,PASS
P020295,CMM-2,-8.08,PASS
P018435,CMM-1,-11.41,PASS
P020087,CMM-1,16.26,PASS
P020869,CMM-2,-31.53,FAIL
P021214,CMM-1,18.11,PASS
P017524,CMM-1,16.02,PASS
P013821,CMM-2,-3.26,PASS
P019687,CMM-1,-15.49,PASS
P012759,CMM-2,8.72,PASS
P015191,CMM-2,-3.14,PASS
P012842,CMM-2,9.32,PASS
P017298,CMM-1,22.64,PASS
P014217,CMM-1,10.2,PASS
P020102,CMM-2,2.68,PASS
P020314,CMM-1,10.07,PASS
P016128,CMM-1,6.22,PASS
P017746,CMM-2,0.37,PASS
P022012,CMM-1,11.46,PASS
P012249,CMM-1,4.85,PASS
P023850,CMM-1,6.17,PASS
P018947,CMM-1,14.34,PASS
P022313,CMM-1,16.81,PASS
P019294,CMM-1,-14.6,PASS
P021291,CMM-1,21.26,PASS
P013305,CMM-1,2.6,PASS
P017356,CMM-2,-0.77,PASS
P017296,CMM-1,-4.64,PASS
P014727,CMM-2,3.47,PASS
P020727,CMM-1,5.61,PASS
P020954,CMM-2,-1.76,PASS
P013555,CMM-2,35.08,FAIL
P019300,CMM-1,26.39,PASS
P022425,CMM-1,15.9,PASS
P013168,CMM-2,-0.87,PASS
P014341,CMM-2,32.57,FAIL
P013227,CMM-2,3.67,PASS
P012514,CMM-1,14.31,PASS
P021287,CMM-2,-3.74,PASS
P014687,CMM-1,-18.16,PASS
P023933,CMM-1,9.81,PASS
P015029,CMM-1,14.18,PASS
P022204,CMM-1,-15.79,PASS
P019807,CMM-1,20.8,PASS
P016763,CMM-1,-23.31,FAIL
P013548,CMM-2,-2.81,PASS
P016124,CMM-1,6.14,PASS
P012938,CMM-1,25.6,PASS
P016270,CMM-1,9.04,PASS
P012010,CMM-1,13.76,PASS
P021301,CMM-2,11.19,PASS
P013691,CMM-1,7.48,PASS
P012083,CMM-1,11.85,PASS
P020597,CMM-2,3.46,PASS
P021431,CMM-1,11.51,PASS
P020019,CMM-2,30.15,PASS
P022131,CMM-1,19.63,PASS
P013078,CMM-2,-1.06,PASS
P014788,CMM-1,6.35,PASS
P017476,CMM-1,6.44,PASS
P015476,CMM-1,1.52,PASS
P012100,CMM-1,-3.88,PASS
P014208,CMM-1,38.57,FAIL
P015077,CMM-1,27.32,PASS
P017947,CMM-1,13.6,PASS
P023438,CMM-2,-6.15,PASS
P018642,CMM-1,3.97,PASS
P022172,CMM-1,0.51,PASS
P020620,CMM-1,21.24,PASS
P015334,CMM-1,-19.06,PASS
P015798,CMM-1,24.9,PASS
P012951,CMM-1,22.53,PASS
P018521,CMM-1,10.97,PASS
P023597,CMM-2,10.06,PASS
P022459,CMM-1,10.05,PASS
P018298,CMM-1,-13.03,PASS
P020803,CMM-1,45.76,FAIL
P022841,CMM-1,9.27,PASS
P014862,CMM-1,2.74,PASS
P017354,CMM-2,-2.24,PASS
P021718,CMM-2,18.96,PASS
P018307,CMM-1,5.32,PASS
P019433,CMM-2,-8.59,PASS
P014875,CMM-1,11.36,PASS
P021652,CMM-1,46.12,FAIL
P013574,CMM-2,-6.45,PASS
P016390,CMM-1,11.53,PASS
P012207,CMM-1,1.3,PASS
P013819,CMM-1,14.73,PASS
P014740,CMM-1,-2.62,PASS
P012142,CMM-2,12.21,PASS
P023077,CMM-1,1.22,PASS
P015985,CMM-1,-2.01,PASS
P021948,CMM-2,-10.48,PASS
P018936,CMM-1,-3.42,PASS
P013410,CMM-2,13.35,PASS
P017798,CMM-1,0.83,PASS
P017489,CMM-1,17.22,PASS
P020483,CMM-1,-5.11,PASS
P020754,CMM-1,5.8,PASS
P016780,CMM-1,-1.12,PASS
P022409,CMM-2,-1.99,PASS
P016572,CMM-2,8.03,PASS
P015659,CMM-1,-6.47,PASS
P016604,CMM-1,13.13,PASS
P013803,CMM-2,-20.08,PASS
P018659,CMM-2,-2.81,PASS
P016641,CMM-1,7.27,PASS
P018616,CMM-1,14.97,PASS
P014556,CMM-1,1.81,PASS
P019209,CMM-2,10.36,PASS
P018319,CMM-1,23.64,PASS
P023348,CMM-2,-9.83,PASS
P018138,CMM-1,11.8,PASS
P012898,CMM-1,15.01,PASS
P023415,CMM-1,39.1,FAIL
P021792,CMM-2,-0.38,PASS
P023961,CMM-1,28.45,PASS
P021222,CMM-1,11.62,PASS
P014296,CMM-1,20.65,PASS
P019288,CMM-1,28.76,PASS
P023414,CMM-1,30.3,PASS
P014624,CMM-1,22.25,PASS
P021380,CMM-1,15.24,PASS
P012648,CMM-1,-6.59,PASS
P017193,CMM-2,2.22,PASS
P015594,CMM-1,34.18,PASS
P012379,CMM-1,12.35,PASS
P022194,CMM-1,5.34,PASS
P018466,CMM-1,24.12,PASS
P018770,CMM-1,20.83,PASS
P015772,CMM-1,9.16,PASS
P015305,CMM-1,44.58,FAIL
P015844,CMM-2,17.4,PASS
P018098,CMM-1,5.93,PASS
P023822,CMM-2,1.56,PASS
P013191,CMM-1,17.61,PASS
P021340,CMM-1,37.2,PASS
P013787,CMM-1,7.75,PASS
P022186,CMM-1,6.23,PASS
P014491,CMM-1,-5.95,PASS
P017894,CMM-1,7.92,PASS
P020605,CMM-1,23.29,PASS
P015293,CMM-1,-0.1,PASS
P016144,CMM-1,13.81,PASS
P013326,CMM-1,7.6,PASS
P018140,CMM-1,45.82,FAIL
P014776,CMM-1,1.32,PASS
P016294,CMM-2,-5.42,PASS
P019783,CMM-1,20.22,PASS
P019789,CMM-1,-2.49,PASS
P013187,CMM-1,19.47,PASS
P018985,CMM-1,-13.67,PASS
P021695,CMM-1,5.57,PASS
P012792,CMM-1,20.14,PASS
P012926,CMM-1,24.64,PASS
P014967,CMM-1,34.96,PASS
P013177,CMM-2,29.51,PASS
P014549,CMM-2,15.67,PASS
P021117,CMM-1,2.01,PASS
P023918,CMM-2,-12.03,PASS
P021593,CMM-1,25.71,PASS
P020075,CMM-1,26.47,PASS
P022049,CMM-1,-6.34,PASS
P016643,CMM-1,19.67,PASS
P023823,CMM-1,12.87,PASS
P021184,CMM-1,6.15,PASS
P017414,CMM-1,29.1,PASS
P019619,CMM-1,17.66,PASS
P016857,CMM-1,-14.24,PASS
P021687,CMM-2,11.82,PASS
P012080,CMM-1,21.84,PASS
P018011,CMM-1,11.68,PASS
P023743,CMM-1,4.62,PASS
P018551,CMM-1,10.45,PASS
P023820,CMM-1,1.99,PASS
P012747,CMM-2,-2.9,PASS
P018591,CMM-2,-16.19,PASS
P020870,CMM-2,1.05,PASS
P017406,CMM-2,-5.03,PASS
P014532,CMM-1,22.03,PASS
P021681,CMM-1,13.56,PASS
P012338,CMM-2,-14.07,PASS
P019442,CMM-1,4.86,PASS
P016040,CMM-1,7.27,PASS
P017310,CMM-1,13.96,PASS
P020863,CMM-2,0.71,PASS
P014839,CMM-2,6.63,PASS
P021010,CMM-1,9.13,PASS
P021246,CMM-2,-0.32,PASS
P012673,CMM-1,29.2,PASS
P018166,CMM-2,0.15,PASS
P014324,CMM-1,-15.33,PASS
P019368,CMM-1,5.28,PASS
P020801,CMM-1,-4.68,PASS
P020818,CMM-1,10.62,PASS
P023662,CMM-1,6.02,PASS
P014343,CMM-1,-5.35,PASS
P017978,CMM-2,10.73,PASS
P013377,CMM-1,19.07,PASS
P022227,CMM-1,20.52,PASS
P012894,CMM-1,9.62,PASS
P013556,CMM-2,-16.3,PASS
P014130,CMM-1,12.74,PASS
P022420,CMM-1,30.15,PASS
P023458,CMM-1,7.43,PASS
P016576,CMM-2,11.04,PASS
P023692,CMM-1,5.01,PASS
P023657,CMM-2,-6.95,PASS
P018372,CMM-2,-9.57,PASS
P018680,CMM-1,-3.14,PASS
P019978,CMM-1,-7.16,PASS
P018334,CMM-1,4.08,PASS
P015908,CMM-2,2.29,PASS
P017164,CMM-1,6.14,PASS
P016413,CMM-1,23.18,PASS
P021429,CMM-2,3.68,PASS
P021083,CMM-1,9.05,PASS
P012663,CMM-1,8.86,PASS
P015596,CMM-1,-1.48,PASS
P022482,CMM-2,2.47,PASS
P017243,CMM-1,10.74,PASS
P019889,CMM-2,-1.65,PASS
P020659,CMM-1,-11.71,PASS
P014863,CMM-1,9.89,PASS
P021187,CMM-1,-0.76,PASS
P013951,CMM-2,43.15,FAIL
P023075,CMM-1,-1.8,PASS
P014978,CMM-2,15.49,PASS
P019678,CMM-1,-15.23,PASS
P016730,CMM-1,-4.37,PASS
P014354,CMM-1,-9.54,PASS
P019749,CMM-1,24.59,PASS
P020202,CMM-1,6.91,PASS
P022034,CMM-2,-1.88,PASS
P013741,CMM-1,-1.39,PASS
P012969,CMM-1,26.2,PASS
P022710,CMM-2,9.89,PASS
P016178,CMM-1,18.38,PASS
P014558,CMM-1,-8.65,PASS
P012521,CMM-1,35.43,PASS
P012630,CMM-1,4.98,PASS
P020882,CMM-1,-13.17,PASS
P018830,CMM-1,20.14,PASS
P021507,CMM-2,-5.73,PASS
P015855,CMM-2,16.32,PASS
P020040,CMM-2,9.79,PASS
P023358,CMM-1,12.48,PASS
P023106,CMM-1,-2.9,PASS
P020187,CMM-2,-12.67,PASS
P019274,CMM-1,2.46,PASS
P018247,CMM-1,27.59,PASS
P023800,CMM-1,6.14,PASS
P018749,CMM-1,-5.16,PASS
P015421,CMM-1,-7.59,PASS
P020629,CMM-1,22.29,PASS
P017885,CMM-1,-18.6,PASS
P016466,CMM-1,14.09,PASS
P014031,CMM-2,-16.21,PASS
P016221,CMM-1,3.53,PASS
P015382,CMM-1,15.82,PASS
P022453,CMM-2,5.83,PASS
P017159,CMM-1,28.09,PASS
P019500,CMM-2,-5.97,PASS
P017925,CMM-2,-11.51,PASS
P012350,CMM-1,-8.57,PASS
P012253,CMM-2,14.4,PASS
P020111,CMM-1,-6.22,PASS
P022332,CMM-1,31.13,PASS
P022509,CMM-1,18.85,PASS
P015372,CMM-1,12.83,PASS
P016920,CMM-1,16.77,PASS
P015887,CMM-1,2.86,PASS
P020228,CMM-1,-2.25,PASS
P020393,CMM-1,6.36,PASS
P022553,CMM-1,0.16,PASS
P019489,CMM-1,-15.79,PASS
P017063,CMM-2,16.76,PASS
P015964,CMM-1,14.01,PASS
P022600,CMM-1,-15.71,PASS
P019482,CMM-2,28.78,PASS
P023220,CMM-1,2.16,PASS
P020053,CMM-1,4.04,PASS
P023048,CMM-1,18.08,PASS
P020522,CMM-1,37.67,PASS
P012962,CMM-1,31.01,PASS
P022325,CMM-1,-0.31,PASS
P018655,CMM-2,-3.79,PASS
P012952,CMM-2,-24.79,PASS
P017389,CMM-1,10.22,PASS
P015649,CMM-1,22.02,PASS
P018157,CMM-2,25.27,PASS
P016919,CMM-1,11.62,PASS
P012851,CMM-1,21.88,PASS
P020316,CMM-1,31.88,PASS
P013193,CMM-1,11.12,PASS
P018390,CMM-1,-19.24,PASS
P022859,CMM-1,18.77,PASS
P020230,CMM-1,26.01,PASS
P021658,CMM-1,-0.81,PASS
P015618,CMM-1,8.05,PASS
P023259,CMM-2,10.52,PASS
P020533,CMM-1,8.14,PASS
P021009,CMM-1,19.7,PASS
P021835,CMM-1,14.11,PASS
P013236,CMM-1,32.77,PASS
P023853,CMM-1,-16.18,PASS
P015015,CMM-2,-0.16,PASS
P016298,CMM-1,11.06,PASS
P016395,CMM-1,4.59,PASS
P014230,CMM-2,6.82,PASS
P015126,CMM-2,1.54,PASS
P014076,CMM-1,9.6,PASS
P016992,CMM-1,27.4,PASS
P019764,CMM-1,7.23,PASS
P019183,CMM-1,8.74,PASS
P020472,CMM-1,30.1,PASS
P021123,CMM-1,12.36,PASS
P016684,CMM-1,-10.9,PASS
P023389,CMM-1,22.04,PASS
P018146,CMM-1,19.84,PASS
P014264,CMM-2,-8.32,PASS
P018232,CMM-2,-14.14,PASS
P022301,CMM-1,2.4,PASS
P021206,CMM-1,-0.16,PASS
P015876,CMM-1,-10.47,PASS
P012355,CMM-1,1.09,PASS
P022057,CMM-1,-13.81,PASS
P015889,CMM-1,21.14,PASS
P019651,CMM-1,-9.69,PASS
P021633,CMM-1,25.75,PASS
P012834,CMM-1,15.81,PASS
P020542,CMM-1,22.26,PASS
P020530,CMM-1,14.94,PASS
P016927,CMM-1,13.4,PASS
P022853,CMM-1,30.8,PASS
P019162,CMM-2,1.9,PASS
P016256,CMM-2,-11.65,PASS
P021084,CMM-1,22.77,PASS
P018845,CMM-1,-4.49,PASS
P016881,CMM-1,8.71,PASS
P018791,CMM-1,-7.35,PASS
P019412,CMM-1,-7.75,PASS
P013596,CMM-1,16.69,PASS
P020308,CMM-2,1.81,PASS
P017483,CMM-2,-15.39,PASS
P019962,CMM-2,-20.18,PASS
P015381,CMM-1,26.54,PASS
P014976,CMM-1,5.98,PASS
P022231,CMM-2,17.83,PASS
P016250,CMM-1,10.73,PASS
P018420,CMM-1,23.13,PASS
P013057,CMM-1,20.6,PASS
P012527,CMM-1,-17.07,PASS
P022496,CMM-1,5.55,PASS
P013023,CMM-2,2.94,PASS
P021426,CMM-2,10.02,PASS
P022404,CMM-1,19.83,PASS
P012019,CMM-2,-17.42,PASS
P019347,CMM-1,26.78,PASS
P013114,CMM-1,9.53,PASS
P017038,CMM-2,48.44,FAIL
P020196,CMM-1,-21.38,PASS
P013139,CMM-1,-7.35,PASS
P020170,CMM-1,23.25,PASS
P012670,CMM-2,3.16,PASS
P012917,CMM-2,5.75,PASS
P012568,CMM-2,4.28,PASS
P018308,CMM-1,-17.01,PASS
P023030,CMM-1,31.04,PASS
P015388,CMM-2,-10.28,PASS
P013872,CMM-1,12.88,PASS
P013884,CMM-1,0.36,PASS
P022340,CMM-1,14.84,PASS
P013180,CMM-1,18.89,PASS
P020226,CMM-1,-31.91,FAIL
P017087,CMM-2,20.0,PASS
P015458,CMM-1,-4.62,PASS
P012065,CMM-2,13.7,PASS
P023575,CMM-2,18.05,PASS
P015680,CMM-1,25.76,PASS
P022582,CMM-1,15.13,PASS
P015402,CMM-2,26.23,PASS
P013653,CMM-2,19.85,PASS
P012815,CMM-1,16.67,PASS
P020593,CMM-1,28.09,PASS
P015863,CMM-2,9.4,PASS
P014659,CMM-2,17.85,PASS
P014057,CMM-1,-3.09,PASS
P022123,CMM-2,10.85,PASS
P022499,CMM-1,40.78,FAIL
P012443,CMM-2,-6.15,PASS
P017466,CMM-1,-0.12,PASS
P013291,CMM-1,3.67,PASS
P013864,CMM-1,18.62,PASS
P018235,CMM-1,17.92,PASS
P023457,CMM-1,19.3,PASS
P015129,CMM-1,12.47,PASS
P014284,CMM-1,17.46,PASS
P017382,CMM-1,20.08,PASS
P021373,CMM-2,22.22,PASS
P013591,CMM-1,42.03,FAIL
P019055,CMM-1,14.46,PASS
P013865,CMM-1,10.99,PASS
P023315,CMM-1,-12.84,PASS
P018660,CMM-2,27.05,PASS
P012895,CMM-1,-8.34,PASS
P015809,CMM-1,1.79,PASS
P023836,CMM-1,14.27,PASS
P018756,CMM-1,-10.7,PASS
P019450,CMM-1,13.16,PASS
P015919,CMM-1,23.26,PASS
P023665,CMM-1,4.54,PASS
P014414,CMM-2,-6.94,PASS
P019138,CMM-1,17.46,PASS
P021006,CMM-1,-5.93,PASS
P021908,CMM-2,18.83,PASS
P012001,CMM-1,18.55,PASS
P022374,CMM-2,6.01,PASS
P015433,CMM-2,-30.58,FAIL
P017658,CMM-2,-15.94,PASS
P019533,CMM-1,5.87,PASS
P020079,CMM-1,1.71,PASS
P014802,CMM-1,22.66,PASS
P021720,CMM-1,3.02,PASS
P016854,CMM-2,2.68,PASS
P014519,CMM-2,8.48,PASS
P018083,CMM-1,37.72,PASS
P015437,CMM-2,-38.73,FAIL
P014311,CMM-1,-15.69,PASS
P019826,CMM-1,31.69,PASS
P019769,CMM-1,-8.37,PASS
P012115,CMM-1,25.72,PASS
P017228,CMM-1,-15.94,PASS
P013663,CMM-1,12.8,PASS
P022533,CMM-1,33.49,PASS
P017427,CMM-2,25.02,PASS
P016886,CMM-1,4.5,PASS
P013578,CMM-1,-9.7,PASS
P021014,CMM-1,24.22,PASS
P018615,CMM-2,-9.08,PASS
P019070,CMM-2,-2.84,PASS
P020899,CMM-1,-14.67,PASS
P012053,CMM-1,4.27,PASS
P016095,CMM-2,-1.85,PASS
P022120,CMM-2,-22.64,PASS
P017219,CMM-1,17.14,PASS
P014502,CMM-1,0.96,PASS
P013853,CMM-2,7.51,PASS
P015060,CMM-1,30.82,PASS
P020969,CMM-2,-0.96,PASS
P013877,CMM-1,-10.67,PASS
P014206,CMM-1,2.22,PASS
P018987,CMM-1,6.62,PASS
P021965,CMM-2,4.79,PASS
P018320,CMM-1,9.69,PASS
P023017,CMM-2,-4.73,PASS
P022006,CMM-1,-12.22,PASS
P021473,CMM-2,-5.04,PASS
P023435,CMM-1,26.49,PASS
P020301,CMM-1,-11.1,PASS
P022368,CMM-1,-9.97,PASS
P016371,CMM-1,6.5,PASS
P020835,CMM-1,2.78,PASS
P018825,CMM-2,10.2,PASS
P020848,CMM-2,-4.75,PASS
P014799,CMM-1,18.22,PASS
P018821,CMM-1,15.76,PASS
P023496,CMM-1,16.18,PASS
P013503,CMM-1,-24.45,FAIL
P021802,CMM-2,15.96,PASS
P018789,CMM-1,-5.37,PASS
P021628,CMM-1,-2.78,PASS
P019952,CMM-1,30.06,PASS
P017113,CMM-1,8.26,PASS
P023154,CMM-1,-11.94,PASS
P015707,CMM-1,19.91,PASS
P023168,CMM-1,-4.65,PASS
P017817,CMM-2,-26.59,PASS
P020033,CMM-1,-8.13,PASS
P012929,CMM-2,-14.46,PASS
P018726,CMM-2,9.0,PASS
P019435,CMM-1,11.19,PASS
P019819,CMM-1,22.15,PASS
P012299,CMM-2,14.36,PASS
P017044,CMM-1,14.39,PASS
P023285,CMM-1,26.56,PASS
P021925,CMM-1,-0.41,PASS
P020861,CMM-1,-0.71,PASS
P012741,CMM-1,-17.46,PASS
P015903,CMM-1,-7.55,PASS
P021382,CMM-1,15.1,PASS
P018532,CMM-2,-21.41,PASS
P022780,CMM-2,30.49,FAIL
P022541,CMM-2,-29.61,PASS
P013238,CMM-1,-3.67,PASS
P019680,CMM-1,-10.24,PASS
P021079,CMM-1,31.55,PASS
P014678,CMM-1,22.04,PASS
P017716,CMM-1,-10.04,PASS
P012296,CMM-1,8.43,PASS
P013211,CMM-1,0.64,PASS
P012171,CMM-1,2.46,PASS
P013874,CMM-1,12.29,PASS
P012398,CMM-1,20.01,PASS
P019018,CMM-1,27.72,PASS
P019301,CMM-2,23.14,PASS
P020516,CMM-2,-30.08,FAIL
P012272,CMM-2,-46.18,FAIL
P021171,CMM-1,9.36,PASS
P020085,CMM-2,-22.94,PASS
P012194,CMM-1,41.58,FAIL
P022666,CMM-1,5.36,PASS
P023451,CMM-1,22.98,PASS
P016216,CMM-1,11.74,PASS
P019912,CMM-2,-11.35,PASS
P014886,CMM-1,30.15,PASS
P021053,CMM-1,2.69,PASS
P022799,CMM-1,-8.28,PASS
P013413,CMM-2,1.94,PASS
P021102,CMM-1,18.33,PASS
P014775,CMM-1,15.48,PASS
P013317,CMM-1,42.38,FAIL
P012852,CMM-1,19.01,PASS
P017438,CMM-1,9.85,PASS
P019198,CMM-1,9.1,PASS
P016112,CMM-1,5.33,PASS
P015910,CMM-2,12.39,PASS
P023503,CMM-1,1.25,PASS
P020430,CMM-2,1.79,PASS
P021714,CMM-1,-1.98,PASS
P021388,CMM-2,-1.31,PASS
P018125,CMM-2,-4.17,PASS
P014947,CMM-1,-7.83,PASS
P020554,CMM-1,-6.38,PASS
P017084,CMM-1,33.58,PASS
P019634,CMM-1,4.81,PASS
P014969,CMM-1,4.91,PASS
P016189,CMM-1,-5.1,PASS
P022646,CMM-1,40.63,FAIL
P021255,CMM-2,-2.48,PASS
P018638,CMM-1,8.7,PASS
P014151,CMM-1,7.12,PASS
P012242,CMM-1,29.15,PASS
P021609,CMM-1,19.95,PASS
P022771,CMM-2,-2.68,PASS
P023056,CMM-1,3.13,PASS
P012103,CMM-1,16.26,PASS
P020142,CMM-1,9.36,PASS
P020637,CMM-1,24.27,PASS
P021302,CMM-1,18.97,PASS
P018085,CMM-1,13.48,PASS
P023392,CMM-2,-1.09,PASS
P021807,CMM-1,11.5,PASS
P012389,CMM-2,-13.92,PASS
P022309,CMM-1,3.48,PASS
P023231,CMM-2,12.39,PASS
P023490,CMM-1,25.96,PASS
P022769,CMM-1,-5.9,PASS
P015361,CMM-1,36.56,PASS
P014292,CMM-1,-9.91,PASS
P019393,CMM-1,0.29,PASS
P013542,CMM-1,2.46,PASS
P015898,CMM-1,-12.53,PASS
P015769,CMM-1,-2.42,PASS
P021602,CMM-2,3.61,PASS
P017121,CMM-1,24.92,PASS
P021138,CMM-2,11.48,PASS
P020829,CMM-1,18.3,PASS
P020139,CMM-1,16.87,PASS
P015741,CMM-1,1.82,PASS
P018603,CMM-1,2.56,PASS
P022534,CMM-1,15.86,PASS
P020940,CMM-1,20.37,PASS
P023413,CMM-1,-3.79,PASS
P016304,CMM-2,-0.88,PASS
P012809,CMM-2,-3.22,PASS
P020400,CMM-1,1.54,PASS
P016030,CMM-1,18.42,PASS
P020705,CMM-1,12.17,PASS
P016150,CMM-1,6.34,PASS
P023039,CMM-1,11.17,PASS
P022510,CMM-1,21.99,PASS
P022344,CMM-1,17.26,PASS
P023797,CMM-1,16.86,PASS
P020599,CMM-1,4.03,PASS
P017521,CMM-1,3.73,PASS
P016379,CMM-1,5.2,PASS
P015538,CMM-2,-15.92,PASS
P014714,CMM-1,23.28,PASS
P016952,CMM-1,-14.76,PASS
P013871,CMM-1,5.16,PASS
P012885,CMM-1,7.93,PASS
P019135,CMM-1,5.25,PASS
P019214,CMM-1,-12.38,PASS
P022042,CMM-1,6.9,PASS
P022246,CMM-2,-3.9,PASS
P017236,CMM-1,8.7,PASS
P022770,CMM-1,12.24,PASS
P022679,CMM-1,25.61,PASS
P012174,CMM-1,-9.66,PASS
P018550,CMM-2,-7.04,PASS
P012108,CMM-1,10.23,PASS
P016657,CMM-1,-4.34,PASS
P023278,CMM-1,5.0,PASS
P014640,CMM-1,3.87,PASS
P018621,CMM-1,13.89,PASS
P022216,CMM-2,15.52,PASS
P015636,CMM-1,24.33,PASS
P016043,CMM-1,-2.82,PASS
P021662,CMM-1,9.19,PASS
P015868,CMM-1,4.1,PASS
P023917,CMM-1,11.33,PASS
P018190,CMM-1,15.37,PASS
P016469,CMM-1,11.38,PASS
P018954,CMM-1,10.91,PASS
P018092,CMM-2,3.23,PASS
P022392,CMM-1,8.07,PASS
P022913,CMM-1,24.82,PASS
P023865,CMM-1,2.68,PASS
P014271,CMM-1,18.68,PASS
P014872,CMM-1,35.13,PASS
P016211,CMM-1,26.22,PASS
P014503,CMM-1,17.34,PASS
P012908,CMM-1,-5.71,PASS
P021199,CMM-1,35.12,PASS
P016308,CMM-1,15.0,PASS
P015435,CMM-1,-4.98,PASS
P014768,CMM-2,5.46,PASS
P022557,CMM-2,10.71,PASS
P012250,CMM-1,29.65,PASS
P015182,CMM-1,23.25,PASS
P012959,CMM-1,-24.11,FAIL
P016889,CMM-1,-0.35,PASS
P013812,CMM-1,32.86,PASS
P017811,CMM-1,11.42,PASS
P020379,CMM-1,21.12,PASS
P013228,CMM-1,7.44,PASS
P020132,CMM-1,4.25,PASS
P020447,CMM-1,19.05,PASS
P014470,CMM-2,-13.75,PASS
P016292,CMM-1,8.58,PASS
P018295,CMM-2,16.64,PASS
P015223,CMM-1,22.94,PASS
P021160,CMM-1,29.41,PASS
P020123,CMM-1,33.11,PASS
P015088,CMM-1,2.14,PASS
P019068,CMM-1,10.36,PASS
P022293,CMM-2,9.99,PASS
P022278,CMM-1,-10.06,PASS
P016403,CMM-1,22.22,PASS
P018538,CMM-1,-10.73,PASS
P018149,CMM-2,12.32,PASS
P014499,CMM-1,-24.68,FAIL
P018119,CMM-1,4.96,PASS
P022832,CMM-1,10.84,PASS
P013843,CMM-1,23.82,PASS
P016901,CMM-1,11.22,PASS
P019713,CMM-1,9.43,PASS
P012622,CMM-1,-4.52,PASS
P020234,CMM-1,0.55,PASS
P017733,CMM-1,8.67,PASS
P016559,CMM-1,-14.91,PASS
P023587,CMM-1,9.67,PASS
P022694,CMM-1,24.21,PASS
P023704,CMM-1,14.52,PASS
P017861,CMM-1,5.2,PASS
P017066,CMM-1,20.05,PASS
P017221,CMM-1,-5.64,PASS
P018060,CMM-1,3.06,PASS
P018507,CMM-1,-1.61,PASS
P012384,CMM-1,16.08,PASS
P022924,CMM-1,15.92,PASS
P012069,CMM-1,9.23,PASS
P023680,CMM-2,13.79,PASS
P016622,CMM-1,4.24,PASS
P017646,CMM-1,22.6,PASS
P023385,CMM-1,-9.02,PASS
P020113,CMM-1,50.29,FAIL
P019167,CMM-2,11.03,PASS
P020531,CMM-1,15.73,PASS
P013991,CMM-2,12.46,PASS
P017059,CMM-2,8.89,PASS
P018291,CMM-1,27.62,PASS
P020702,CMM-1,3.31,PASS
P023284,CMM-2,23.78,PASS
P016759,CMM-2,8.48,PASS
P021070,CMM-1,-14.14,PASS
P019171,CMM-2,7.47,PASS
P013528,CMM-2,2.2,PASS
P020847,CMM-1,8.97,PASS
P021795,CMM-2,-5.42,PASS
P022157,CMM-2,14.81,PASS
P013269,CMM-1,14.9,PASS
P014048,CMM-1,13.98,PASS
P022711,CMM-1,19.68,PASS
P019323,CMM-1,20.99,PASS
P019250,CMM-1,12.28,PASS
P016550,CMM-1,18.37,PASS
P014572,CMM-1,35.89,PASS
P022241,CMM-1,4.38,PASS
P022812,CMM-1,19.77,PASS
P014844,CMM-1,-1.47,PASS
P023567,CMM-1,2.38,PASS
P019496,CMM-2,-9.64,PASS
P012983,CMM-1,12.09,PASS
P021313,CMM-2,-2.94,PASS
P023174,CMM-1,34.6,PASS
P014086,CMM-2,4.4,PASS
P013251,CMM-1,-0.28,PASS
P014428,CMM-1,15.02,PASS
P015010,CMM-1,2.32,PASS
P018921,CMM-1,27.79,PASS
P020076,CMM-1,22.16,PASS
P012039,CMM-1,5.46,PASS
P022873,CMM-2,17.83,PASS
P012910,CMM-1,0.58,PASS
P016670,CMM-1,22.71,PASS
P021961,CMM-1,3.48,PASS
P023941,CMM-1,-7.45,PASS
P021665,CMM-2,22.45,PASS
P018783,CMM-2,-0.79,PASS
P021597,CMM-1,17.64,PASS
P019096,CMM-1,16.01,PASS
P016962,CMM-1,20.85,PASS
P012829,CMM-1,6.96,PASS
P018289,CMM-1,2.85,PASS
P013818,CMM-2,16.78,PASS
P012227,CMM-1,53.81,FAIL
P015752,CMM-1,19.59,PASS
P013178,CMM-1,12.19,PASS
P015379,CMM-1,-6.73,PASS
P021813,CMM-1,18.75,PASS
P012658,CMM-1,32.3,PASS
P014738,CMM-1,4.67,PASS
P022519,CMM-1,6.56,PASS
P016491,CMM-2,7.76,PASS
P023975,CMM-1,22.12,PASS
P013939,CMM-1,31.45,PASS
P022644,CMM-1,4.51,PASS
P023207,CMM-1,31.43,PASS
P017768,CMM-1,17.25,PASS
P023089,CMM-1,6.17,PASS
P019332,CMM-1,22.18,PASS
P022571,CMM-2,1.33,PASS
P017714,CMM-1,-4.5,PASS
P020413,CMM-1,16.31,PASS
P013670,CMM-2,-4.6,PASS
P018218,CMM-1,10.92,PASS
P020176,CMM-1,32.42,PASS
P015378,CMM-1,3.08,PASS
P017676,CMM-1,34.25,PASS
P020254,CMM-2,0.76,PASS
P020778,CMM-1,10.03,PASS
P012333,CMM-1,-13.34,PASS
P012918,CMM-1,34.88,PASS
P017051,CMM-1,23.73,PASS
P020747,CMM-1,0.28,PASS
P018476,CMM-1,7.77,PASS
P019069,CMM-1,9.08,PASS
P021561,CMM-1,-2.61,PASS
P014772,CMM-1,26.07,PASS
P022594,CMM-1,2.15,PASS
P014453,CMM-1,2.75,PASS
P012993,CMM-1,19.44,PASS
P018965,CMM-1,-15.97,PASS
P021699,CMM-1,3.58,PASS
P023768,CMM-1,-18.4,PASS
P022149,CMM-1,4.92,PASS
P016192,CMM-1,8.66,PASS
P017138,CMM-1,-2.02,PASS
P017913,CMM-1,25.83,PASS
P017477,CMM-1,10.8,PASS
P014223,CMM-1,16.11,PASS
P012482,CMM-1,-8.32,PASS
P013562,CMM-1,13.49,PASS
P019186,CMM-2,-5.81,PASS
P018252,CMM-1,35.03,PASS
P014389,CMM-1,0.08,PASS
P013469,CMM-1,-7.55,PASS
P023976,CMM-1,4.69,PASS
P022448,CMM-1,23.17,PASS
P021877,CMM-1,7.28,PASS
P020515,CMM-1,4.2,PASS
P021369,CMM-1,13.69,PASS
P022247,CMM-2,-12.76,PASS
P017644,CMM-2,10.06,PASS
P013295,CMM-1,26.87,PASS
P016159,CMM-2,15.07,PASS
P017028,CMM-1,-2.71,PASS
P023310,CMM-1,6.39,PASS
P019046,CMM-1,4.2,PASS
P020666,CMM-1,26.58,PASS
P017886,CMM-1,10.63,PASS
P020956,CMM-1,15.08,PASS
P015172,CMM-1,10.46,PASS
P012558,CMM-1,7.63,PASS
P018815,CMM-1,2.58,PASS
P013944,CMM-1,-4.34,PASS
P015292,CMM-1,9.05,PASS
P022478,CMM-1,6.2,PASS
P015947,CMM-1,1.05,PASS
P017838,CMM-1,-3.91,PASS
P020124,CMM-2,18.02,PASS
P020496,CMM-1,12.92,PASS
P021120,CMM-1,19.15,PASS
P021366,CMM-2,23.5,PASS
P015917,CMM-1,-1.88,PASS
P019277,CMM-1,4.12,PASS
P015180,CMM-2,18.88,PASS
P014436,CMM-1,29.66,PASS
P018984,CMM-1,18.13,PASS
P022013,CMM-1,14.95,PASS
P020274,CMM-1,-7.66,PASS
P014784,CMM-1,8.55,PASS
P023825,CMM-1,17.36,PASS
P015061,CMM-2,-1.56,PASS
P019672,CMM-1,8.23,PASS
P020845,CMM-2,-16.63,PASS
P021267,CMM-1,11.21,PASS
P015784,CMM-1,19.28,PASS
P012683,CMM-2,-19.6,PASS
P021449,CMM-1,-11.24,PASS
P020684,CMM-2,-2.52,PASS
P018986,CMM-2,8.65,PASS
P021146,CMM-1,-2.34,PASS
P020339,CMM-1,-9.21,PASS
P019215,CMM-1,9.45,PASS
P014984,CMM-1,9.72,PASS
P022476,CMM-2,1.77,PASS
P022852,CMM-1,14.68,PASS
P012235,CMM-1,8.16,PASS
P022994,CMM-1,47.14,FAIL
P015228,CMM-1,-3.42,PASS
P023638,CMM-1,17.29,PASS
P016242,CMM-1,32.58,PASS
P020894,CMM-1,25.56,PASS
P013612,CMM-1,0.14,PASS
P015340,CMM-1,1.92,PASS
P015101,CMM-1,26.51,PASS
P019779,CMM-2,-9.97,PASS
P019984,CMM-1,6.98,PASS
P022030,CMM-1,46.4,FAIL
P013484,CMM-2,-4.6,PASS
P021363,CMM-1,17.18,PASS
P021716,CMM-1,0.98,PASS
P022101,CMM-1,1.22,PASS
P013878,CMM-1,-12.37,PASS
P020427,CMM-1,7.63,PASS
P019961,CMM-1,30.74,PASS
P016504,CMM-1,22.32,PASS
P020964,CMM-1,-12.76,PASS
P017261,CMM-1,3.11,PASS
P022672,CMM-1,-12.18,PASS
P014958,CMM-1,4.87,PASS
P020722,CMM-1,-10.38,PASS
P023143,CMM-1,-1.15,PASS
P021938,CMM-1,21.97,PASS
P013301,CMM-2,-7.95,PASS
P012836,CMM-1,5.13,PASS
P021076,CMM-1,19.36,PASS
P016457,CMM-1,34.2,PASS
P015927,CMM-1,15.84,PASS
P023455,CMM-1,14.74,PASS
P021108,CMM-1,14.02,PASS
P019588,CMM-1,25.65,PASS
P019833,CMM-1,-2.35,PASS
P018485,CMM-1,6.74,PASS
P023668,CMM-2,2.27,PASS
P019670,CMM-1,5.28,PASS
P021341,CMM-1,0.39,PASS
P019372,CMM-1,13.51,PASS
P021196,CMM-1,11.32,PASS
P023137,CMM-2,22.44,PASS
P020088,CMM-1,9.1,PASS
P020606,CMM-1,4.06,PASS
P014439,CMM-1,-7.23,PASS
P019048,CMM-1,0.55,PASS
P022408,CMM-1,16.9,PASS
P022222,CMM-1,-0.89,PASS
P022008,CMM-1,17.09,PASS
P018675,CMM-1,0.5,PASS
P022854,CMM-1,11.62,PASS
P022031,CMM-1,5.4,PASS
P021988,CMM-1,19.69,PASS
P023427,CMM-2,-2.17,PASS
P023431,CMM-1,24.78,PASS
P016127,CMM-1,23.47,PASS
P013221,CMM-1,-5.55,PASS
P020158,CMM-2,-14.7,PASS
P022258,CMM-2,30.93,FAIL
P021506,CMM-1,12.34,PASS
P016003,CMM-2,10.85,PASS
P020341,CMM-1,-9.12,PASS
P022724,CMM-1,12.83,PASS
P015099,CMM-1,0.68,PASS
P017177,CMM-1,6.4,PASS
P020371,CMM-2,-18.03,PASS
P021094,CMM-1,9.82,PASS
P015894,CMM-1,-2.19,PASS
P023894,CMM-1,13.16,PASS
P023124,CMM-1,0.95,PASS
P022390,CMM-1,-0.32,PASS
P022166,CMM-1,25.75,PASS
P014955,CMM-1,11.34,PASS
P022645,CMM-2,-13.52,PASS
P019577,CMM-1,-2.35,PASS
P020871,CMM-1,-5.64,PASS
P017042,CMM-1,18.06,PASS
P021729,CMM-1,-4.35,PASS
P013686,CMM-1,2.04,PASS
P018820,CMM-2,6.57,PASS
P016026,CMM-2,6.58,PASS
P020109,CMM-1,3.65,PASS
P016899,CMM-1,-19.89,PASS
P017874,CMM-1,14.2,PASS
P013224,CMM-2,23.13,PASS
P017743,CMM-2,-16.49,PASS
P023898,CMM-1,-16.71,PASS
P013824,CMM-1,6.62,PASS
P020566,CMM-1,15.05,PASS
P017522,CMM-1,0.78,PASS
P018072,CMM-1,12.71,PASS
P018813,CMM-1,-30.16,FAIL
P022508,CMM-1,-2.41,PASS
P014571,CMM-1,-8.36,PASS
P023226,CMM-1,2.43,PASS
P017103,CMM-1,-1.47,PASS
P016597,CMM-1,30.35,PASS
P016254,CMM-1,-0.89,PASS
P015853,CMM-2,-8.44,PASS
P021286,CMM-2,-3.72,PASS
P014102,CMM-1,2.99,PASS
P012268,CMM-1,-5.27,PASS
P018709,CMM-1,12.39,PASS
P017192,CMM-2,30.84,FAIL
P021553,CMM-1,-27.58,FAIL
P019009,CMM-1,22.16,PASS
P022262,CMM-1,14.29,PASS
P022244,CMM-2,44.83,FAIL
P013759,CMM-1,19.31,PASS
P018286,CMM-1,13.27,PASS
P013063,CMM-2,5.84,PASS
P015519,CMM-1,21.36,PASS
P014002,CMM-1,10.49,PASS
P020435,CMM-1,13.51,PASS
P022842,CMM-1,40.97,FAIL
P023332,CMM-1,-4.81,PASS
P013597,CMM-1,15.2,PASS
P013201,CMM-1,11.96,PASS
P015532,CMM-2,-6.11,PASS
P021310,CMM-1,15.74,PASS
P021782,CMM-1,9.7,PASS
P022165,CMM-1,1.78,PASS
P018768,CMM-2,15.44,PASS
P013106,CMM-1,1.54,PASS
P023179,CMM-1,24.65,PASS
P023073,CMM-2,-15.18,PASS
P018946,CMM-2,16.13,PASS
P016249,CMM-2,-23.53,PASS
P014187,CMM-1,-6.35,PASS
P015723,CMM-1,-8.68,PASS
P019216,CMM-1,8.12,PASS
P016998,CMM-2,-4.66,PASS
P023330,CMM-1,-1.36,PASS
P019072,CMM-2,17.24,PASS
P015213,CMM-1,17.94,PASS
P021634,CMM-1,14.35,PASS
P021704,CMM-1,-5.58,PASS
P015419,CMM-2,-14.57,PASS
P012168,CMM-1,14.38,PASS
P021995,CMM-1,9.77,PASS
P023010,CMM-1,-0.31,PASS
P022568,CMM-1,13.17,PASS
P016172,CMM-1,5.41,PASS
P013982,CMM-2,17.06,PASS
P012112,CMM-1,16.41,PASS
P023774,CMM-2,-4.32,PASS
P018666,CMM-1,-24.75,FAIL
P012706,CMM-1,7.19,PASS
P022759,CMM-1,26.98,PASS
P018444,CMM-1,6.65,PASS
P018604,CMM-1,16.36,PASS
P015141,CMM-1,15.44,PASS
P012904,CMM-1,18.34,PASS
P016037,CMM-1,11.34,PASS
P018736,CMM-1,17.45,PASS
P017132,CMM-2,10.5,PASS
P017082,CMM-1,16.43,PASS
P021404,CMM-1,16.01,PASS
P022586,CMM-1,20.39,PASS
P013381,CMM-1,24.74,PASS
P018859,CMM-1,-14.22,PASS
P019345,CMM-2,10.55,PASS
P019974,CMM-2,-9.17,PASS
P012493,CMM-2,-14.27,PASS
P013952,CMM-2,37.27,FAIL
P014614,CMM-1,25.37,PASS
P019830,CMM-1,-6.16,PASS
P012739,CMM-1,6.09,PASS
P019092,CMM-1,-25.38,FAIL
P012042,CMM-1,11.09,PASS
P018472,CMM-1,2.56,PASS
P012586,CMM-1,34.42,PASS
P023626,CMM-1,-3.29,PASS
P013668,CMM-1,-8.1,PASS
P017314,CMM-1,-19.36,PASS
P019704,CMM-1,18.53,PASS
P018030,CMM-2,-0.99,PASS
P016850,CMM-1,3.62,PASS
P022673,CMM-1,7.58,PASS
P012195,CMM-1,-5.04,PASS
P017912,CMM-2,-20.51,PASS
P014884,CMM-1,20.48,PASS
P014517,CMM-1,25.13,PASS
P021622,CMM-1,13.21,PASS
P015385,CMM-1,8.21,PASS
P018284,CMM-2,-15.27,PASS
P017975,CMM-1,21.84,PASS
P018806,CMM-2,8.04,PASS
P023629,CMM-1,16.5,PASS
P023982,CMM-1,21.59,PASS
P016049,CMM-2,-19.11,PASS
P015650,CMM-2,-5.48,PASS
P020898,CMM-2,2.54,PASS
P022797,CMM-1,26.08,PASS
P016748,CMM-1,23.92,PASS
P016476,CMM-1,-3.02,PASS
P020922,CMM-1,16.95,PASS
P013021,CMM-1,23.8,PASS
P018436,CMM-1,34.89,PASS
P016383,CMM-1,-4.43,PASS
P020362,CMM-2,2.72,PASS
P023304,CMM-1,-18.18,PASS
P014342,CMM-1,-5.69,PASS
P012530,CMM-1,30.72,PASS
P016388,CMM-2,-3.89,PASS
P014336,CMM-1,28.09,PASS
P023967,CMM-1,-5.93,PASS
P023880,CMM-1,11.73,PASS
P014701,CMM-1,1.59,PASS
P013527,CMM-1,-1.45,PASS
P021434,CMM-2,17.37,PASS
P012940,CMM-1,1.86,PASS
P015957,CMM-1,1.14,PASS
P021552,CMM-2,-9.81,PASS
P015071,CMM-1,13.74,PASS
P016479,CMM-1,20.2,PASS
P022106,CMM-2,17.36,PASS
P013498,CMM-2,0.57,PASS
P016797,CMM-1,4.59,PASS
P021985,CMM-1,22.05,PASS
P022524,CMM-1,26.78,PASS
P017722,CMM-1,12.84,PASS
P015781,CMM-2,-2.17,PASS
P016829,CMM-1,10.72,PASS
P012240,CMM-1,13.63,PASS
P015413,CMM-1,11.06,PASS
P023716,CMM-1,19.08,PASS
P015462,CMM-1,2.27,PASS
P023266,CMM-1,-7.29,PASS
P021332,CMM-1,38.26,FAIL
P021285,CMM-2,-1.63,PASS
P022103,CMM-2,27.29,PASS
P018392,CMM-1,20.45,PASS
P013089,CMM-1,30.94,PASS
P012903,CMM-1,19.17,PASS
P021307,CMM-1,-2.27,PASS
P016108,CMM-1,-16.35,PASS
P018883,CMM-1,-18.76,PASS
P016455,CMM-2,2.43,PASS
P017977,CMM-1,19.0,PASS
P012301,CMM-1,-1.38,PASS
P021853,CMM-2,-14.73,PASS
P018155,CMM-2,-2.48,PASS
P023648,CMM-1,26.77,PASS
P016713,CMM-1,6.83,PASS
P020612,CMM-1,14.48,PASS
P017255,CMM-1,12.15,PASS
P021049,CMM-1,10.71,PASS
P016714,CMM-1,12.5,PASS
P022904,CMM-1,14.25,PASS
P015122,CMM-2,-0.15,PASS
P012061,CMM-1,20.54,PASS
P015424,CMM-1,-2.57,PASS
P022160,CMM-1,27.47,PASS
P018511,CMM-1,16.64,PASS
P014703,CMM-2,-17.5,PASS
P017843,CMM-1,24.98,PASS
P012731,CMM-1,8.66,PASS
P023069,CMM-1,-3.68,PASS
P021456,CMM-1,-9.39,PASS
P019426,CMM-1,-7.5,PASS
P014351,CMM-1,-5.28,PASS
P018827,CMM-1,34.6,PASS
P020997,CMM-1,0.24,PASS
P018576,CMM-1,31.51,PASS
P023868,CMM-1,-3.89,PASS
P019733,CMM-1,-0.97,PASS
P021829,CMM-1,10.82,PASS
P016691,CMM-2,-30.16,FAIL
P022252,CMM-2,-20.89,PASS
P022997,CMM-1,1.32,PASS
P022891,CMM-1,11.8,PASS
P019584,CMM-1,23.44,PASS
P015468,CMM-1,-0.04,PASS
P012749,CMM-1,0.53,PASS
P017777,CMM-2,-24.82,PASS
P016849,CMM-1,0.72,PASS
P019959,CMM-1,20.01,PASS
P017041,CMM-1,14.35,PASS
P014095,CMM-1,4.9,PASS
P014547,CMM-1,28.24,PASS
P012307,CMM-1,-4.85,PASS
P019012,CMM-2,-12.05,PASS
P019011,CMM-2,18.17,PASS
P015511,CMM-2,-1.11,PASS
P014764,CMM-1,10.72,PASS
P018233,CMM-1,-7.44,PASS
P021710,CMM-2,5.58,PASS
P021512,CMM-1,25.52,PASS
P019805,CMM-1,10.48,PASS
P023279,CMM-2,-8.25,PASS
P021127,CMM-1,11.49,PASS
P022804,CMM-1,3.38,PASS
P019190,CMM-1,-6.0,PASS
P018860,CMM-1,22.64,PASS
P013275,CMM-2,-10.68,PASS
P017993,CMM-1,4.43,PASS
P013892,CMM-1,-3.6,PASS
P022484,CMM-1,36.52,PASS
P012613,CMM-2,-0.18,PASS
P018110,CMM-1,9.9,PASS
P015461,CMM-1,25.45,PASS
P016369,CMM-1,-1.7,PASS
P014376,CMM-1,26.08,PASS
P020756,CMM-2,29.0,PASS
P023299,CMM-1,5.43,PASS
P012726,CMM-1,-1.19,PASS
P022886,CMM-2,-31.06,FAIL
P021886,CMM-2,5.25,PASS
P019867,CMM-2,15.49,PASS
P019421,CMM-2,20.24,PASS
P015626,CMM-2,-5.14,PASS
P020261,CMM-1,33.27,PASS
P015100,CMM-1,21.18,PASS
P021164,CMM-1,13.06,PASS
P018214,CMM-1,17.99,PASS
P019324,CMM-1,5.14,PASS
P022357,CMM-1,-9.85,PASS
P012008,CMM-1,11.56,PASS
P022214,CMM-2,3.3,PASS
P019173,CMM-1,-3.43,PASS
P017080,CMM-1,17.99,PASS
P012392,CMM-2,5.36,PASS
P012646,CMM-2,6.71,PASS
P023243,CMM-1,11.56,PASS
P021055,CMM-1,11.61,PASS
P022391,CMM-1,1.27,PASS
P018752,CMM-1,13.53,PASS
P015054,CMM-1,-13.38,PASS
P021641,CMM-2,-1.41,PASS
P023964,CMM-1,5.7,PASS
P018803,CMM-2,-17.72,PASS
P014273,CMM-1,39.84,FAIL
P016396,CMM-1,21.19,PASS
P013214,CMM-2,13.49,PASS
P016638,CMM-2,0.59,PASS
P017096,CMM-2,12.97,PASS
P018844,CMM-1,10.91,PASS
P019851,CMM-2,9.25,PASS
P019266,CMM-1,2.03,PASS
P020338,CMM-2,17.31,PASS
P012746,CMM-1,25.7,PASS
P015914,CMM-2,10.99,PASS
P015988,CMM-2,-8.52,PASS
P020763,CMM-2,6.06,PASS
P012504,CMM-1,16.48,PASS
P017872,CMM-1,8.12,PASS
P015422,CMM-1,-2.88,PASS
P018717,CMM-1,-15.7,PASS
P014814,CMM-1,25.11,PASS
P015279,CMM-1,-16.54,PASS
P012602,CMM-1,16.17,PASS
P016130,CMM-1,34.02,PASS
P016966,CMM-1,13.28,PASS
P014299,CMM-1,7.52,PASS
P017727,CMM-1,-6.06,PASS
P017094,CMM-1,5.94,PASS
P018474,CMM-1,11.64,PASS
P016832,CMM-2,-27.34,PASS
P022663,CMM-1,10.23,PASS
P018162,CMM-1,27.96,PASS
P022387,CMM-1,-6.37,PASS
P022468,CMM-1,7.67,PASS
P013002,CMM-2,13.46,PASS
P012638,CMM-2,-10.7,PASS
P019170,CMM-1,-8.22,PASS
P022783,CMM-1,35.12,PASS
P020795,CMM-1,16.41,PASS
P016360,CMM-1,1.41,PASS
P018529,CMM-1,12.85,PASS
P015304,CMM-1,-1.76,PASS
P016672,CMM-1,7.55,PASS
P021069,CMM-1,-1.8,PASS
P019834,CMM-2,-22.71,PASS
P017355,CMM-2,-14.32,PASS
P013807,CMM-1,0.16,PASS
P018877,CMM-1,21.01,PASS
P019640,CMM-1,36.21,PASS
P017151,CMM-1,-5.81,PASS
P017643,CMM-1,1.72,PASS
P013533,CMM-1,-16.36,PASS
P016583,CMM-1,4.34,PASS
P022829,CMM-2,9.73,PASS
P023889,CMM-1,10.55,PASS
P021424,CMM-1,0.46,PASS
P014496,CMM-1,21.05,PASS
P013069,CMM-2,-15.3,PASS
P016241,CMM-2,-9.34,PASS
P022528,CMM-1,21.93,PASS
P022692,CMM-1,-3.46,PASS
P014429,CMM-1,14.51,PASS
P019618,CMM-1,27.2,PASS
P018916,CMM-1,14.33,PASS
P015512,CMM-1,34.72,PASS
P018101,CMM-1,1.94,PASS
P012618,CMM-1,11.55,PASS
P014873,CMM-1,6.88,PASS
P014520,CMM-1,12.64,PASS
P022664,CMM-1,13.82,PASS
P017279,CMM-2,6.05,PASS
P021328,CMM-1,17.08,PASS
P022879,CMM-1,-1.74,PASS
P016066,CMM-1,-0.69,PASS
P015980,CMM-2,17.39,PASS
P019006,CMM-2,-3.08,PASS
P013849,CMM-1,7.68,PASS
P018449,CMM-1,8.93,PASS
P012644,CMM-1,-7.8,PASS
P019838,CMM-2,17.2,PASS
P017890,CMM-1,0.27,PASS
P016852,CMM-1,22.75,PASS
P013615,CMM-1,19.89,PASS
P023081,CMM-1,-18.2,PASS
P023507,CMM-2,-4.14,PASS
P018434,CMM-1,5.14,PASS
P021122,CMM-1,18.02,PASS
P013915,CMM-1,5.78,PASS
P020622,CMM-1,12.4,PASS
P013009,CMM-1,49.48,FAIL
P017130,CMM-1,-7.05,PASS
P021770,CMM-1,-7.63,PASS
P016169,CMM-2,-19.57,PASS
P021771,CMM-1,27.66,PASS
P016433,CMM-2,6.43,PASS
P022966,CMM-1,15.24,PASS
P016375,CMM-1,18.36,PASS
P013287,CMM-1,-5.69,PASS
P015645,CMM-1,-21.37,PASS
P017057,CMM-1,9.84,PASS
P012481,CMM-1,2.44,PASS
P015529,CMM-2,-34.06,FAIL
P015825,CMM-1,-7.66,PASS
P023968,CMM-2,-12.4,PASS
P018381,CMM-2,5.09,PASS
P015697,CMM-1,0.12,PASS
P013923,CMM-1,8.7,PASS
P016156,CMM-2,-26.2,PASS
P017740,CMM-2,-15.22,PASS
P020673,CMM-1,3.06,PASS
P014457,CMM-1,14.66,PASS
P020846,CMM-1,3.42,PASS
P016830,CMM-1,22.11,PASS
P023694,CMM-1,9.85,PASS
P020186,CMM-2,12.54,PASS
P018377,CMM-1,50.56,FAIL
P013369,CMM-1,-5.42,PASS
P022050,CMM-1,27.45,PASS
P012643,CMM-2,-2.29,PASS
P016215,CMM-1,15.13,PASS
P014207,CMM-1,8.3,PASS
P019260,CMM-2,0.1,PASS
P015039,CMM-1,2.43,PASS
P012165,CMM-2,-16.0,PASS
P020437,CMM-2,-4.27,PASS
P012368,CMM-1,-10.51,PASS
P022224,CMM-1,17.27,PASS
P021828,CMM-1,-6.55,PASS
P021796,CMM-1,8.54,PASS
P013887,CMM-2,13.82,PASS
P013857,CMM-1,-6.81,PASS
P018346,CMM-2,3.6,PASS
P017858,CMM-2,-28.96,PASS
P022875,CMM-2,-10.48,PASS
P023120,CMM-1,28.29,PASS
P022943,CMM-2,5.41,PASS
P013709,CMM-1,3.14,PASS
P016696,CMM-1,-4.14,PASS
P015667,CMM-2,24.09,PASS
P021831,CMM-1,14.49,PASS
P012517,CMM-2,41.25,FAIL
P012872,CMM-1,21.94,PASS
P017618,CMM-1,23.83,PASS
P021466,CMM-1,32.11,PASS
P018052,CMM-1,21.87,PASS
P012546,CMM-2,-13.18,PASS
P013367,CMM-1,12.77,PASS
P017859,CMM-1,22.89,PASS
P023509,CMM-1,-2.5,PASS
P016785,CMM-2,14.88,PASS
P015955,CMM-2,22.24,PASS
P013841,CMM-1,35.54,PASS
P021616,CMM-1,19.04,PASS
P020290,CMM-1,7.24,PASS
P014224,CMM-1,10.8,PASS
P013225,CMM-1,18.31,PASS
P020359,CMM-1,23.03,PASS
P017254,CMM-2,-7.92,PASS
P013128,CMM-2,0.93,PASS
P021663,CMM-1,-9.26,PASS
P020974,CMM-2,-1.49,PASS
P019488,CMM-1,19.82,PASS
P015481,CMM-2,10.32,PASS
P012784,CMM-1,8.18,PASS
P019318,CMM-1,28.54,PASS
P019659,CMM-2,0.0,PASS
P014504,CMM-1,-0.62,PASS
P014733,CMM-2,-19.09,PASS
P021422,CMM-1,12.45,PASS
P018691,CMM-2,6.7,PASS
P015008,CMM-1,4.94,PASS
P014261,CMM-1,0.45,PASS
P015787,CMM-1,39.67,FAIL
P023463,CMM-2,7.77,PASS
P022264,CMM-1,9.11,PASS
P023592,CMM-1,-16.53,PASS
P023500,CMM-1,15.82,PASS
P022433,CMM-1,8.23,PASS
P018875,CMM-2,12.21,PASS
P019327,CMM-2,5.97,PASS
P014756,CMM-1,20.28,PASS
P013090,CMM-1,-0.73,PASS
P018856,CMM-1,3.36,PASS
P013697,CMM-2,17.25,PASS
P019083,CMM-1,31.16,PASS
P023129,CMM-2,0.51,PASS
P017545,CMM-1,-6.82,PASS
P016738,CMM-1,-3.92,PASS
P012034,CMM-1,-13.74,PASS
P015986,CMM-1,3.77,PASS
P015390,CMM-1,6.63,PASS
P021571,CMM-1,1.25,PASS
P017069,CMM-1,3.74,PASS
P012416,CMM-2,-17.08,PASS
P014887,CMM-1,13.79,PASS
P014190,CMM-1,-5.03,PASS
P021563,CMM-1,11.43,PASS
P013549,CMM-1,1.56,PASS
P023307,CMM-1,12.14,PASS
P018097,CMM-1,-4.08,PASS
P019477,CMM-1,22.87,PASS
P016554,CMM-2,5.03,PASS
P022004,CMM-1,20.52,PASS
P022345,CMM-1,-8.15,PASS
P017985,CMM-1,28.87,PASS
P019534,CMM-1,0.43,PASS
P015081,CMM-2,-11.67,PASS
P015487,CMM-1,12.46,PASS
P017582,CMM-1,29.9,PASS
P023980,CMM-1,17.03,PASS
P016565,CMM-1,-2.82,PASS
P015547,CMM-1,11.37,PASS
P016589,CMM-1,-4.03,PASS
P012921,CMM-1,26.44,PASS
P017036,CMM-1,1.03,PASS
P019982,CMM-2,-7.23,PASS
P021657,CMM-1,15.73,PASS
P015725,CMM-1,-3.93,PASS
P013103,CMM-1,41.92,FAIL
P021969,CMM-2,10.52,PASS
P019849,CMM-2,-25.0,PASS
P023882,CMM-2,11.93,PASS
P012460,CMM-1,5.21,PASS
P018896,CMM-2,-26.56,PASS
P018127,CMM-2,-6.05,PASS
P016089,CMM-1,27.99,PASS
P015328,CMM-2,13.34,PASS
P014308,CMM-1,-2.48,PASS
P021717,CMM-2,-9.07,PASS
P018336,CMM-1,-1.5,PASS
P018735,CMM-2,-5.26,PASS
P017272,CMM-1,27.28,PASS
P023412,CMM-1,24.29,PASS
P016336,CMM-1,12.15,PASS
P013656,CMM-1,24.47,PASS
P012185,CMM-2,2.57,PASS
P021443,CMM-1,-22.58,FAIL
P022858,CMM-1,1.9,PASS
P023051,CMM-1,4.14,PASS
P013997,CMM-2,39.58,FAIL
P023333,CMM-1,-0.64,PASS
P013620,CMM-1,-6.97,PASS
P018640,CMM-1,-16.0,PASS
P016126,CMM-1,7.72,PASS
P020462,CMM-1,1.99,PASS
P015165,CMM-2,19.93,PASS
P016174,CMM-1,1.07,PASS
P020772,CMM-1,20.2,PASS
P019706,CMM-1,-5.19,PASS
P023998,CMM-1,20.34,PASS
P021768,CMM-2,-16.93,PASS
P023893,CMM-1,-16.37,PASS
P015143,CMM-1,16.27,PASS
P020246,CMM-2,9.48,PASS
P014603,CMM-2,12.63,PASS
P012139,CMM-2,-15.51,PASS
P015937,CMM-1,13.54,PASS
P016910,CMM-1,-4.86,PASS
P012627,CMM-1,-1.88,PASS
P021565,CMM-1,6.26,PASS
P013994,CMM-1,2.75,PASS
P012559,CMM-1,33.25,PASS
P016800,CMM-1,4.57,PASS
P019105,CMM-2,13.23,PASS
P019643,CMM-1,19.57,PASS
P015530,CMM-1,-3.89,PASS
P017110,CMM-1,27.82,PASS
P018948,CMM-1,22.77,PASS
P012309,CMM-1,0.14,PASS
P023483,CMM-1,-1.55,PASS
P023953,CMM-1,-0.88,PASS
P018567,CMM-2,-2.25,PASS
P018239,CMM-1,14.42,PASS
P013007,CMM-1,1.69,PASS
P015467,CMM-2,-19.93,PASS
P017959,CMM-1,13.25,PASS
P018055,CMM-1,-2.57,PASS
P016681,CMM-1,4.27,PASS
P015253,CMM-1,17.8,PASS
P020990,CMM-1,6.17,PASS
P023805,CMM-1,-14.38,PASS
P018684,CMM-2,11.47,PASS
P017691,CMM-2,1.15,PASS
P016673,CMM-1,6.67,PASS
P023103,CMM-2,-1.8,PASS
P018678,CMM-1,7.46,PASS
P017503,CMM-1,27.97,PASS
P022162,CMM-1,-11.6,PASS
P016315,CMM-2,16.64,PASS
P023603,CMM-1,-20.31,PASS
P013013,CMM-1,-3.04,PASS
P020204,CMM-1,-3.22,PASS
P013540,CMM-1,24.44,PASS
P015442,CMM-2,12.64,PASS
P012206,CMM-2,-43.54,FAIL
P022118,CMM-1,-24.89,FAIL
P013726,CMM-1,19.62,PASS
P014293,CMM-1,23.97,PASS
P015517,CMM-1,-3.63,PASS
P021303,CMM-1,13.59,PASS
P018431,CMM-1,23.98,PASS
P015703,CMM-1,25.56,PASS
P014155,CMM-2,-8.44,PASS
P018941,CMM-2,-18.22,PASS
P017451,CMM-2,4.54,PASS
P017120,CMM-2,-13.01,PASS
P015653,CMM-1,17.74,PASS
P016911,CMM-1,21.4,PASS
P019686,CMM-1,-19.42,PASS
P021059,CMM-2,13.45,PASS
P017419,CMM-1,8.16,PASS
P016745,CMM-1,7.07,PASS
P014464,CMM-1,-0.18,PASS
P012635,CMM-1,7.71,PASS
P015337,CMM-2,15.81,PASS
P023977,CMM-2,-3.21,PASS
P015275,CMM-1,-9.3,PASS
P014226,CMM-2,1.06,PASS
P013468,CMM-1,42.33,FAIL
P012585,CMM-1,33.32,PASS
P013692,CMM-1,31.64,PASS
P016512,CMM-1,22.7,PASS
P015816,CMM-1,1.2,PASS
P017237,CMM-1,7.26,PASS
P023360,CMM-1,2.69,PASS
P019150,CMM-1,27.92,PASS
P022542,CMM-1,19.08,PASS
P016866,CMM-1,14.3,PASS
P020758,CMM-1,11.72,PASS
P012538,CMM-1,35.74,PASS
P018178,CMM-2,1.49,PASS
P016603,CMM-1,6.52,PASS
P012344,CMM-1,15.88,PASS
P017991,CMM-1,-10.69,PASS
P018775,CMM-1,31.7,PASS
P020026,CMM-2,17.46,PASS
P014936,CMM-1,-7.14,PASS
P013226,CMM-1,12.58,PASS
P013156,CMM-1,4.33,PASS
P023934,CMM-1,12.75,PASS
P014245,CMM-1,-4.22,PASS
P014041,CMM-1,15.89,PASS
P016946,CMM-1,20.99,PASS
P013066,CMM-1,-18.2,PASS
P020305,CMM-1,-25.12,FAIL
P019811,CMM-1,3.49,PASS
P023433,CMM-1,15.12,PASS
P014773,CMM-1,5.29,PASS
P017246,CMM-1,3.86,PASS
P018724,CMM-2,1.81,PASS
P013635,CMM-1,-8.35,PASS
P016933,CMM-1,-11.91,PASS
P022025,CMM-1,-23.11,FAIL
P022260,CMM-1,14.43,PASS
P023870,CMM-1,18.18,PASS
P016272,CMM-1,30.18,PASS
P019462,CMM-1,16.65,PASS
P016374,CMM-1,5.29,PASS
P013886,CMM-1,0.81,PASS
P016035,CMM-1,18.49,PASS
P012513,CMM-1,-7.27,PASS
P020198,CMM-2,7.5,PASS
P023384,CMM-1,-12.3,PASS
P013917,CMM-1,-12.39,PASS
P019232,CMM-2,10.45,PASS
P021330,CMM-1,39.71,FAIL
P021357,CMM-2,2.84,PASS
P017806,CMM-1,-6.6,PASS
P019404,CMM-1,5.32,PASS
P012132,CMM-2,-13.27,PASS
P022689,CMM-2,48.84,FAIL
P013937,CMM-2,5.08,PASS
P020143,CMM-1,-6.78,PASS
P022326,CMM-1,2.55,PASS
P013378,CMM-2,5.84,PASS
P015082,CMM-2,-5.6,PASS
P015135,CMM-2,10.69,PASS
P020122,CMM-1,18.64,PASS
P017737,CMM-2,8.55,PASS
P019391,CMM-2,4.65,PASS
P017550,CMM-1,31.78,PASS
P017500,CMM-1,27.82,PASS
P015587,CMM-2,-0.55,PASS
P014730,CMM-1,16.24,PASS
P022112,CMM-1,29.75,PASS
P023676,CMM-1,51.96,FAIL
P023598,CMM-2,14.84,PASS
P023135,CMM-1,17.37,PASS
P015805,CMM-1,34.94,PASS
P017058,CMM-1,-10.68,PASS
P023133,CMM-2,4.22,PASS
P014184,CMM-2,-12.25,PASS
P012138,CMM-1,6.36,PASS
P015501,CMM-1,0.65,PASS
P020192,CMM-1,13.21,PASS
P022447,CMM-2,-21.92,PASS
P013675,CMM-1,3.0,PASS
P023147,CMM-1,24.76,PASS
P021893,CMM-1,9.91,PASS
P018210,CMM-1,16.84,PASS
P017780,CMM-1,-3.51,PASS
P015086,CMM-1,-10.07,PASS
P014285,CMM-2,-3.16,PASS
P023377,CMM-1,3.99,PASS
P019149,CMM-1,-0.11,PASS
P016337,CMM-1,19.6,PASS
P018192,CMM-1,-5.02,PASS
P020018,CMM-1,10.61,PASS
P013881,CMM-2,-0.69,PASS
P014344,CMM-1,47.22,FAIL
P022055,CMM-1,1.14,PASS
P018757,CMM-1,4.13,PASS
P013790,CMM-1,7.73,PASS
P014842,CMM-1,13.78,PASS
P019635,CMM-1,16.29,PASS
P015349,CMM-1,0.69,PASS
P015043,CMM-1,13.62,PASS
P014274,CMM-1,11.9,PASS
P023931,CMM-1,-8.42,PASS
P021441,CMM-1,5.04,PASS
P019417,CMM-1,2.37,PASS
P015226,CMM-1,7.47,PASS
P019262,CMM-1,7.22,PASS
P014825,CMM-1,-33.08,FAIL
P023336,CMM-2,13.37,PASS
P022833,CMM-2,3.27,PASS
P022440,CMM-1,5.22,PASS
P017158,CMM-2,10.11,PASS
P022714,CMM-1,-1.19,PASS
P014486,CMM-2,7.0,PASS
P013632,CMM-2,-0.57,PASS
P019993,CMM-1,13.63,PASS
P021268,CMM-1,-7.94,PASS
P020708,CMM-1,10.12,PASS
P018019,CMM-1,0.59,PASS
P022525,CMM-1,-10.63,PASS
P023237,CMM-1,8.42,PASS
P017893,CMM-1,21.47,PASS
P013942,CMM-1,11.14,PASS
P012221,CMM-1,6.02,PASS
P020486,CMM-1,24.03,PASS
P014007,CMM-1,57.72,FAIL
P020066,CMM-1,14.18,PASS
P020479,CMM-1,3.47,PASS
P018241,CMM-1,-19.01,PASS
P017946,CMM-1,21.82,PASS
P019440,CMM-1,-6.97,PASS
P013524,CMM-1,31.38,PASS
P017293,CMM-1,31.1,PASS
P022546,CMM-1,14.17,PASS
P016772,CMM-1,-12.09,PASS
P022674,CMM-1,5.74,PASS
P023290,CMM-1,20.2,PASS
P022385,CMM-1,-6.93,PASS
P013968,CMM-1,-5.0,PASS
P019562,CMM-1,-2.25,PASS
P022197,CMM-1,-5.79,PASS
P021548,CMM-1,32.06,PASS
P015136,CMM-1,30.81,PASS
P021046,CMM-1,-6.91,PASS
P021200,CMM-1,22.16,PASS
P013901,CMM-2,30.72,FAIL
P019872,CMM-1,30.63,PASS
P012462,CMM-2,18.07,PASS
P017007,CMM-2,2.03,PASS
P016538,CMM-2,-15.41,PASS
P019251,CMM-1,20.3,PASS
P022949,CMM-1,6.21,PASS
P012151,CMM-2,14.48,PASS
P015598,CMM-1,26.09,PASS
P018637,CMM-1,19.17,PASS
P023775,CMM-1,18.54,PASS
P023021,CMM-1,0.25,PASS
P016426,CMM-1,3.56,PASS
P013512,CMM-2,-5.58,PASS
P013104,CMM-1,15.06,PASS
P012023,CMM-1,12.77,PASS
P014144,CMM-2,15.52,PASS
P020509,CMM-1,33.4,PASS
P022558,CMM-1,0.03,PASS
P017182,CMM-1,-12.01,PASS
P022040,CMM-1,18.14,PASS
P021333,CMM-1,-6.58,PASS
P023798,CMM-1,10.54,PASS
P017494,CMM-2,5.21,PASS
P014812,CMM-1,17.43,PASS
P013082,CMM-1,-0.69,PASS
P013703,CMM-1,-10.77,PASS
P023261,CMM-1,-1.86,PASS
P023244,CMM-2,4.81,PASS
P022300,CMM-1,22.46,PASS
P022175,CMM-2,3.37,PASS
P012771,CMM-1,19.34,PASS
P012963,CMM-1,-0.22,PASS
P014163,CMM-1,1.86,PASS
P014555,CMM-1,32.83,PASS
P019869,CMM-1,17.81,PASS
P021464,CMM-1,13.18,PASS
P016570,CMM-1,-9.06,PASS
P023807,CMM-1,9.06,PASS
P021077,CMM-1,25.42,PASS
P023183,CMM-2,3.89,PASS
P016858,CMM-2,27.01,PASS
P017712,CMM-1,3.74,PASS
P017447,CMM-1,-1.16,PASS
P013992,CMM-1,2.38,PASS
P014896,CMM-1,32.5,PASS
P023779,CMM-1,6.09,PASS
P020949,CMM-1,19.18,PASS
P016474,CMM-1,-19.34,PASS
P019989,CMM-2,17.17,PASS
P021124,CMM-1,25.32,PASS
P022059,CMM-1,25.72,PASS
P015782,CMM-1,-10.39,PASS
P012631,CMM-2,-2.73,PASS
P014419,CMM-1,4.43,PASS
P017455,CMM-1,24.8,PASS
P014212,CMM-1,5.51,PASS
P021232,CMM-1,-7.16,PASS
P013431,CMM-1,20.33,PASS
P017616,CMM-1,18.37,PASS
P021189,CMM-1,29.39,PASS
P020401,CMM-1,13.59,PASS
P019010,CMM-2,4.67,PASS
P020141,CMM-1,-0.88,PASS
P018182,CMM-1,30.2,PASS
P021273,CMM-1,36.48,PASS
P020609,CMM-1,4.75,PASS
P023462,CMM-1,6.09,PASS
P012947,CMM-2,2.39,PASS
P019037,CMM-1,21.59,PASS
P022530,CMM-1,4.72,PASS
P017610,CMM-1,20.79,PASS
P021513,CMM-1,10.24,PASS
P021101,CMM-2,-3.72,PASS
P014689,CMM-1,-15.82,PASS
P023125,CMM-1,-8.35,PASS
P017708,CMM-1,-5.31,PASS
P018699,CMM-2,-6.28,PASS
P023162,CMM-1,15.98,PASS
P020156,CMM-2,-16.97,PASS
P015899,CMM-2,-0.8,PASS
P021643,CMM-1,-4.76,PASS
P020557,CMM-2,2.13,PASS
P012854,CMM-1,33.32,PASS
P017499,CMM-1,7.15,PASS
P014883,CMM-2,-2.82,PASS
P017145,CMM-2,15.94,PASS
P013592,CMM-1,19.11,PASS
P019366,CMM-1,12.92,PASS
P021004,CMM-1,27.97,PASS
P022736,CMM-1,23.51,PASS
P021864,CMM-1,15.52,PASS
P018645,CMM-2,0.96,PASS
P016951,CMM-2,15.7,PASS
P019720,CMM-2,-7.03,PASS
P016685,CMM-1,14.33,PASS
P019321,CMM-1,40.65,FAIL
P012924,CMM-1,10.86,PASS
P022245,CMM-2,7.55,PASS
P016620,CMM-1,-6.56,PASS
P013883,CMM-1,13.22,PASS
P014167,CMM-2,-0.48,PASS
P019726,CMM-2,-7.7,PASS
P020536,CMM-1,-5.08,PASS
P014125,CMM-1,8.49,PASS
P021209,CMM-1,23.76,PASS
P023789,CMM-2,9.33,PASS
P012641,CMM-1,1.41,PASS
P020734,CMM-1,-1.64,PASS
P021349,CMM-1,8.51,PASS
P018874,CMM-1,-2.05,PASS
P016949,CMM-2,-2.0,PASS
P019307,CMM-2,2.82,PASS
P019002,CMM-1,18.78,PASS
P019034,CMM-1,30.62,PASS
P022868,CMM-1,0.39,PASS
P016197,CMM-2,21.38,PASS
P014326,CMM-2,19.74,PASS
P020862,CMM-1,1.61,PASS
P018667,CMM-2,39.06,FAIL
P015734,CMM-1,1.81,PASS
P020039,CMM-2,-15.5,PASS
P016839,CMM-1,-4.25,PASS
P020105,CMM-1,15.98,PASS
P019813,CMM-2,-11.49,PASS
P017417,CMM-2,9.83,PASS
P019452,CMM-1,7.48,PASS
P012645,CMM-1,21.06,PASS
P021604,CMM-1,3.24,PASS
P014818,CMM-1,11.57,PASS
P013870,CMM-1,-6.68,PASS
P023635,CMM-1,5.52,PASS
P016397,CMM-2,-10.98,PASS
P017605,CMM-1,-25.41,FAIL
P023513,CMM-1,11.82,PASS
P014189,CMM-1,-11.08,PASS
P022683,CMM-1,2.71,PASS
P021761,CMM-1,-7.95,PASS
P014982,CMM-2,-0.97,PASS
P022005,CMM-1,-8.39,PASS
P015192,CMM-2,14.19,PASS
P018526,CMM-2,-12.15,PASS
P023473,CMM-1,9.21,PASS
P019739,CMM-1,42.43,FAIL
P015792,CMM-1,28.51,PASS
P019652,CMM-1,37.62,PASS
P019557,CMM-1,9.66,PASS
P018996,CMM-2,3.02,PASS
P015923,CMM-1,13.03,PASS
P016164,CMM-2,16.2,PASS
P017832,CMM-1,38.29,FAIL
P021596,CMM-1,8.24,PASS
P017919,CMM-2,-27.39,PASS
P015796,CMM-2,6.38,PASS
P019089,CMM-2,-5.32,PASS
P017543,CMM-1,14.34,PASS
P022267,CMM-1,-18.24,PASS
P012459,CMM-1,15.36,PASS
P012032,CMM-2,-11.75,PASS
P013522,CMM-2,-11.18,PASS
P018181,CMM-2,-5.42,PASS
P017257,CMM-1,15.69,PASS
P015514,CMM-1,-2.88,PASS
P014196,CMM-1,26.3,PASS
P014724,CMM-1,22.51,PASS
P013630,CMM-1,14.46,PASS
P019258,CMM-1,-5.69,PASS
P022336,CMM-2,-7.44,PASS
P014726,CMM-1,21.87,PASS
P020513,CMM-1,7.13,PASS
P013776,CMM-1,21.02,PASS
P021727,CMM-2,-5.33,PASS
P021963,CMM-1,-9.86,PASS
P018365,CMM-1,11.59,PASS
P015537,CMM-1,15.06,PASS
P022153,CMM-1,-17.38,PASS
P021393,CMM-1,6.28,PASS
P021179,CMM-2,-4.74,PASS
P019228,CMM-1,2.09,PASS
P020744,CMM-1,5.96,PASS
P016706,CMM-2,-2.44,PASS
P014598,CMM-1,2.21,PASS
P016366,CMM-1,13.69,PASS
P013738,CMM-2,-1.35,PASS
P016508,CMM-1,23.15,PASS
P013793,CMM-2,13.46,PASS
P016985,CMM-2,-6.36,PASS
P019061,CMM-1,1.61,PASS
P018061,CMM-2,0.34,PASS
P017018,CMM-1,39.56,FAIL
P012105,CMM-1,-6.79,PASS
P017931,CMM-1,3.37,PASS
P013330,CMM-2,33.08,FAIL
P022413,CMM-1,22.88,PASS
P014530,CMM-1,10.65,PASS
P023110,CMM-1,30.82,PASS
P016409,CMM-1,0.65,PASS
P018601,CMM-1,14.96,PASS
P018267,CMM-1,2.75,PASS
P023177,CMM-1,3.62,PASS
P016808,CMM-1,0.5,PASS
P023863,CMM-1,18.12,PASS
P019357,CMM-2,-20.04,PASS
P019518,CMM-2,6.9,PASS
P016798,CMM-1,8.67,PASS
P018333,CMM-1,-4.17,PASS
P013969,CMM-1,5.61,PASS
P021375,CMM-1,10.57,PASS
P016171,CMM-2,0.34,PASS
P021709,CMM-1,-18.38,PASS
P018148,CMM-1,20.36,PASS
P013641,CMM-1,-1.47,PASS
P013264,CMM-1,4.58,PASS
P022758,CMM-1,12.31,PASS
P016678,CMM-1,3.07,PASS
P018801,CMM-1,33.77,PASS
P019922,CMM-1,15.53,PASS
P019676,CMM-1,31.8,PASS
P017965,CMM-2,-13.16,PASS
P021524,CMM-2,-8.74,PASS
P023999,CMM-1,27.09,PASS
P016926,CMM-1,2.36,PASS
P018654,CMM-1,-10.2,PASS
P018477,CMM-1,29.28,PASS
P014546,CMM-1,28.05,PASS
P022286,CMM-1,3.15,PASS
P018575,CMM-1,2.71,PASS
P019977,CMM-1,7.98,PASS
P022732,CMM-1,34.81,PASS
P021421,CMM-1,-9.77,PASS
P014090,CMM-1,-22.87,FAIL
P017079,CMM-1,11.25,PASS
P017534,CMM-2,13.3,PASS
P018482,CMM-2,-7.85,PASS
P017115,CMM-1,27.37,PASS
P012428,CMM-1,19.89,PASS
P020539,CMM-1,26.41,PASS
P020108,CMM-1,5.35,PASS
P016981,CMM-1,-6.37,PASS
P012824,CMM-1,11.49,PASS
P014386,CMM-2,18.67,PASS
P016940,CMM-2,3.12,PASS
P017877,CMM-1,5.98,PASS
P015970,CMM-1,26.09,PASS
P015821,CMM-1,11.89,PASS
P022020,CMM-1,20.88,PASS
P017307,CMM-1,-8.38,PASS
P013763,CMM-2,28.31,PASS
P012909,CMM-2,17.57,PASS
P017240,CMM-1,21.9,PASS
P017620,CMM-1,5.45,PASS
P014238,CMM-1,-13.83,PASS
P013332,CMM-2,-24.55,PASS
P017824,CMM-1,13.1,PASS
P021000,CMM-2,6.18,PASS
P022371,CMM-1,15.9,PASS
P020340,CMM-1,-1.65,PASS
P015793,CMM-1,16.5,PASS
P019648,CMM-2,12.7,PASS
P019673,CMM-1,-2.74,PASS
P023309,CMM-1,28.42,PASS
P015368,CMM-2,14.31,PASS
P017266,CMM-1,3.17,PASS
P017000,CMM-2,-2.47,PASS
P013990,CMM-1,33.36,PASS
P021223,CMM-1,15.08,PASS
P013246,CMM-1,3.07,PASS
P023866,CMM-1,24.49,PASS
P023652,CMM-1,21.17,PASS
P020510,CMM-1,14.62,PASS
P023965,CMM-1,3.67,PASS
P013306,CMM-1,8.83,PASS
P016553,CMM-1,11.9,PASS
P018186,CMM-1,14.03,PASS
P014685,CMM-1,21.97,PASS
P021521,CMM-1,18.07,PASS
P012998,CMM-2,-2.64,PASS
P019669,CMM-1,35.71,PASS
P014275,CMM-1,11.0,PASS
P016312,CMM-1,-2.02,PASS
P018471,CMM-1,-0.82,PASS
P013493,CMM-1,30.49,PASS
P017005,CMM-1,3.53,PASS
P020458,CMM-1,4.73,PASS
P013488,CMM-1,3.21,PASS
P012114,CMM-1,10.53,PASS
P015629,CMM-1,8.86,PASS
P021322,CMM-1,5.88,PASS
P015633,CMM-1,21.72,PASS
P019730,CMM-1,26.36,PASS
P018800,CMM-1,16.69,PASS
P017553,CMM-1,-0.34,PASS
P013471,CMM-2,35.36,FAIL
P014964,CMM-1,10.76,PASS
P012753,CMM-2,5.03,PASS
P020977,CMM-2,-2.41,PASS
P021113,CMM-1,19.87,PASS
P021857,CMM-1,18.57,PASS
P015694,CMM-1,6.7,PASS
P017621,CMM-2,-3.83,PASS
P016591,CMM-1,9.97,PASS
P012787,CMM-1,9.69,PASS
P016010,CMM-2,6.22,PASS
P019737,CMM-1,3.55,PASS
P023049,CMM-2,4.12,PASS
P018163,CMM-1,-23.32,FAIL
P019568,CMM-1,-11.91,PASS
P019995,CMM-1,8.45,PASS
P017751,CMM-1,-17.2,PASS
P023477,CMM-2,0.49,PASS
P017697,CMM-2,-17.56,PASS
P021806,CMM-1,17.65,PASS
P020548,CMM-2,-18.04,PASS
P014539,CMM-1,2.47,PASS
P014040,CMM-2,19.25,PASS
P015203,CMM-2,4.39,PASS
P013520,CMM-1,14.94,PASS
P017702,CMM-1,8.07,PASS
P013321,CMM-2,-16.99,PASS
P013401,CMM-1,-2.65,PASS
P022335,CMM-2,3.96,PASS
P022099,CMM-1,12.67,PASS
P017431,CMM-1,30.31,PASS
P020233,CMM-2,-2.85,PASS
P018657,CMM-1,6.36,PASS
P013290,CMM-1,41.96,FAIL
P016419,CMM-1,-1.68,PASS
P017119,CMM-1,36.68,PASS
P018802,CMM-1,13.78,PASS
P019193,CMM-1,2.14,PASS
P014782,CMM-2,-12.08,PASS
P012247,CMM-2,18.24,PASS
P017856,CMM-1,11.88,PASS
P013813,CMM-1,28.28,PASS
P021402,CMM-1,25.01,PASS
P022895,CMM-2,-44.56,FAIL
P015087,CMM-2,-21.72,PASS
P013366,CMM-2,-4.39,PASS
P018897,CMM-1,1.65,PASS
P016561,CMM-1,0.31,PASS
P019242,CMM-1,10.11,PASS
P012915,CMM-1,-18.06,PASS
P023949,CMM-1,32.84,PASS
P015222,CMM-1,-11.54,PASS
P019928,CMM-2,9.63,PASS
P018518,CMM-1,6.58,PASS
P020024,CMM-1,9.64,PASS
P017678,CMM-1,12.52,PASS
P013051,CMM-1,18.72,PASS
P022761,CMM-2,-9.54,PASS
P014668,CMM-1,25.88,PASS
P020465,CMM-1,13.85,PASS
P021425,CMM-2,-3.8,PASS
P020011,CMM-1,8.96,PASS
P017700,CMM-1,8.53,PASS
P014129,CMM-2,31.52,FAIL
P014490,CMM-1,31.58,PASS
P021015,CMM-1,15.28,PASS
P019015,CMM-1,6.56,PASS
P016091,CMM-1,5.81,PASS
P016587,CMM-1,17.72,PASS
P023993,CMM-1,15.53,PASS
P015531,CMM-1,19.64,PASS
P013174,CMM-2,-5.21,PASS
P023758,CMM-1,-3.8,PASS
P014650,CMM-1,10.13,PASS
P023628,CMM-1,29.53,PASS
P023189,CMM-1,0.42,PASS
P019933,CMM-2,17.02,PASS
P014989,CMM-2,-2.16,PASS
P019472,CMM-1,32.58,PASS
P021121,CMM-1,19.17,PASS
P020423,CMM-1,-11.22,PASS
P012554,CMM-2,-2.32,PASS
P022085,CMM-1,18.95,PASS
P015771,CMM-1,13.82,PASS
P012893,CMM-1,23.69,PASS
P014203,CMM-2,11.48,PASS
P013199,CMM-1,34.08,PASS
P020672,CMM-1,-5.28,PASS
P019267,CMM-1,29.12,PASS
P016228,CMM-1,13.45,PASS
P022513,CMM-2,-24.8,PASS
P015300,CMM-2,12.5,PASS
P012318,CMM-2,13.67,PASS
P023172,CMM-1,-0.15,PASS
P018225,CMM-2,-4.89,PASS
P020263,CMM-1,5.64,PASS
P016776,CMM-2,25.72,PASS
P012223,CMM-1,11.44,PASS
P015278,CMM-1,28.51,PASS
P018282,CMM-1,24.47,PASS
P020060,CMM-1,15.04,PASS
P021173,CMM-1,15.95,PASS
P013443,CMM-1,14.43,PASS
P021924,CMM-1,-3.43,PASS
P018619,CMM-2,28.05,PASS
P014803,CMM-1,13.39,PASS
P023607,CMM-2,10.07,PASS
P019794,CMM-1,5.68,PASS
P019938,CMM-1,17.78,PASS
P018412,CMM-1,15.05,PASS
P016021,CMM-1,8.87,PASS
P021577,CMM-1,18.47,PASS
P019501,CMM-1,23.27,PASS
P012407,CMM-1,36.51,PASS
P015406,CMM-1,26.94,PASS
P012666,CMM-1,3.71,PASS
P016176,CMM-1,4.42,PASS
P022032,CMM-1,23.67,PASS
P012046,CMM-2,21.48,PASS
P015075,CMM-2,36.03,FAIL
P013640,CMM-1,14.6,PASS
P016913,CMM-2,6.58,PASS
P019721,CMM-1,1.62,PASS
P021013,CMM-2,-28.72,PASS
P017212,CMM-1,25.95,PASS
P016363,CMM-2,-20.31,PASS
P012457,CMM-1,-23.39,FAIL
P021427,CMM-2,-8.96,PASS
P018664,CMM-2,10.52,PASS
P015186,CMM-1,24.74,PASS
P023161,CMM-1,5.67,PASS
P015682,CMM-1,26.27,PASS
P015256,CMM-1,12.08,PASS
P017969,CMM-2,4.97,PASS
P015712,CMM-2,-4.76,PASS
P016380,CMM-1,10.33,PASS
P012147,CMM-2,-24.1,PASS
P014430,CMM-1,6.46,PASS
P018399,CMM-1,45.06,FAIL
P022464,CMM-1,13.52,PASS
P020277,CMM-1,22.04,PASS
P022550,CMM-1,22.07,PASS
P019870,CMM-1,24.37,PASS
P020651,CMM-1,13.13,PASS
P017849,CMM-1,2.37,PASS
P015681,CMM-1,-14.17,PASS
P013419,CMM-1,12.94,PASS
P019078,CMM-1,-1.26,PASS
P014671,CMM-1,3.84,PASS
P017345,CMM-1,9.27,PASS
P018588,CMM-1,10.93,PASS
P023810,CMM-1,19.09,PASS
P014298,CMM-1,12.86,PASS
P015575,CMM-2,-5.71,PASS
P021149,CMM-1,18.83,PASS
P016290,CMM-1,4.64,PASS
P020021,CMM-1,6.47,PASS
P016527,CMM-1,8.73,PASS
P022785,CMM-1,-7.22,PASS
P019098,CMM-1,5.45,PASS
P022540,CMM-1,12.62,PASS
P021018,CMM-2,28.93,PASS
P020895,CMM-2,-20.32,PASS
P023861,CMM-1,24.73,PASS
P014358,CMM-2,-14.95,PASS
P012187,CMM-1,-16.28,PASS
P015193,CMM-2,31.3,FAIL
P020528,CMM-2,9.48,PASS
P018144,CMM-2,13.21,PASS
P014647,CMM-1,-18.71,PASS
P012113,CMM-1,5.17,PASS
P013896,CMM-2,12.53,PASS
P017233,CMM-2,0.43,PASS
P020248,CMM-2,12.78,PASS
P023938,CMM-2,2.49,PASS
P013247,CMM-2,-11.3,PASS
P016376,CMM-1,15.69,PASS
P023088,CMM-1,18.26,PASS
P017161,CMM-1,16.89,PASS
P021504,CMM-1,13.41,PASS
P016563,CMM-1,-4.79,PASS
P021674,CMM-1,-11.98,PASS
P014554,CMM-1,14.66,PASS
P018784,CMM-1,0.48,PASS
P016006,CMM-1,30.49,PASS
P018661,CMM-1,10.27,PASS
P013241,CMM-2,-13.36,PASS
P014675,CMM-1,8.96,PASS
P017090,CMM-1,8.49,PASS
P021790,CMM-2,6.19,PASS
P014830,CMM-1,-12.42,PASS
P021453,CMM-2,3.62,PASS
P016122,CMM-2,-21.17,PASS
P013848,CMM-1,10.45,PASS
P016821,CMM-2,-13.86,PASS
P017239,CMM-1,30.51,PASS
P015728,CMM-1,26.22,PASS
P017883,CMM-1,31.2,PASS
P015872,CMM-1,26.66,PASS
P016900,CMM-1,9.0,PASS
P016580,CMM-1,18.77,PASS
P017349,CMM-1,-7.97,PASS
P023723,CMM-1,1.07,PASS
P022809,CMM-1,11.05,PASS
P014824,CMM-2,1.43,PASS
P018862,CMM-1,-11.33,PASS
P018687,CMM-1,7.79,PASS
P022026,CMM-1,4.06,PASS
P022202,CMM-1,16.34,PASS
P012159,CMM-1,8.52,PASS
P012853,CMM-2,-6.43,PASS
P013531,CMM-1,7.5,PASS
P013283,CMM-1,5.58,PASS
P013257,CMM-2,10.43,PASS
P022507,CMM-1,7.42,PASS
P021808,CMM-1,50.93,FAIL
P018991,CMM-1,28.95,PASS
P015392,CMM-1,12.79,PASS
P016449,CMM-2,-4.98,PASS
P022354,CMM-2,7.62,PASS
P012911,CMM-2,18.71,PASS
P020690,CMM-1,-0.86,PASS
P017137,CMM-2,-15.11,PASS
P022599,CMM-1,16.47,PASS
P020550,CMM-1,21.9,PASS
P023767,CMM-1,10.05,PASS
P018049,CMM-1,8.09,PASS
P018255,CMM-1,0.27,PASS
P019109,CMM-1,-4.78,PASS
P022792,CMM-1,-9.17,PASS
P022011,CMM-1,17.35,PASS
P019934,CMM-1,10.33,PASS
P023526,CMM-2,9.68,PASS
P014286,CMM-2,-7.46,PASS
P012588,CMM-1,-2.05,PASS
P013434,CMM-1,18.53,PASS
P014677,CMM-2,16.27,PASS
P014932,CMM-2,5.76,PASS
P021648,CMM-1,12.39,PASS
P017793,CMM-1,25.65,PASS
P015664,CMM-1,6.87,PASS
P012177,CMM-1,5.18,PASS
P013285,CMM-1,18.66,PASS
P020679,CMM-2,6.45,PASS
P015482,CMM-1,5.36,PASS
P020932,CMM-2,27.1,PASS
P014962,CMM-1,18.47,PASS
P016015,CMM-2,15.34,PASS
P020850,CMM-1,5.36,PASS
P013642,CMM-1,10.48,PASS
P019116,CMM-1,-9.3,PASS
P021619,CMM-1,-11.98,PASS
P012902,CMM-1,4.68,PASS
P021778,CMM-1,38.49,FAIL
P019883,CMM-1,40.62,FAIL
P019784,CMM-1,-2.02,PASS
P016319,CMM-2,23.81,PASS
P018857,CMM-2,-11.63,PASS
P018389,CMM-2,22.98,PASS
P017496,CMM-2,-3.85,PASS
P016841,CMM-1,4.05,PASS
P019613,CMM-2,8.83,PASS
P023688,CMM-1,21.55,PASS
P014255,CMM-1,18.8,PASS
P023099,CMM-1,5.64,PASS
P019349,CMM-2,-7.47,PASS
P020361,CMM-2,6.09,PASS
P020589,CMM-2,-5.27,PASS
P016009,CMM-1,-1.02,PASS
P015778,CMM-1,16.83,PASS
P012050,CMM-1,2.05,PASS
P019207,CMM-1,14.55,PASS
P019988,CMM-1,7.25,PASS
P013186,CMM-1,15.79,PASS
P021672,CMM-1,-22.59,FAIL
P019432,CMM-1,-6.15,PASS
P014099,CMM-1,4.55,PASS
P021071,CMM-1,16.23,PASS
P014576,CMM-1,19.37,PASS
P023549,CMM-1,29.8,PASS
P013699,CMM-1,0.47,PASS
P015836,CMM-1,2.98,PASS
P019445,CMM-1,-5.68,PASS
P018427,CMM-1,-8.97,PASS
P019624,CMM-1,-6.67,PASS
P019467,CMM-2,4.14,PASS
P013491,CMM-2,3.74,PASS
P020815,CMM-1,7.09,PASS
P015411,CMM-1,-6.44,PASS
P018963,CMM-1,18.41,PASS
P021874,CMM-1,8.19,PASS
P014435,CMM-1,6.03,PASS
P021024,CMM-2,24.6,PASS
P016771,CMM-1,5.4,PASS
P012341,CMM-1,12.01,PASS
P016269,CMM-2,10.51,PASS
P014320,CMM-1,18.24,PASS
P014683,CMM-1,6.91,PASS
P022624,CMM-1,8.78,PASS
P014660,CMM-2,-16.22,PASS
P016412,CMM-1,-1.14,PASS
P020242,CMM-1,3.18,PASS
P018128,CMM-1,3.48,PASS
P012374,CMM-2,9.12,PASS
P016775,CMM-1,9.97,PASS
P012960,CMM-1,7.38,PASS
P017046,CMM-2,-30.76,FAIL
P020012,CMM-1,22.06,PASS
P015817,CMM-1,19.72,PASS
P023969,CMM-1,18.42,PASS
P020524,CMM-1,20.58,PASS
P019627,CMM-1,0.04,PASS
P017638,CMM-2,-3.36,PASS
P012601,CMM-1,33.84,PASS
P016547,CMM-1,20.59,PASS
P019719,CMM-1,12.75,PASS
P022137,CMM-1,33.59,PASS
P020343,CMM-1,25.65,PASS
P016692,CMM-1,29.39,PASS
P023119,CMM-1,6.46,PASS
P020603,CMM-2,-9.83,PASS
P022114,CMM-1,-2.11,PASS
P016022,CMM-1,28.01,PASS
P022416,CMM-2,3.36,PASS
P019293,CMM-1,2.25,PASS
P015312,CMM-2,16.3,PASS
P023294,CMM-1,6.79,PASS
P015509,CMM-2,-13.42,PASS
P022353,CMM-1,39.18,FAIL
P020532,CMM-1,-3.69,PASS
P016523,CMM-1,4.89,PASS
P023437,CMM-1,26.94,PASS
P012610,CMM-1,-4.83,PASS
P020293,CMM-1,-0.56,PASS
P021270,CMM-1,32.7,PASS
P016590,CMM-2,12.71,PASS
P022109,CMM-1,4.83,PASS
P023735,CMM-1,9.72,PASS
P022670,CMM-1,2.89,PASS
P022928,CMM-2,0.44,PASS
P015963,CMM-1,16.99,PASS
P022437,CMM-1,13.35,PASS
P022119,CMM-1,18.56,PASS
P015472,CMM-1,20.74,PASS
P018577,CMM-1,11.43,PASS
P023843,CMM-1,-7.87,PASS
P016837,CMM-2,-22.94,PASS
P012265,CMM-1,1.84,PASS
P023571,CMM-2,-3.57,PASS
P019907,CMM-1,2.84,PASS
P021293,CMM-1,6.79,PASS
P016200,CMM-1,11.2,PASS
P022270,CMM-1,21.71,PASS
P013862,CMM-1,-13.56,PASS
P018023,CMM-1,6.46,PASS
P012766,CMM-1,-10.66,PASS
P014237,CMM-1,9.07,PASS
P018112,CMM-1,12.24,PASS
P014140,CMM-1,-4.97,PASS
P014699,CMM-2,-5.15,PASS
P021198,CMM-1,-17.51,PASS
P022053,CMM-1,-13.94,PASS
P013674,CMM-1,12.02,PASS
P016014,CMM-1,10.19,PASS
P019576,CMM-1,3.37,PASS
P022145,CMM-1,17.28,PASS
P021063,CMM-2,-1.05,PASS
P012760,CMM-2,2.19,PASS
P014484,CMM-2,-8.42,PASS
P018870,CMM-1,3.73,PASS
P016317,CMM-1,7.87,PASS
P016302,CMM-1,19.11,PASS
P012505,CMM-2,17.5,PASS
P014483,CMM-2,-14.2,PASS
P023014,CMM-1,17.97,PASS
P014919,CMM-1,22.27,PASS
P019033,CMM-1,26.57,PASS
P020232,CMM-1,34.6,PASS
P013907,CMM-1,29.73,PASS
P013746,CMM-1,5.3,PASS
P021416,CMM-1,5.69,PASS
P023331,CMM-1,-16.5,PASS
P014696,CMM-1,13.27,PASS
P017441,CMM-1,22.3,PASS
P019723,CMM-1,12.99,PASS
P020200,CMM-1,2.63,PASS
P013476,CMM-1,-10.7,PASS
P012919,CMM-1,-8.92,PASS
P014236,CMM-1,22.43,PASS
P017938,CMM-1,12.5,PASS
P022817,CMM-2,13.55,PASS
P015106,CMM-2,-3.12,PASS
P016693,CMM-1,26.59,PASS
P020494,CMM-1,25.45,PASS
P022100,CMM-1,32.04,PASS
P012693,CMM-1,-7.87,PASS
P016914,CMM-1,5.25,PASS
P015847,CMM-2,11.55,PASS
P021365,CMM-1,43.3,FAIL
P013145,CMM-1,6.65,PASS
P012076,CMM-1,14.85,PASS
P022908,CMM-2,4.1,PASS
P023508,CMM-1,-4.25,PASS
P016448,CMM-1,23.22,PASS
P015150,CMM-1,41.64,FAIL
P023370,CMM-1,-24.84,FAIL
P017622,CMM-2,13.37,PASS
P012495,CMM-1,-7.44,PASS
P017245,CMM-1,8.81,PASS
P012489,CMM-1,-16.96,PASS
P020800,CMM-1,10.85,PASS
P023196,CMM-1,9.83,PASS
P019289,CMM-1,6.4,PASS
P019947,CMM-1,12.22,PASS
P023698,CMM-1,4.29,PASS
P018934,CMM-1,21.22,PASS
P021326,CMM-2,-7.28,PASS
P019666,CMM-1,40.11,FAIL
P016715,CMM-1,13.71,PASS
P017782,CMM-2,4.82,PASS
P020584,CMM-1,10.72,PASS
P016680,CMM-1,5.94,PASS
P019158,CMM-1,18.44,PASS
P015418,CMM-2,17.23,PASS
P013658,CMM-2,18.98,PASS
P021618,CMM-1,17.11,PASS
P019056,CMM-1,20.66,PASS
P022486,CMM-1,-8.4,PASS
P018499,CMM-2,5.03,PASS
P022963,CMM-1,3.15,PASS
P020208,CMM-1,1.59,PASS
P019102,CMM-1,28.79,PASS
P015536,CMM-1,-15.93,PASS
P012238,CMM-1,17.04,PASS
P012594,CMM-1,20.77,PASS
P017220,CMM-1,26.13,PASS
P020558,CMM-1,22.81,PASS
P016742,CMM-2,33.52,FAIL
P021075,CMM-2,19.46,PASS
P015358,CMM-1,15.82,PASS
P023803,CMM-1,25.89,PASS
P019143,CMM-1,-2.93,PASS
P020540,CMM-1,-20.16,PASS
P016503,CMM-1,8.26,PASS
P015560,CMM-1,-16.86,PASS
P023318,CMM-1,33.38,PASS
P015159,CMM-2,12.38,PASS
P023841,CMM-1,-4.59,PASS
P015276,CMM-1,-8.44,PASS
P014171,CMM-1,23.78,PASS
P014568,CMM-1,17.36,PASS
P012479,CMM-2,12.74,PASS
P015765,CMM-1,22.44,PASS
P023425,CMM-1,13.75,PASS
P022954,CMM-1,20.9,PASS
P015662,CMM-1,46.16,FAIL
P018184,CMM-2,-5.26,PASS
P023341,CMM-1,16.26,PASS
P023839,CMM-1,26.22,PASS
P023491,CMM-1,34.07,PASS
P013661,CMM-2,-18.63,PASS
P014334,CMM-1,17.78,PASS
P016793,CMM-1,20.93,PASS
P021546,CMM-1,34.24,PASS
P016309,CMM-1,32.38,PASS
P020051,CMM-1,5.62,PASS
P019457,CMM-1,17.27,PASS
P014060,CMM-1,0.84,PASS
P013362,CMM-1,-8.84,PASS
P013835,CMM-2,0.47,PASS
P012005,CMM-1,20.18,PASS
P022871,CMM-1,18.61,PASS
P018918,CMM-2,29.72,PASS
P023755,CMM-1,11.77,PASS
P019679,CMM-2,15.45,PASS
P022000,CMM-1,-4.81,PASS
P023667,CMM-2,24.7,PASS
P019422,CMM-1,13.28,PASS
P021882,CMM-1,19.33,PASS
P021936,CMM-1,6.17,PASS
P019148,CMM-2,2.0,PASS
P020935,CMM-1,1.74,PASS
P014289,CMM-1,33.62,PASS
P018840,CMM-1,15.58,PASS
P023091,CMM-1,23.39,PASS
P020926,CMM-1,-2.37,PASS
P020303,CMM-1,-0.87,PASS
P014408,CMM-1,-12.06,PASS
P016755,CMM-1,39.46,FAIL
P023357,CMM-1,20.42,PASS
P013710,CMM-1,45.75,FAIL
P018111,CMM-1,-9.84,PASS
P012781,CMM-1,-4.73,PASS
P015139,CMM-1,8.32,PASS
P023245,CMM-1,-18.24,PASS
P017939,CMM-2,-11.56,PASS
P023475,CMM-2,-7.25,PASS
P012770,CMM-1,-14.28,PASS
P023098,CMM-1,-3.36,PASS
P012547,CMM-1,11.58,PASS
P012048,CMM-1,-14.43,PASS
P016106,CMM-2,-7.62,PASS
P019625,CMM-1,21.86,PASS
P014168,CMM-1,-18.21,PASS
P022803,CMM-1,17.17,PASS
P013135,CMM-1,-22.29,FAIL
P022001,CMM-1,-0.49,PASS
P019657,CMM-1,-0.32,PASS
P020831,CMM-1,18.48,PASS
P013572,CMM-1,5.92,PASS
P023654,CMM-1,27.42,PASS
P014383,CMM-2,25.58,PASS
P014072,CMM-1,6.61,PASS
P019063,CMM-2,-7.82,PASS
P016823,CMM-2,-7.45,PASS
P017770,CMM-1,-1.32,PASS
P019236,CMM-1,-10.98,PASS
P020397,CMM-2,3.28,PASS
P012991,CMM-1,29.33,PASS
P017133,CMM-1,44.64,FAIL
P013706,CMM-2,7.79,PASS
P020638,CMM-1,30.95,PASS
P016534,CMM-1,-4.49,PASS
P019191,CMM-1,10.22,PASS
P017692,CMM-1,14.48,PASS
P016220,CMM-1,24.45,PASS
P015155,CMM-1,12.95,PASS
P023520,CMM-2,13.31,PASS
P018374,CMM-1,-1.75,PASS
P016415,CMM-1,8.77,PASS
P014934,CMM-1,11.22,PASS
P021613,CMM-1,9.36,PASS
P019741,CMM-2,12.77,PASS
P023616,CMM-2,-1.47,PASS
P014018,CMM-1,3.03,PASS
P016310,CMM-1,19.92,PASS
P014602,CMM-1,-10.59,PASS
P012009,CMM-1,-22.22,FAIL
P020395,CMM-1,27.65,PASS
P022178,CMM-1,8.48,PASS
P015573,CMM-2,-15.48,PASS
P013161,CMM-2,1.95,PASS
P017072,CMM-2,5.28,PASS
P017626,CMM-1,2.26,PASS
P016664,CMM-2,3.03,PASS
P021324,CMM-2,14.91,PASS
P014116,CMM-1,-3.04,PASS
P012241,CMM-1,-1.1,PASS
P012313,CMM-1,20.79,PASS
P018805,CMM-1,38.52,FAIL
P013452,CMM-1,40.05,FAIL
P012699,CMM-1,-5.73,PASS
P015426,CMM-1,5.99,PASS
P022147,CMM-1,25.13,PASS
P012720,CMM-1,0.17,PASS
P015647,CMM-2,14.66,PASS
P018816,CMM-1,4.17,PASS
P015802,CMM-1,10.3,PASS
P021647,CMM-1,11.07,PASS
P021444,CMM-1,4.64,PASS
P021029,CMM-1,-5.15,PASS
P021026,CMM-1,2.32,PASS
P023860,CMM-2,19.58,PASS
P016846,CMM-1,5.57,PASS
P015521,CMM-1,-21.85,PASS
P019204,CMM-2,-30.44,FAIL
P012093,CMM-2,-16.68,PASS
P015367,CMM-1,-0.18,PASS
P014405,CMM-2,11.53,PASS
P013721,CMM-1,5.41,PASS
P014710,CMM-1,15.83,PASS
P023792,CMM-1,14.24,PASS
P013400,CMM-1,-2.5,PASS
P018331,CMM-1,16.62,PASS
P016321,CMM-1,-1.64,PASS
P020939,CMM-2,-10.24,PASS
P022723,CMM-1,-1.48,PASS
P020276,CMM-1,25.68,PASS
P016567,CMM-1,22.14,PASS
P018352,CMM-1,17.63,PASS
P019227,CMM-1,-8.01,PASS
P019220,CMM-1,23.04,PASS
P020750,CMM-1,6.08,PASS
P017147,CMM-1,-2.32,PASS
P020963,CMM-1,21.86,PASS
P021252,CMM-1,12.86,PASS
P013782,CMM-1,6.06,PASS
P019968,CMM-2,26.7,PASS
P023793,CMM-2,42.24,FAIL
P023023,CMM-2,6.21,PASS
P013735,CMM-1,22.27,PASS
P022903,CMM-1,15.21,PASS
P013318,CMM-2,30.55,FAIL
P020363,CMM-1,-4.82,PASS
P012742,CMM-1,-2.23,PASS
P018516,CMM-2,4.42,PASS
P019485,CMM-1,-0.42,PASS
P020618,CMM-1,1.79,PASS
P017539,CMM-1,6.35,PASS
P020050,CMM-2,16.12,PASS
P021900,CMM-2,-29.46,PASS
P023111,CMM-1,30.02,PASS
P012684,CMM-1,35.94,PASS
P021638,CMM-1,9.63,PASS
P023726,CMM-1,30.41,PASS
P023708,CMM-1,8.03,PASS
P016344,CMM-2,3.52,PASS
P016613,CMM-2,0.47,PASS
P015398,CMM-1,-2.7,PASS
P022090,CMM-1,5.41,PASS
P017802,CMM-1,23.32,PASS
P016803,CMM-2,-12.24,PASS
P016496,CMM-1,6.8,PASS
P019537,CMM-1,1.38,PASS
P016635,CMM-1,11.09,PASS
P012124,CMM-1,25.2,PASS
P019699,CMM-1,15.17,PASS
P020440,CMM-2,0.22,PASS
P019299,CMM-2,-0.05,PASS
P020114,CMM-1,24.69,PASS
P016835,CMM-1,5.86,PASS
P018099,CMM-1,-0.2,PASS
P014748,CMM-1,-2.18,PASS
P021105,CMM-1,-4.61,PASS
P015829,CMM-1,-21.3,PASS
P015924,CMM-1,-4.12,PASS
P017260,CMM-2,4.82,PASS
P014478,CMM-1,21.93,PASS
P016566,CMM-1,4.02,PASS
P014847,CMM-1,47.28,FAIL
P018108,CMM-1,3.53,PASS
P013831,CMM-2,5.45,PASS
P021688,CMM-2,-11.52,PASS
P017040,CMM-2,-15.48,PASS
P023325,CMM-1,9.46,PASS
P014961,CMM-1,6.03,PASS
P020793,CMM-2,-7.01,PASS
P021186,CMM-2,19.59,PASS
P012424,CMM-2,-7.78,PASS
P018547,CMM-1,14.26,PASS
P019909,CMM-2,0.55,PASS
P020459,CMM-1,-10.98,PASS
P023034,CMM-2,2.44,PASS
P015777,CMM-1,5.18,PASS
P012976,CMM-1,24.91,PASS
P018021,CMM-1,2.44,PASS
P016897,CMM-1,6.98,PASS
P020128,CMM-1,9.49,PASS
P012972,CMM-1,15.93,PASS
P013740,CMM-1,4.62,PASS
P023136,CMM-1,-0.44,PASS
P019925,CMM-1,-0.71,PASS
P013033,CMM-1,37.98,FAIL
P016525,CMM-1,1.1,PASS
P018167,CMM-1,2.85,PASS
P014328,CMM-1,-12.6,PASS
P022604,CMM-1,44.56,FAIL
P019172,CMM-1,29.43,PASS
P015810,CMM-1,9.89,PASS
P015248,CMM-1,0.4,PASS
P016783,CMM-1,12.42,PASS
P015128,CMM-1,12.81,PASS
P019042,CMM-1,36.67,PASS
P019492,CMM-1,10.18,PASS
P015310,CMM-1,20.92,PASS
P017491,CMM-1,13.36,PASS
P018489,CMM-2,3.27,PASS
P020396,CMM-1,11.61,PASS
P014000,CMM-1,22.59,PASS
P022603,CMM-2,-4.86,PASS
P014713,CMM-1,12.82,PASS
P016921,CMM-1,9.27,PASS
P013628,CMM-1,8.95,PASS
P018114,CMM-1,20.59,PASS
P012632,CMM-1,5.13,PASS
P016177,CMM-1,16.24,PASS
P018361,CMM-1,-12.64,PASS
P015218,CMM-1,20.3,PASS
P016286,CMM-1,13.0,PASS
P014527,CMM-1,5.24,PASS
P017302,CMM-2,-19.55,PASS
P012012,CMM-2,-1.13,PASS
P022495,CMM-2,-14.02,PASS
P013867,CMM-1,13.36,PASS
P023093,CMM-2,-16.42,PASS
P014071,CMM-2,23.78,PASS
P016761,CMM-1,12.67,PASS
P019350,CMM-1,34.41,PASS
P017699,CMM-2,-3.7,PASS
P019405,CMM-1,3.65,PASS
P023736,CMM-1,6.67,PASS
P022751,CMM-2,31.33,FAIL
P016335,CMM-2,-18.9,PASS
P015922,CMM-1,21.89,PASS
P021176,CMM-1,18.44,PASS
P017916,CMM-1,18.15,PASS
P021999,CMM-1,16.97,PASS
P012418,CMM-1,14.25,PASS
P015080,CMM-2,4.43,PASS
P018264,CMM-1,17.74,PASS
P018454,CMM-1,9.67,PASS
P015987,CMM-1,15.9,PASS
P012183,CMM-1,-4.29,PASS
P015132,CMM-2,16.0,PASS
P016109,CMM-1,-8.38,PASS
P020306,CMM-2,15.3,PASS
P015983,CMM-1,-4.69,PASS
P014630,CMM-2,5.91,PASS
P015688,CMM-1,20.84,PASS
P019044,CMM-1,10.3,PASS
P012404,CMM-1,12.51,PASS
P017280,CMM-2,26.04,PASS
P014145,CMM-1,-10.87,PASS
P017584,CMM-2,2.5,PASS
P016721,CMM-2,-24.53,PASS
P021584,CMM-1,13.01,PASS
P018929,CMM-1,5.49,PASS
P015114,CMM-2,14.33,PASS
P016894,CMM-2,-6.62,PASS
P020057,CMM-2,-9.1,PASS
P013560,CMM-1,45.7,FAIL
P018982,CMM-1,-0.81,PASS
P013571,CMM-1,11.98,PASS
P020325,CMM-1,13.72,PASS
P018737,CMM-1,23.09,PASS
P023902,CMM-1,3.78,PASS
P017547,CMM-1,-13.03,PASS
P017800,CMM-1,16.33,PASS
P014327,CMM-2,-10.11,PASS
P014864,CMM-2,10.94,PASS
P016288,CMM-1,7.48,PASS
P022688,CMM-2,3.92,PASS
P023701,CMM-1,-9.89,PASS
P013165,CMM-2,4.53,PASS
P023672,CMM-1,-5.86,PASS
P015815,CMM-1,15.85,PASS
P021991,CMM-1,26.15,PASS
P023031,CMM-1,-13.5,PASS
P021477,CMM-1,15.47,PASS
P023238,CMM-1,-3.77,PASS
P022062,CMM-1,13.66,PASS
P021296,CMM-2,15.92,PASS
P022161,CMM-1,1.17,PASS
P015973,CMM-1,11.31,PASS
P023053,CMM-1,-5.62,PASS
P016234,CMM-1,12.11,PASS
P019782,CMM-2,-0.4,PASS
P020601,CMM-1,11.64,PASS
P017213,CMM-1,8.29,PASS
P014402,CMM-2,4.11,PASS
P012674,CMM-2,25.37,PASS
P014089,CMM-1,0.04,PASS
P018688,CMM-1,15.26,PASS
P012081,CMM-2,-1.28,PASS
P023580,CMM-2,-4.51,PASS
P022975,CMM-1,8.78,PASS
P022543,CMM-1,-7.28,PASS
P022573,CMM-1,2.61,PASS
P023955,CMM-1,3.71,PASS
P012140,CMM-1,23.47,PASS
P017380,CMM-2,33.74,FAIL
P020097,CMM-2,27.9,PASS
P018960,CMM-1,9.45,PASS
P023200,CMM-1,31.4,PASS
P018406,CMM-2,15.53,PASS
P015852,CMM-1,7.51,PASS
P015194,CMM-1,7.74,PASS
P021465,CMM-2,-6.28,PASS
P021175,CMM-1,-6.08,PASS
P017901,CMM-1,18.42,PASS
P013184,CMM-1,32.5,PASS
P019837,CMM-1,3.01,PASS
P014595,CMM-1,2.09,PASS
P021177,CMM-1,21.29,PASS
P022846,CMM-1,18.7,PASS
P016611,CMM-1,18.84,PASS
P016870,CMM-1,37.7,PASS
P014441,CMM-2,16.76,PASS
P018013,CMM-1,0.24,PASS
P015702,CMM-1,-16.36,PASS
P016346,CMM-2,8.66,PASS
P014382,CMM-1,17.96,PASS
P015189,CMM-2,-0.38,PASS
P015977,CMM-1,5.98,PASS
P023439,CMM-1,10.25,PASS
P014153,CMM-2,-9.91,PASS
P023929,CMM-1,51.44,FAIL
P020657,CMM-2,-7.13,PASS
P016222,CMM-2,-14.78,PASS
P012141,CMM-1,11.1,PASS
P020352,CMM-1,11.63,PASS
P022782,CMM-1,0.15,PASS
P012755,CMM-1,13.66,PASS
P017546,CMM-1,-3.99,PASS
P018356,CMM-1,11.94,PASS
P016276,CMM-1,8.52,PASS
P012570,CMM-1,10.83,PASS
P012603,CMM-2,-16.82,PASS
P017682,CMM-1,21.86,PASS
P019722,CMM-2,-31.27,FAIL
P016008,CMM-1,24.75,PASS
P018610,CMM-1,5.9,PASS
P021957,CMM-2,-6.85,PASS
P015630,CMM-2,-0.1,PASS
P023342,CMM-1,4.87,PASS
P021447,CMM-1,20.62,PASS
P021135,CMM-1,13.14,PASS
P012831,CMM-1,51.83,FAIL
P015144,CMM-1,27.33,PASS
P021320,CMM-2,3.72,PASS
P020962,CMM-1,0.93,PASS
P023979,CMM-2,28.65,PASS
P022716,CMM-1,10.62,PASS
P022905,CMM-1,-10.16,PASS
P023251,CMM-1,18.5,PASS
P017889,CMM-1,9.69,PASS
P021472,CMM-2,-4.42,PASS
P013388,CMM-1,11.36,PASS
P015242,CMM-1,8.53,PASS
P013307,CMM-2,19.51,PASS
P014067,CMM-1,-5.1,PASS
P019099,CMM-1,26.32,PASS
P015241,CMM-1,17.36,PASS
P020243,CMM-2,-2.66,PASS
P018315,CMM-2,-29.8,FAIL
P015336,CMM-1,-3.3,PASS
P013492,CMM-1,7.95,PASS
P012102,CMM-1,1.82,PASS
P023838,CMM-1,25.26,PASS
P021962,CMM-1,18.47,PASS
P023018,CMM-1,4.77,PASS
P014353,CMM-2,7.08,PASS
P012058,CMM-1,2.34,PASS
P014915,CMM-1,-2.96,PASS
P015038,CMM-2,28.16,PASS
P020731,CMM-2,-0.89,PASS
P016810,CMM-2,24.41,PASS
P020919,CMM-2,4.58,PASS
P017873,CMM-2,7.98,PASS
P021025,CMM-1,-4.26,PASS
P013107,CMM-2,1.75,PASS
P014938,CMM-1,26.75,PASS
P019194,CMM-1,8.25,PASS
P015167,CMM-1,7.53,PASS
P021581,CMM-1,18.32,PASS
P012664,CMM-1,8.69,PASS
P019661,CMM-1,42.84,FAIL
P013342,CMM-1,11.72,PASS
P016923,CMM-2,-4.0,PASS
P014500,CMM-1,11.47,PASS
P015646,CMM-1,3.64,PASS
P015370,CMM-1,13.49,PASS
P023511,CMM-1,6.87,PASS
P020438,CMM-2,-10.24,PASS
P023536,CMM-1,9.53,PASS
P023524,CMM-1,29.05,PASS
P012362,CMM-2,-1.95,PASS
P018396,CMM-1,-3.25,PASS
P013061,CMM-1,33.55,PASS
P020356,CMM-1,14.78,PASS
P020154,CMM-2,12.75,PASS
P021690,CMM-1,-7.15,PASS
P022191,CMM-1,5.77,PASS
P022041,CMM-1,25.59,PASS
P015104,CMM-1,11.14,PASS
P016764,CMM-1,-30.27,FAIL
P018915,CMM-1,0.9,PASS
P013576,CMM-1,-2.74,PASS
P022375,CMM-2,-0.55,PASS
P023410,CMM-1,6.04,PASS
P019176,CMM-1,3.12,PASS
P017654,CMM-1,8.36,PASS
P022033,CMM-1,-25.0,FAIL
P014437,CMM-1,-1.52,PASS
P022346,CMM-1,-5.68,PASS
P018312,CMM-1,-22.5,FAIL
P012913,CMM-1,13.22,PASS
P016384,CMM-1,28.53,PASS
P018566,CMM-1,17.62,PASS
P014458,CMM-1,18.15,PASS
P021740,CMM-1,4.03,PASS
P013711,CMM-1,19.0,PASS
P021251,CMM-2,-28.96,PASS
P016074,CMM-2,6.76,PASS
P021034,CMM-2,22.25,PASS
P021840,CMM-1,-7.65,PASS
P021850,CMM-1,18.93,PASS
P012017,CMM-1,0.06,PASS
P020501,CMM-1,14.08,PASS
P016358,CMM-1,-2.94,PASS
P023395,CMM-1,32.36,PASS
P017744,CMM-1,30.32,PASS
P018558,CMM-1,-22.85,FAIL
P020067,CMM-1,9.29,PASS
P014920,CMM-1,-2.69,PASS
P021918,CMM-1,22.18,PASS
P022735,CMM-1,-9.18,PASS
P015342,CMM-2,14.07,PASS
P015341,CMM-1,20.67,PASS
P020258,CMM-1,24.93,PASS
P013127,CMM-1,5.77,PASS
P022981,CMM-1,-5.28,PASS
P017062,CMM-2,-17.13,PASS
P014928,CMM-1,2.42,PASS
P016340,CMM-1,7.46,PASS
P018650,CMM-2,34.75,FAIL
P020804,CMM-1,6.88,PASS
P012565,CMM-1,9.94,PASS
P023312,CMM-1,15.08,PASS
P023681,CMM-1,9.95,PASS
P018335,CMM-1,15.24,PASS
P020975,CMM-2,28.57,PASS
P018835,CMM-1,30.34,PASS
P021762,CMM-2,7.06,PASS
P023942,CMM-2,-11.03,PASS
P017486,CMM-1,16.63,PASS
P022113,CMM-1,6.73,PASS
P012014,CMM-1,1.52,PASS
P018950,CMM-2,26.11,PASS
P019823,CMM-1,-7.7,PASS
P022887,CMM-1,-0.96,PASS
P012595,CMM-1,23.23,PASS
P015399,CMM-2,-5.71,PASS
P013308,CMM-1,6.61,PASS
P012722,CMM-1,36.38,PASS
P022814,CMM-1,23.11,PASS
P022621,CMM-1,-3.57,PASS
P020960,CMM-1,19.01,PASS
P022399,CMM-2,15.3,PASS
P014779,CMM-1,17.42,PASS
P014892,CMM-1,24.3,PASS
P016116,CMM-1,10.79,PASS
P016825,CMM-1,16.17,PASS
P019937,CMM-2,7.85,PASS
P016017,CMM-2,-2.98,PASS
P023011,CMM-1,0.24,PASS
P015873,CMM-2,11.51,PASS
P023448,CMM-1,-3.4,PASS
P018958,CMM-1,-24.02,FAIL
P013988,CMM-2,-3.26,PASS
P016447,CMM-1,7.16,PASS
P015237,CMM-1,-14.63,PASS
P023269,CMM-2,-0.04,PASS
P022625,CMM-1,-4.03,PASS
P013046,CMM-1,2.2,PASS
P018220,CMM-1,-10.44,PASS
P020219,CMM-2,-11.22,PASS
P023785,CMM-1,8.49,PASS
P022322,CMM-1,-18.68,PASS
P021446,CMM-1,-0.58,PASS
P021518,CMM-1,-5.77,PASS
P013513,CMM-1,20.49,PASS
P015173,CMM-1,7.31,PASS
P012790,CMM-1,22.87,PASS
P023543,CMM-1,28.99,PASS
P019647,CMM-1,-8.91,PASS
P019677,CMM-1,8.97,PASS
P012405,CMM-2,38.28,FAIL
P016069,CMM-2,0.77,PASS
P020071,CMM-1,12.29,PASS
P012278,CMM-1,4.4,PASS
P017997,CMM-1,7.66,PASS
P020152,CMM-1,29.15,PASS
P022051,CMM-1,-6.01,PASS
P022930,CMM-1,-6.64,PASS
P022190,CMM-1,22.99,PASS
P022205,CMM-2,-14.52,PASS
P014222,CMM-1,10.07,PASS
P014942,CMM-1,18.8,PASS
P019695,CMM-1,45.7,FAIL
P017652,CMM-1,-18.03,PASS
P020802,CMM-1,11.61,PASS
P019986,CMM-1,14.66,PASS
P020471,CMM-2,-35.42,FAIL
P018569,CMM-1,-4.86,PASS
P023915,CMM-2,-11.56,PASS
P015395,CMM-1,15.69,PASS
P022364,CMM-1,4.21,PASS
P020626,CMM-1,34.14,PASS
P023169,CMM-1,11.75,PASS
P021599,CMM-1,2.81,PASS
P015057,CMM-1,15.14,PASS
P023300,CMM-2,9.73,PASS
P012616,CMM-2,-10.79,PASS
P014026,CMM-1,10.43,PASS
P014987,CMM-1,6.25,PASS
P022230,CMM-1,15.32,PASS
P019195,CMM-1,17.46,PASS
P022349,CMM-1,24.27,PASS
P012383,CMM-1,35.48,PASS
P016912,CMM-1,18.4,PASS
P015609,CMM-1,-12.97,PASS
P018301,CMM-1,37.01,PASS
P014175,CMM-1,8.89,PASS
P019163,CMM-2,12.81,PASS
P015232,CMM-1,28.8,PASS
P017097,CMM-1,6.58,PASS
P015527,CMM-1,29.65,PASS
P017892,CMM-1,-23.83,FAIL
P022690,CMM-2,-21.47,PASS
P013052,CMM-1,32.12,PASS
P012532,CMM-1,-4.28,PASS
P021707,CMM-1,-2.5,PASS
P012403,CMM-1,-9.78,PASS
P021785,CMM-2,-13.33,PASS
P019337,CMM-2,10.6,PASS
P018465,CMM-1,21.51,PASS
P020992,CMM-2,16.44,PASS
P019787,CMM-1,20.79,PASS
P017866,CMM-1,-4.82,PASS
P022010,CMM-1,-4.89,PASS
P021502,CMM-1,22.21,PASS
P015651,CMM-1,-4.0,PASS
P015068,CMM-2,10.49,PASS
P018939,CMM-2,20.32,PASS
P015078,CMM-1,-23.72,FAIL
P017383,CMM-1,12.43,PASS
P019174,CMM-1,-18.71,PASS
P016120,CMM-1,14.38,PASS
P013589,CMM-1,-15.63,PASS
P019895,CMM-1,10.62,PASS
P015603,CMM-1,8.23,PASS
P017318,CMM-1,27.06,PASS
P016540,CMM-1,6.65,PASS
P016085,CMM-2,12.9,PASS
P022007,CMM-1,-2.22,PASS
P013868,CMM-1,-16.67,PASS
P022707,CMM-1,16.23,PASS
P020952,CMM-1,3.93,PASS
P019020,CMM-1,29.99,PASS
P020185,CMM-1,15.19,PASS
P015812,CMM-1,-5.49,PASS
P014482,CMM-2,16.12,PASS
P013885,CMM-1,20.42,PASS
P012596,CMM-1,7.13,PASS
P022547,CMM-1,15.52,PASS
P020902,CMM-2,-6.1,PASS
P012974,CMM-2,-16.31,PASS
P013662,CMM-1,7.52,PASS
P017348,CMM-1,2.88,PASS
P022970,CMM-1,5.22,PASS
P014214,CMM-1,5.26,PASS
P013633,CMM-1,10.01,PASS
P021405,CMM-1,16.3,PASS
P012437,CMM-1,15.84,PASS
P019030,CMM-1,-11.96,PASS
P012743,CMM-1,53.59,FAIL
P014306,CMM-1,12.29,PASS
P013559,CMM-2,-9.24,PASS
P021723,CMM-2,19.62,PASS
P022548,CMM-1,3.09,PASS
P012375,CMM-1,13.34,PASS
P022115,CMM-2,26.87,PASS
P012161,CMM-1,-3.3,PASS
P019016,CMM-1,10.05,PASS
P023378,CMM-2,26.31,PASS
P022590,CMM-1,26.88,PASS
P023960,CMM-2,-18.82,PASS
P017673,CMM-1,28.54,PASS
P014881,CMM-1,22.74,PASS
P018721,CMM-1,23.81,PASS
P022290,CMM-1,-12.52,PASS
P022941,CMM-1,6.83,PASS
P020858,CMM-1,-3.26,PASS
P022271,CMM-1,-10.26,PASS
P016855,CMM-2,-2.47,PASS
P016562,CMM-1,3.1,PASS
P014827,CMM-1,24.99,PASS
P021897,CMM-1,8.37,PASS
P018611,CMM-1,8.54,PASS
P012799,CMM-2,-15.0,PASS
P022720,CMM-2,-0.76,PASS
P015862,CMM-1,20.85,PASS
P013537,CMM-1,3.22,PASS
P012125,CMM-1,-4.14,PASS
P017189,CMM-2,-16.05,PASS
P017078,CMM-1,30.27,PASS
P015499,CMM-1,0.37,PASS
P013212,CMM-2,3.91,PASS
P018417,CMM-1,-4.96,PASS
P019735,CMM-1,-4.98,PASS
P012088,CMM-2,1.86,PASS
P017830,CMM-1,2.65,PASS
P017472,CMM-1,5.42,PASS
P023046,CMM-1,11.61,PASS
P023199,CMM-2,-0.9,PASS
P016725,CMM-1,-4.65,PASS
P019841,CMM-1,23.0,PASS
P020190,CMM-1,-2.17,PASS
P023484,CMM-2,24.04,PASS
P023461,CMM-1,34.03,PASS
P019243,CMM-1,-5.65,PASS
P020375,CMM-1,-4.75,PASS
P012167,CMM-2,42.33,FAIL
P021809,CMM-1,-2.28,PASS
P013963,CMM-1,17.22,PASS
P012302,CMM-1,3.65,PASS
P013054,CMM-1,-3.58,PASS
P019067,CMM-1,32.5,PASS
P018528,CMM-2,-5.87,PASS
P018151,CMM-1,-2.82,PASS
P020484,CMM-1,8.16,PASS
P015131,CMM-1,8.27,PASS
P021566,CMM-1,5.95,PASS
P016146,CMM-1,28.76,PASS
P013794,CMM-1,0.94,PASS
P017099,CMM-2,2.16,PASS
P023403,CMM-2,-7.35,PASS
P013664,CMM-1,16.77,PASS
P020355,CMM-1,14.3,PASS
P017387,CMM-1,18.28,PASS
P016510,CMM-1,44.16,FAIL
P020387,CMM-2,14.58,PASS
P023209,CMM-1,20.78,PASS
P012552,CMM-1,14.92,PASS
P014543,CMM-1,-0.79,PASS
P015743,CMM-1,15.81,PASS
P015597,CMM-1,-12.72,PASS
P023659,CMM-2,16.39,PASS
P013956,CMM-2,-1.6,PASS
P015893,CMM-1,-15.77,PASS
P013417,CMM-2,8.58,PASS
P015762,CMM-1,14.96,PASS
P020748,CMM-1,10.89,PASS
P019542,CMM-1,33.09,PASS
P012948,CMM-1,-9.93,PASS
P012078,CMM-1,10.89,PASS
P022317,CMM-1,-2.42,PASS
P020257,CMM-2,10.04,PASS
P020639,CMM-1,7.44,PASS
P016807,CMM-1,12.54,PASS
P015489,CMM-1,20.7,PASS
P013550,CMM-1,9.32,PASS
P023601,CMM-1,15.41,PASS
P023538,CMM-1,-11.01,PASS
P019684,CMM-1,11.86,PASS
P018625,CMM-1,29.16,PASS
P014684,CMM-1,-17.39,PASS
P018951,CMM-1,18.54,PASS
P017238,CMM-1,14.69,PASS
P020617,CMM-1,33.45,PASS
P020161,CMM-1,-7.33,PASS
P018150,CMM-1,15.61,PASS
P018177,CMM-1,45.74,FAIL
P019575,CMM-2,35.76,FAIL
P019656,CMM-1,18.38,PASS
P020670,CMM-1,-5.4,PASS
P020388,CMM-1,-0.82,PASS
P023558,CMM-2,-13.2,PASS
P020287,CMM-1,-4.75,PASS
P014821,CMM-1,12.5,PASS
P013608,CMM-1,0.86,PASS
P020951,CMM-1,9.79,PASS
P015265,CMM-1,16.61,PASS
P015117,CMM-1,9.09,PASS
P022422,CMM-1,-9.84,PASS
P020717,CMM-1,20.3,PASS
P013820,CMM-1,-13.24,PASS
P017807,CMM-2,25.85,PASS
P013427,CMM-1,-5.51,PASS
P012414,CMM-1,8.02,PASS
P021468,CMM-1,5.74,PASS
P023857,CMM-2,-15.98,PASS
P021052,CMM-1,24.49,PASS
P018418,CMM-2,12.87,PASS
P017135,CMM-1,16.81,PASS
P018648,CMM-1,43.94,FAIL
P023418,CMM-1,-8.8,PASS
P012531,CMM-2,8.65,PASS
P012390,CMM-2,-20.8,PASS
P020760,CMM-1,3.7,PASS
P023012,CMM-1,3.24,PASS
P015524,CMM-1,24.25,PASS
P023486,CMM-2,13.4,PASS
P018955,CMM-1,-10.01,PASS
P013844,CMM-1,-3.81,PASS
P017900,CMM-1,-14.2,PASS
P023518,CMM-2,14.06,PASS
P017698,CMM-1,-3.41,PASS
P015907,CMM-1,26.24,PASS
P017711,CMM-1,-3.2,PASS
P012709,CMM-1,26.16,PASS
P015335,CMM-1,8.73,PASS
P018131,CMM-1,18.23,PASS
P017615,CMM-2,-1.68,PASS
P021611,CMM-2,2.78,PASS
P015962,CMM-1,8.84,PASS
P021103,CMM-1,33.86,PASS
P016361,CMM-1,12.87,PASS
P013296,CMM-1,27.07,PASS
P023424,CMM-1,8.33,PASS
P017429,CMM-2,11.74,PASS
P020487,CMM-1,-1.91,PASS
P015048,CMM-1,-0.26,PASS
P019891,CMM-1,20.96,PASS
P021060,CMM-1,22.24,PASS
P012214,CMM-2,-2.6,PASS
P016676,CMM-2,6.04,PASS
P020282,CMM-1,6.28,PASS
P020017,CMM-1,10.55,PASS
P021624,CMM-1,1.28,PASS
P012016,CMM-1,16.52,PASS
P021087,CMM-1,-10.94,PASS
P012232,CMM-1,-11.25,PASS
P012461,CMM-1,-3.22,PASS
P019958,CMM-1,5.45,PASS
P012997,CMM-1,13.69,PASS
P016618,CMM-1,40.65,FAIL
P016473,CMM-1,4.91,PASS
P022676,CMM-1,23.77,PASS
P012394,CMM-1,34.98,PASS
P017095,CMM-1,7.13,PASS
P016574,CMM-1,10.58,PASS
P021017,CMM-1,-0.17,PASS
P020250,CMM-2,25.14,PASS
P012607,CMM-1,13.69,PASS
P023493,CMM-2,1.29,PASS
P014443,CMM-1,-1.36,PASS
P021236,CMM-1,3.43,PASS
P023981,CMM-1,0.34,PASS
P020719,CMM-1,3.95,PASS
P014655,CMM-1,26.38,PASS
P012777,CMM-2,-13.69,PASS
P017086,CMM-1,-16.67,PASS
P012198,CMM-2,-20.22,PASS
P022514,CMM-2,10.57,PASS
P023903,CMM-1,23.2,PASS
P020736,CMM-1,-9.16,PASS
P014849,CMM-1,8.33,PASS
P015430,CMM-1,13.15,PASS
P019369,CMM-1,1.73,PASS
P017076,CMM-2,-17.82,PASS
P013286,CMM-1,10.9,PASS
P023556,CMM-1,26.14,PASS
P018906,CMM-2,-8.86,PASS
P017732,CMM-2,2.94,PASS
P013534,CMM-1,7.19,PASS
P017846,CMM-1,9.13,PASS
P023005,CMM-1,1.61,PASS
P020660,CMM-1,25.93,PASS
P016953,CMM-2,23.74,PASS
P022768,CMM-1,-1.81,PASS
P021350,CMM-1,10.17,PASS
P019745,CMM-1,8.17,PASS
P015948,CMM-1,24.96,PASS
P012152,CMM-2,-36.38,FAIL
P017128,CMM-2,25.49,PASS
P012258,CMM-1,26.22,PASS
P022969,CMM-1,-1.26,PASS
P013470,CMM-1,-6.82,PASS
P019505,CMM-1,14.42,PASS
P022181,CMM-1,15.56,PASS
P021660,CMM-1,10.47,PASS
P017154,CMM-1,4.72,PASS
P013441,CMM-1,26.02,PASS
P012092,CMM-1,-16.02,PASS
P023185,CMM-2,-18.38,PASS
P019280,CMM-1,32.39,PASS
P014471,CMM-1,-15.68,PASS
P013449,CMM-1,8.95,PASS
P017363,CMM-1,-8.86,PASS
P016599,CMM-1,14.01,PASS
P012581,CMM-1,8.36,PASS
P015757,CMM-2,4.55,PASS
P018762,CMM-2,18.29,PASS
P022626,CMM-1,-4.73,PASS
P022827,CMM-1,13.17,PASS
P019229,CMM-1,-1.04,PASS
P013557,CMM-1,12.6,PASS
P016342,CMM-1,-0.6,PASS
P016134,CMM-1,22.91,PASS
P014688,CMM-1,-2.22,PASS
P018980,CMM-2,-23.65,PASS
P017395,CMM-1,12.29,PASS
P019572,CMM-1,12.69,PASS
P020592,CMM-2,-14.24,PASS
P013770,CMM-1,10.35,PASS
P018143,CMM-2,-0.32,PASS
P019980,CMM-2,-26.86,PASS
P023719,CMM-2,-5.46,PASS
P015612,CMM-1,1.98,PASS
P015152,CMM-1,24.76,PASS
P012135,CMM-1,18.07,PASS
P016932,CMM-2,11.94,PASS
P018139,CMM-1,3.61,PASS
P019810,CMM-1,17.24,PASS
P014234,CMM-1,3.74,PASS
P019582,CMM-1,-8.72,PASS
P012772,CMM-1,9.37,PASS
P019893,CMM-2,3.78,PASS
P020407,CMM-2,-9.28,PASS
P023581,CMM-2,-13.5,PASS
P014338,CMM-1,3.97,PASS
P012575,CMM-2,36.97,FAIL
P020579,CMM-1,29.72,PASS
P020729,CMM-1,0.8,PASS
P017408,CMM-2,20.83,PASS
P017596,CMM-2,4.44,PASS
P015076,CMM-1,-18.46,PASS
P013140,CMM-1,5.39,PASS
P022791,CMM-1,39.61,FAIL
P018710,CMM-2,5.44,PASS
P016637,CMM-2,15.73,PASS
P014169,CMM-1,10.12,PASS
P022209,CMM-1,11.56,PASS
P017688,CMM-1,28.82,PASS
P020266,CMM-1,11.21,PASS
P022072,CMM-1,8.75,PASS
P023956,CMM-2,-8.11,PASS
P015539,CMM-1,-0.67,PASS
P013456,CMM-1,14.9,PASS
P018778,CMM-1,12.52,PASS
P019343,CMM-1,15.71,PASS
P019025,CMM-1,1.79,PASS
P019103,CMM-1,35.7,PASS
P015571,CMM-2,1.5,PASS
P012757,CMM-1,1.57,PASS
P023588,CMM-1,28.89,PASS
P015835,CMM-1,19.44,PASS
P012533,CMM-1,29.58,PASS
P022614,CMM-1,-0.14,PASS
P023028,CMM-1,0.47,PASS
P016233,CMM-1,13.95,PASS
P020003,CMM-1,19.8,PASS
P023540,CMM-1,26.96,PASS
P015811,CMM-1,-12.18,PASS
P023971,CMM-2,23.65,PASS
P019546,CMM-1,12.37,PASS
P017242,CMM-1,0.67,PASS
P014463,CMM-1,-9.31,PASS
P013779,CMM-1,-5.72,PASS
P022226,CMM-1,16.32,PASS
P012381,CMM-1,-0.08,PASS
P012310,CMM-1,-2.23,PASS
P014820,CMM-1,11.47,PASS
P021240,CMM-2,11.65,PASS
P013250,CMM-1,-1.52,PASS
P014416,CMM-2,0.53,PASS
P015773,CMM-1,6.89,PASS
P016136,CMM-1,6.47,PASS
P015283,CMM-1,3.49,PASS
P012892,CMM-1,12.69,PASS
P020159,CMM-1,12.36,PASS
P022867,CMM-1,12.05,PASS
P020333,CMM-2,11.08,PASS
P015545,CMM-1,17.77,PASS
P015692,CMM-1,15.08,PASS
P016289,CMM-1,6.75,PASS
P017792,CMM-1,-4.12,PASS
P014056,CMM-1,28.77,PASS
P014337,CMM-1,33.77,PASS
P020001,CMM-2,17.79,PASS
P016606,CMM-1,9.79,PASS
P017118,CMM-1,9.42,PASS
P015991,CMM-2,-17.16,PASS
P018062,CMM-1,2.02,PASS
P021306,CMM-1,24.05,PASS
P017081,CMM-2,-9.35,PASS
P016217,CMM-1,18.52,PASS
P021044,CMM-2,-3.03,PASS
P019439,CMM-2,16.54,PASS
P018506,CMM-1,5.76,PASS
P023160,CMM-1,12.02,PASS
P015831,CMM-1,-8.75,PASS
P019941,CMM-2,22.28,PASS
P017511,CMM-1,5.66,PASS
P012011,CMM-2,-6.36,PASS
P015247,CMM-1,1.43,PASS
P015713,CMM-1,14.24,PASS
P018170,CMM-2,0.83,PASS
P023043,CMM-2,-32.55,FAIL
P021869,CMM-1,12.08,PASS
P022461,CMM-1,-23.78,FAIL
P014229,CMM-1,17.83,PASS
P018093,CMM-1,24.22,PASS
P019886,CMM-1,25.83,PASS
P023517,CMM-2,-0.07,PASS
P018639,CMM-1,20.1,PASS
P020174,CMM-2,2.09,PASS
P020451,CMM-1,26.2,PASS
P016519,CMM-1,10.28,PASS
P014063,CMM-1,23.92,PASS
P019364,CMM-1,26.43,PASS
P021415,CMM-1,-7.7,PASS
P017837,CMM-2,-30.57,FAIL
P019356,CMM-1,-8.83,PASS
P012890,CMM-2,3.15,PASS
P015323,CMM-1,-4.34,PASS
P017231,CMM-1,-15.24,PASS
P017191,CMM-1,24.65,PASS
P020678,CMM-1,16.82,PASS
P012561,CMM-1,-0.37,PASS
P021007,CMM-1,-7.42,PASS
P014213,CMM-1,16.49,PASS
P013723,CMM-1,-22.79,FAIL
P020227,CMM-2,-6.84,PASS
P022606,CMM-2,-19.42,PASS
P022572,CMM-2,2.46,PASS
P015856,CMM-2,-2.67,PASS
P020837,CMM-1,7.95,PASS
P014599,CMM-1,22.44,PASS
P023074,CMM-1,8.26,PASS
P021211,CMM-1,8.65,PASS
P014994,CMM-2,3.6,PASS
P022449,CMM-1,-4.03,PASS
P022128,CMM-1,23.72,PASS
P021304,CMM-1,-5.99,PASS
P023094,CMM-2,-9.96,PASS
P015929,CMM-1,-6.4,PASS
P012290,CMM-1,37.17,PASS
P015460,CMM-1,-0.88,PASS
P017581,CMM-1,4.58,PASS
P014723,CMM-1,1.64,PASS
P015196,CMM-1,43.27,FAIL
P013543,CMM-1,14.94,PASS
P016170,CMM-1,3.72,PASS
P023877,CMM-1,-10.66,PASS
P016621,CMM-1,-9.85,PASS
P020834,CMM-2,-16.76,PASS
P012874,CMM-1,-7.16,PASS
P014531,CMM-2,11.64,PASS
P015264,CMM-1,-14.53,PASS
P018662,CMM-1,12.07,PASS
P019753,CMM-1,-0.58,PASS
P021047,CMM-1,14.77,PASS
P017075,CMM-2,8.93,PASS
P014172,CMM-1,-0.42,PASS
P014215,CMM-1,17.61,PASS
P019623,CMM-2,10.77,PASS
P014010,CMM-1,4.79,PASS
P015672,CMM-2,7.67,PASS
P017753,CMM-1,8.72,PASS
P017972,CMM-1,1.66,PASS
P020737,CMM-2,-23.69,PASS
P016990,CMM-1,25.57,PASS
P021329,CMM-1,11.88,PASS
P020946,CMM-2,-25.03,PASS
P019631,CMM-2,18.08,PASS
P022428,CMM-1,9.56,PASS
P013747,CMM-1,2.87,PASS
P018113,CMM-1,-12.64,PASS
P016240,CMM-2,-1.86,PASS
P016318,CMM-1,-3.65,PASS
P023155,CMM-1,9.7,PASS
P015621,CMM-2,-17.45,PASS
P012773,CMM-2,6.44,PASS
P019392,CMM-1,8.78,PASS
P023193,CMM-1,19.06,PASS
P020534,CMM-1,22.21,PASS
P019702,CMM-2,4.98,PASS
P015219,CMM-2,-19.69,PASS
P017282,CMM-1,23.71,PASS
P018274,CMM-1,-14.8,PASS
P020047,CMM-1,15.41,PASS
P013004,CMM-2,-4.7,PASS
P016295,CMM-1,5.42,PASS
P014020,CMM-1,-5.36,PASS
P023314,CMM-1,2.96,PASS
P022705,CMM-1,-8.84,PASS
P023730,CMM-1,29.06,PASS
P012359,CMM-1,-4.67,PASS
P013333,CMM-1,17.11,PASS
P021820,CMM-1,-17.18,PASS
P018388,CMM-1,21.45,PASS
P012511,CMM-2,3.15,PASS
P016184,CMM-1,16.92,PASS
P017346,CMM-1,-19.3,PASS
P017227,CMM-1,16.93,PASS
P020463,CMM-1,3.56,PASS
P022849,CMM-1,18.33,PASS
P018977,CMM-1,27.45,PASS
P022615,CMM-1,9.05,PASS
P017968,CMM-2,13.15,PASS
P015755,CMM-1,10.1,PASS
P016543,CMM-1,23.1,PASS
P021104,CMM-1,19.58,PASS
P018017,CMM-1,-8.27,PASS
P014182,CMM-1,13.55,PASS
P023844,CMM-1,-5.13,PASS
P019281,CMM-2,-26.55,PASS
P017942,CMM-1,-8.68,PASS
P023469,CMM-2,-21.03,PASS
P019296,CMM-2,21.04,PASS
P023283,CMM-1,18.29,PASS
P017111,CMM-1,15.89,PASS
P023240,CMM-1,15.37,PASS
P013631,CMM-1,9.35,PASS
P016754,CMM-1,13.95,PASS
P023565,CMM-1,14.85,PASS
P023447,CMM-1,-1.05,PASS
P013327,CMM-2,-7.76,PASS
P019975,CMM-1,26.07,PASS
P016450,CMM-2,-15.95,PASS
P014925,CMM-1,20.23,PASS
P020616,CMM-1,-2.51,PASS
P013483,CMM-1,12.38,PASS
P012485,CMM-1,15.08,PASS
P013586,CMM-2,4.14,PASS
P015451,CMM-1,7.24,PASS
P021483,CMM-2,-3.93,PASS
P014661,CMM-2,2.0,PASS
P017542,CMM-2,-5.11,PASS
P022294,CMM-1,23.43,PASS
P022677,CMM-1,22.76,PASS
P014367,CMM-1,-5.61,PASS
P015414,CMM-1,10.43,PASS
P021650,CMM-2,29.1,PASS
P021448,CMM-1,15.18,PASS
P023214,CMM-1,22.8,PASS
P023944,CMM-2,32.08,FAIL
P023339,CMM-2,-7.63,PASS
P018700,CMM-1,7.73,PASS
P023550,CMM-1,-0.42,PASS
P018715,CMM-1,18.34,PASS
P012332,CMM-1,-11.83,PASS
P016260,CMM-1,31.41,PASS
P021787,CMM-1,-2.73,PASS
P016851,CMM-2,25.93,PASS
P020419,CMM-1,5.93,PASS
P017340,CMM-1,7.55,PASS
P019200,CMM-1,3.62,PASS
P012455,CMM-1,3.71,PASS
P018842,CMM-1,5.41,PASS
P023806,CMM-1,-1.95,PASS
P019967,CMM-2,37.03,FAIL
P015783,CMM-1,-14.16,PASS
P018082,CMM-1,-3.75,PASS
P022259,CMM-1,37.81,PASS
P020565,CMM-1,1.61,PASS
P012660,CMM-1,0.14,PASS
P012282,CMM-1,19.38,PASS
P019222,CMM-1,11.14,PASS
P013644,CMM-1,2.36,PASS
P022836,CMM-2,-7.58,PASS
P012446,CMM-1,25.42,PASS
P016746,CMM-1,33.14,PASS
P014139,CMM-1,-4.8,PASS
P021480,CMM-1,-3.91,PASS
P020693,CMM-1,50.22,FAIL
P016435,CMM-1,7.14,PASS
P018505,CMM-1,3.05,PASS
P023828,CMM-1,18.94,PASS
P020212,CMM-1,26.5,PASS
P014745,CMM-1,22.45,PASS
P017613,CMM-1,3.08,PASS
P013274,CMM-2,-10.52,PASS
P018843,CMM-2,21.04,PASS
P021629,CMM-2,-19.31,PASS
P020330,CMM-1,-1.93,PASS
P022396,CMM-1,13.41,PASS
P021410,CMM-1,-5.58,PASS
P017731,CMM-1,11.46,PASS
P022410,CMM-2,15.06,PASS
P017908,CMM-2,-1.04,PASS
P012363,CMM-1,20.16,PASS
P012118,CMM-1,-0.93,PASS
P021356,CMM-1,16.74,PASS
P022588,CMM-1,14.78,PASS
P016427,CMM-1,11.49,PASS
P021939,CMM-2,-5.7,PASS
P018067,CMM-2,-14.86,PASS
P021497,CMM-1,-31.48,FAIL
P023765,CMM-2,5.71,PASS
P017630,CMM-1,17.28,PASS
P019045,CMM-2,0.57,PASS
P021966,CMM-2,10.14,PASS
P014211,CMM-1,1.69,PASS
P017988,CMM-1,-3.46,PASS
P023641,CMM-1,19.17,PASS
P017680,CMM-2,0.95,PASS
P021165,CMM-1,-8.25,PASS
P020155,CMM-2,9.12,PASS
P021280,CMM-1,26.51,PASS
P017022,CMM-1,12.6,PASS
P014922,CMM-2,3.6,PASS
P016432,CMM-1,26.78,PASS
P018174,CMM-1,13.86,PASS
P012386,CMM-2,-12.88,PASS
P020177,CMM-1,26.84,PASS
P012191,CMM-1,-9.49,PASS
P017663,CMM-2,9.38,PASS
P023859,CMM-1,14.72,PASS
P018925,CMM-1,30.23,PASS
P023037,CMM-1,20.26,PASS
P020457,CMM-1,17.02,PASS
P014771,CMM-1,-18.16,PASS
P023198,CMM-2,-16.07,PASS
P017376,CMM-1,27.69,PASS
P019336,CMM-2,-0.07,PASS
P023324,CMM-1,6.44,PASS
P022243,CMM-2,-17.2,PASS
P019157,CMM-2,-4.75,PASS
P020466,CMM-1,14.75,PASS
P022870,CMM-2,20.28,PASS
P023824,CMM-1,10.17,PASS
P013851,CMM-1,-2.25,PASS
P023501,CMM-2,2.18,PASS
P020505,CMM-1,17.37,PASS
P023756,CMM-2,7.53,PASS
P018522,CMM-2,10.33,PASS
P013948,CMM-2,-8.76,PASS
P012827,CMM-1,3.86,PASS
P012634,CMM-2,-36.6,FAIL
P019497,CMM-1,1.1,PASS
P013405,CMM-1,23.41,PASS
P012965,CMM-2,-11.95,PASS
P019738,CMM-1,16.09,PASS
P020619,CMM-1,-5.64,PASS
P021336,CMM-1,2.24,PASS
P022274,CMM-2,-15.77,PASS
P017016,CMM-1,12.96,PASS
P015683,CMM-1,-21.11,PASS
P013913,CMM-1,59.6,FAIL
P023146,CMM-1,5.08,PASS
P022973,CMM-1,22.44,PASS
P020646,CMM-1,14.67,PASS
P014769,CMM-2,-16.36,PASS
P016880,CMM-1,26.85,PASS
P016440,CMM-2,-8.09,PASS
P012030,CMM-2,-3.6,PASS
P020959,CMM-1,18.71,PASS
P022531,CMM-1,-6.63,PASS
P012536,CMM-1,48.78,FAIL
P020080,CMM-2,9.73,PASS
P015375,CMM-1,25.17,PASS
P018850,CMM-2,4.4,PASS
P021917,CMM-1,10.01,PASS
P019261,CMM-2,-14.59,PASS
P014418,CMM-1,3.52,PASS
P018685,CMM-1,14.47,PASS
P013676,CMM-1,21.84,PASS
P019272,CMM-2,15.55,PASS
P012127,CMM-1,-2.28,PASS
P016644,CMM-1,4.68,PASS
P014148,CMM-2,-1.27,PASS
P014079,CMM-1,13.41,PASS
P018453,CMM-2,-14.98,PASS
P013789,CMM-2,-15.92,PASS
P013110,CMM-1,-0.07,PASS
P014103,CMM-1,16.93,PASS
P013374,CMM-2,-6.12,PASS
P021589,CMM-1,0.93,PASS
P023366,CMM-1,15.13,PASS
P021371,CMM-1,14.01,PASS
P019049,CMM-1,21.17,PASS
P022466,CMM-2,-7.11,PASS
P022356,CMM-1,15.74,PASS
P022931,CMM-1,0.18,PASS
P015656,CMM-2,-23.76,PASS
P020255,CMM-1,2.44,PASS
P021811,CMM-1,21.57,PASS
P015333,CMM-1,7.74,PASS
P012448,CMM-1,7.23,PASS
P018849,CMM-1,-9.61,PASS
P015268,CMM-1,9.35,PASS
P013955,CMM-1,20.29,PASS
P023187,CMM-1,-2.86,PASS
P012079,CMM-1,10.9,PASS
P018314,CMM-1,25.97,PASS
P014682,CMM-1,15.36,PASS
P019818,CMM-1,12.88,PASS
P013126,CMM-1,1.12,PASS
P013349,CMM-1,5.64,PASS
P013502,CMM-1,0.37,PASS
P015747,CMM-1,5.88,PASS
P018169,CMM-2,-6.36,PASS
P021620,CMM-1,15.78,PASS
P019863,CMM-1,13.1,PASS
P022847,CMM-1,-0.37,PASS
P013932,CMM-2,-21.65,PASS
P012825,CMM-2,-17.51,PASS
P015563,CMM-1,7.26,PASS
P020127,CMM-1,11.0,PASS
P022497,CMM-2,5.92,PASS
P016107,CMM-1,3.98,PASS
P013758,CMM-1,0.76,PASS
P022702,CMM-2,10.37,PASS
P021401,CMM-1,-1.87,PASS
P023576,CMM-1,-1.55,PASS
P013551,CMM-1,3.35,PASS
P014819,CMM-2,-5.38,PASS
P019876,CMM-1,24.86,PASS
P020130,CMM-2,-7.23,PASS
P022439,CMM-1,-1.56,PASS
P021888,CMM-2,-27.88,PASS
P021030,CMM-1,-2.78,PASS
P013173,CMM-1,-1.91,PASS
P015007,CMM-1,3.8,PASS
P022305,CMM-1,28.11,PASS
P020749,CMM-1,32.63,PASS
P017470,CMM-2,28.82,PASS
P012254,CMM-1,6.9,PASS
P014232,CMM-1,30.69,PASS
P021243,CMM-1,-10.91,PASS
P013791,CMM-1,15.92,PASS
P014355,CMM-1,1.22,PASS
P022158,CMM-1,-13.98,PASS
P019106,CMM-1,-9.25,PASS
P023203,CMM-1,11.13,PASS
P014878,CMM-1,13.8,PASS
P012002,CMM-1,-7.82,PASS
P020145,CMM-2,-22.05,PASS
P014843,CMM-1,17.74,PASS
P020751,CMM-2,7.33,PASS
P016322,CMM-1,-14.2,PASS
P014094,CMM-1,11.87,PASS
P017677,CMM-2,4.43,PASS
P012382,CMM-1,-16.78,PASS
P023497,CMM-1,17.41,PASS
P022272,CMM-2,-26.85,PASS
P013376,CMM-1,32.18,PASS
P020625,CMM-2,-9.73,PASS
P016485,CMM-1,13.18,PASS
P018552,CMM-1,34.07,PASS
P022898,CMM-2,1.81,PASS
P018022,CMM-1,-8.28,PASS
P019525,CMM-2,-8.26,PASS
P018694,CMM-1,7.06,PASS
P020917,CMM-2,-6.54,PASS
P021229,CMM-1,13.56,PASS
P023593,CMM-1,10.43,PASS
P021166,CMM-1,17.91,PASS
P013729,CMM-2,-16.95,PASS
P018216,CMM-1,-11.35,PASS
P015911,CMM-1,5.42,PASS
P017600,CMM-1,15.1,PASS
P015708,CMM-2,-4.87,PASS
P023191,CMM-1,10.76,PASS
P019244,CMM-1,33.28,PASS
P020443,CMM-2,12.95,PASS
P013651,CMM-1,2.06,PASS
P022477,CMM-2,1.8,PASS
P017548,CMM-1,-14.97,PASS
P018854,CMM-1,0.71,PASS
P015281,CMM-2,11.79,PASS
P018580,CMM-1,-20.67,PASS
P018644,CMM-1,10.01,PASS
P014280,CMM-1,-20.5,PASS
P019578,CMM-1,13.13,PASS
P013645,CMM-2,4.37,PASS
P019808,CMM-1,15.35,PASS
P023317,CMM-1,-18.61,PASS
P021559,CMM-1,-7.51,PASS
P017933,CMM-1,7.14,PASS
P017833,CMM-1,28.24,PASS
P017394,CMM-1,6.14,PASS
P018751,CMM-1,2.21,PASS
P023939,CMM-2,-18.34,PASS
P014270,CMM-1,-2.51,PASS
P021621,CMM-1,6.34,PASS
P017679,CMM-1,10.26,PASS
P022052,CMM-1,7.46,PASS
P020288,CMM-1,19.79,PASS
P017117,CMM-1,-0.41,PASS
P017359,CMM-1,12.37,PASS
P012025,CMM-2,3.96,PASS
P012411,CMM-1,20.21,PASS
P023182,CMM-1,12.62,PASS
P012090,CMM-1,21.86,PASS
P023057,CMM-2,2.72,PASS
P015163,CMM-1,48.43,FAIL
P019254,CMM-2,9.77,PASS
P013143,CMM-1,21.84,PASS
P018234,CMM-1,-7.61,PASS
P019994,CMM-1,13.6,PASS
P012508,CMM-1,15.79,PASS
P022578,CMM-1,5.51,PASS
P019375,CMM-1,20.46,PASS
P015271,CMM-1,3.07,PASS
P016686,CMM-1,-1.22,PASS
P012767,CMM-1,32.98,PASS
P020327,CMM-1,18.5,PASS
P016703,CMM-2,0.6,PASS
P013088,CMM-1,7.52,PASS
P013927,CMM-1,-3.63,PASS
P012226,CMM-1,24.06,PASS
P013639,CMM-2,-17.52,PASS
P023353,CMM-1,-2.31,PASS
P018743,CMM-2,3.77,PASS
P017907,CMM-1,-4.08,PASS
P019832,CMM-1,17.08,PASS
P014654,CMM-2,1.53,PASS
P016971,CMM-1,2.71,PASS
P019394,CMM-2,21.29,PASS
P014195,CMM-2,3.48,PASS
P022088,CMM-1,14.75,PASS
P018394,CMM-1,1.16,PASS
P014444,CMM-2,0.01,PASS
P012202,CMM-2,-19.83,PASS
P016624,CMM-1,5.85,PASS
P013761,CMM-1,8.83,PASS
P021082,CMM-1,23.96,PASS
P012582,CMM-1,20.78,PASS
P014332,CMM-1,38.78,FAIL
P015768,CMM-1,18.77,PASS
P019398,CMM-1,7.28,PASS
P016514,CMM-1,-1.38,PASS
P013720,CMM-1,-0.99,PASS
P012950,CMM-1,-4.58,PASS
P018400,CMM-1,21.3,PASS
P020048,CMM-1,26.21,PASS
P016541,CMM-1,2.95,PASS
P015108,CMM-2,-6.7,PASS
P012579,CMM-1,4.78,PASS
P015942,CMM-1,20.94,PASS
P023697,CMM-2,-27.64,PASS
P020790,CMM-1,14.73,PASS
P021827,CMM-2,-14.31,PASS
P012006,CMM-2,-12.62,PASS
P021193,CMM-2,-14.32,PASS
P012097,CMM-1,15.09,PASS
P012316,CMM-2,-20.53,PASS
P014778,CMM-2,17.39,PASS
P023874,CMM-1,7.76,PASS
P013983,CMM-1,0.11,PASS
P015830,CMM-1,-15.21,PASS
P023544,CMM-1,-7.99,PASS
P013408,CMM-1,-18.13,PASS
P019690,CMM-1,3.33,PASS
P020454,CMM-1,23.69,PASS
P016182,CMM-1,-1.7,PASS
P018905,CMM-1,26.22,PASS
P018153,CMM-1,-1.29,PASS
P018343,CMM-1,20.52,PASS
P018885,CMM-1,12.09,PASS
P018046,CMM-1,0.4,PASS
P021359,CMM-1,2.52,PASS
P015215,CMM-1,9.98,PASS
P015902,CMM-1,13.37,PASS
P020792,CMM-1,2.97,PASS
P013012,CMM-1,22.2,PASS
P020896,CMM-1,-3.29,PASS
P022591,CMM-2,14.09,PASS
P017558,CMM-1,8.3,PASS
P019353,CMM-1,10.98,PASS
P021671,CMM-1,-13.0,PASS
P022438,CMM-2,-9.25,PASS
P022337,CMM-1,2.14,PASS
P023009,CMM-1,6.57,PASS
P021064,CMM-1,28.66,PASS
P012897,CMM-1,25.34,PASS
P018832,CMM-1,-12.65,PASS
P013311,CMM-1,7.6,PASS
P014817,CMM-1,22.81,PASS
P022302,CMM-1,7.57,PASS
P023311,CMM-1,8.5,PASS
P012449,CMM-1,6.78,PASS
P012506,CMM-1,14.85,PASS
P017878,CMM-1,28.87,PASS
P021058,CMM-1,6.19,PASS
P019921,CMM-2,-5.92,PASS
P012572,CMM-1,25.26,PASS
P014808,CMM-2,15.81,PASS
P018997,CMM-1,17.42,PASS
P023606,CMM-2,-22.73,PASS
P013252,CMM-2,28.88,PASS
P019662,CMM-1,11.46,PASS
P015909,CMM-1,-1.78,PASS
P017917,CMM-1,11.25,PASS
P020843,CMM-1,19.26,PASS
P014494,CMM-1,3.81,PASS
P021705,CMM-1,-0.06,PASS
P018583,CMM-1,23.28,PASS
P023002,CMM-1,-7.16,PASS
P020927,CMM-1,23.65,PASS
P021423,CMM-1,23.37,PASS
P022713,CMM-2,-25.07,PASS
P014912,CMM-1,-3.91,PASS
P017329,CMM-1,-2.08,PASS
P017821,CMM-2,17.66,PASS
P014754,CMM-1,27.89,PASS
P012361,CMM-1,19.29,PASS
P021383,CMM-2,-2.18,PASS
P018590,CMM-1,-2.96,PASS
P020851,CMM-1,9.4,PASS
P020498,CMM-2,-2.25,PASS
P012292,CMM-1,3.16,PASS
P020942,CMM-1,27.72,PASS
P022762,CMM-1,14.54,PASS
P020726,CMM-2,-8.74,PASS
P016186,CMM-2,0.52,PASS
P019107,CMM-1,3.27,PASS
P023634,CMM-2,8.2,PASS
P020925,CMM-1,14.64,PASS
P014581,CMM-2,19.93,PASS
P015380,CMM-1,-0.4,PASS
P018145,CMM-1,10.87,PASS
P013284,CMM-1,4.63,PASS
P013036,CMM-1,8.79,PASS
P016734,CMM-2,1.71,PASS
P015258,CMM-1,29.13,PASS
P019455,CMM-1,5.9,PASS
P021136,CMM-1,31.92,PASS
P012275,CMM-1,-10.0,PASS
P021133,CMM-2,5.19,PASS
P019117,CMM-1,-4.87,PASS
P012259,CMM-2,-13.83,PASS
P016038,CMM-1,30.92,PASS
P023773,CMM-1,15.54,PASS
P017884,CMM-1,14.12,PASS
P016716,CMM-1,27.68,PASS
P016013,CMM-1,11.49,PASS
P018024,CMM-2,-8.38,PASS
P017129,CMM-1,-17.96,PASS
P013847,CMM-2,-9.59,PASS
P018281,CMM-1,0.39,PASS
P022906,CMM-1,14.66,PASS
P012692,CMM-1,-4.42,PASS
P015199,CMM-1,1.31,PASS
P015350,CMM-1,-1.19,PASS
P019511,CMM-2,-23.56,PASS
P015059,CMM-1,-1.54,PASS
P020885,CMM-1,27.87,PASS
P019203,CMM-1,22.68,PASS
P013788,CMM-2,-34.21,FAIL
P013485,CMM-1,8.68,PASS
P022261,CMM-2,19.05,PASS
P020346,CMM-1,12.48,PASS
P016422,CMM-2,-1.11,PASS
P013249,CMM-1,20.5,PASS
P018880,CMM-1,21.34,PASS
P017437,CMM-2,-2.2,PASS
P020328,CMM-1,19.08,PASS
P014570,CMM-1,-15.58,PASS
P017428,CMM-1,-4.24,PASS
P012154,CMM-1,12.58,PASS
P018000,CMM-1,7.54,PASS
P023170,CMM-1,9.29,PASS
P017715,CMM-1,-2.62,PASS
P018442,CMM-1,1.19,PASS
P019589,CMM-1,-0.77,PASS
P020398,CMM-2,-13.08,PASS
P022159,CMM-1,-25.6,FAIL
P023067,CMM-1,10.93,PASS
P012501,CMM-1,9.33,PASS
P016018,CMM-1,2.19,PASS
P019824,CMM-2,-5.4,PASS
P015881,CMM-2,19.82,PASS
P012724,CMM-1,6.16,PASS
P023986,CMM-1,9.07,PASS
P022435,CMM-1,51.24,FAIL
P013072,CMM-1,10.57,PASS
P016080,CMM-2,10.4,PASS
P014953,CMM-1,-18.42,PASS
P019429,CMM-1,32.98,PASS
P015581,CMM-1,26.39,PASS
P022193,CMM-2,21.13,PASS
P023446,CMM-2,-15.02,PASS
P021578,CMM-1,-3.71,PASS
P015263,CMM-1,28.83,PASS
P021558,CMM-1,24.15,PASS
P021632,CMM-1,42.4,FAIL
P012057,CMM-1,-7.6,PASS
P021567,CMM-1,-11.91,PASS
P016347,CMM-2,-7.78,PASS
P018609,CMM-2,-6.85,PASS
P014587,CMM-1,9.58,PASS
P015083,CMM-1,13.64,PASS
P015684,CMM-1,-5.12,PASS
P015050,CMM-1,8.69,PASS
P016905,CMM-2,26.53,PASS
P014521,CMM-1,19.65,PASS
P014097,CMM-1,14.82,PASS
P012691,CMM-1,7.95,PASS
P021362,CMM-2,14.71,PASS
P022014,CMM-1,-2.89,PASS
P016674,CMM-1,15.85,PASS
P018323,CMM-1,38.41,FAIL
P020663,CMM-1,-31.26,FAIL
P014360,CMM-1,1.8,PASS
P015311,CMM-1,16.33,PASS
P017607,CMM-1,31.75,PASS
P015541,CMM-1,2.77,PASS
P013568,CMM-2,-10.08,PASS
P017367,CMM-2,8.05,PASS
P023268,CMM-1,3.83,PASS
P013734,CMM-1,-3.17,PASS
P012786,CMM-1,32.43,PASS
P013351,CMM-2,-9.59,PASS
P019287,CMM-1,-0.67,PASS
P021352,CMM-1,13.11,PASS
P016873,CMM-1,3.74,PASS
P020182,CMM-1,24.12,PASS
P018898,CMM-1,-30.64,FAIL
P023702,CMM-1,12.97,PASS
P018376,CMM-1,36.93,PASS
P014485,CMM-2,11.15,PASS
P014957,CMM-2,12.39,PASS
P018760,CMM-1,9.9,PASS
P017206,CMM-1,5.35,PASS
P012677,CMM-1,4.75,PASS
P020203,CMM-1,14.0,PASS
P017432,CMM-1,6.9,PASS
P021445,CMM-1,11.22,PASS
P021051,CMM-1,10.82,PASS
P015704,CMM-1,8.93,PASS
P021851,CMM-1,-21.03,PASS
P013091,CMM-2,7.19,PASS
P023215,CMM-1,23.01,PASS
P019354,CMM-1,-0.24,PASS
P019718,CMM-1,34.85,PASS
P016277,CMM-2,2.69,PASS
P016280,CMM-1,-10.87,PASS
P017446,CMM-2,15.56,PASS
P014900,CMM-1,-5.23,PASS
P013152,CMM-1,-0.48,PASS
P020350,CMM-2,1.43,PASS
P012252,CMM-1,-0.93,PASS
P020687,CMM-1,5.87,PASS
P018879,CMM-2,12.05,PASS
P018003,CMM-1,5.31,PASS
P017669,CMM-1,28.13,PASS
P019694,CMM-1,9.82,PASS
P015559,CMM-2,13.29,PASS
P019123,CMM-1,10.13,PASS
P017001,CMM-2,10.04,PASS
P013472,CMM-1,-14.51,PASS
P018484,CMM-1,10.32,PASS
P020873,CMM-1,7.57,PASS
P016012,CMM-1,21.2,PASS
P012564,CMM-1,23.25,PASS
P018324,CMM-1,23.02,PASS
P017404,CMM-1,28.43,PASS
P019650,CMM-1,8.99,PASS
P020855,CMM-1,35.17,PASS
P018240,CMM-1,-7.98,PASS
P014988,CMM-2,4.47,PASS
P012880,CMM-1,37.45,PASS
P020358,CMM-1,3.65,PASS
P015097,CMM-2,7.79,PASS
P020759,CMM-2,21.47,PASS
P018397,CMM-1,8.77,PASS
P021411,CMM-1,24.87,PASS
P017973,CMM-1,21.76,PASS
P021754,CMM-1,-17.59,PASS
P015391,CMM-1,11.68,PASS
P021391,CMM-1,-4.55,PASS
P021528,CMM-1,12.28,PASS
P022279,CMM-2,-1.04,PASS
P017073,CMM-2,22.45,PASS
P014039,CMM-2,3.04,PASS
P023751,CMM-1,14.79,PASS
P023951,CMM-1,18.79,PASS
P020365,CMM-1,-15.07,PASS
P012439,CMM-1,-3.6,PASS
P022081,CMM-2,-10.09,PASS
P018695,CMM-1,0.32,PASS
P020283,CMM-1,14.55,PASS
P016896,CMM-1,28.07,PASS
P015420,CMM-2,20.61,PASS
P014127,CMM-1,-8.93,PASS
P014743,CMM-2,7.25,PASS
P021557,CMM-1,23.93,PASS
P020441,CMM-2,-1.06,PASS
P021125,CMM-1,3.94,PASS
P016524,CMM-1,-9.48,PASS
P022074,CMM-1,-3.73,PASS
P014100,CMM-1,9.89,PASS
P017039,CMM-1,11.29,PASS
P020553,CMM-1,12.94,PASS
P015204,CMM-1,3.17,PASS
P017729,CMM-1,21.56,PASS
P012843,CMM-1,3.96,PASS
P014507,CMM-2,20.77,PASS
P016521,CMM-1,27.98,PASS
P022693,CMM-1,31.46,PASS
P018409,CMM-2,-1.78,PASS
P015965,CMM-1,11.83,PASS
P012598,CMM-1,2.28,PASS
P013231,CMM-2,32.79,FAIL
P015151,CMM-2,7.64,PASS
P015366,CMM-1,3.74,PASS
P021738,CMM-2,-6.35,PASS
P019040,CMM-2,-5.17,PASS
P014832,CMM-1,9.1,PASS
P015347,CMM-2,4.84,PASS
P013538,CMM-1,11.18,PASS
P023546,CMM-1,17.26,PASS
P018269,CMM-1,-16.28,PASS
P017173,CMM-2,6.52,PASS
P023514,CMM-1,16.47,PASS
P013965,CMM-1,20.06,PASS
P021451,CMM-1,4.48,PASS
P022054,CMM-1,22.48,PASS
P022338,CMM-1,9.93,PASS
P014749,CMM-1,13.44,PASS
P020094,CMM-1,-8.32,PASS
P022835,CMM-1,6.71,PASS
P017492,CMM-1,10.87,PASS
P023943,CMM-1,18.17,PASS
P021535,CMM-1,-2.15,PASS
P013929,CMM-1,12.17,PASS
P022045,CMM-1,18.47,PASS
P016487,CMM-2,1.02,PASS
P023786,CMM-1,2.08,PASS
P017253,CMM-2,2.26,PASS
P017013,CMM-1,41.36,FAIL
P015387,CMM-1,24.2,PASS
P012146,CMM-1,13.38,PASS
P013958,CMM-1,5.41,PASS
P016297,CMM-1,-11.02,PASS
P016609,CMM-1,3.68,PASS
P013217,CMM-1,13.24,PASS
P021457,CMM-1,11.46,PASS
P019629,CMM-1,0.51,PASS
P014282,CMM-1,0.69,PASS
P014986,CMM-1,4.58,PASS
P014378,CMM-1,-2.7,PASS
P018658,CMM-1,28.75,PASS
P016816,CMM-1,19.97,PASS
P014999,CMM-2,-20.25,PASS
P014717,CMM-1,-3.22,PASS
P012496,CMM-2,-1.86,PASS
P018814,CMM-1,18.59,PASS
P018204,CMM-2,-3.81,PASS
P018303,CMM-1,13.21,PASS
P022559,CMM-1,12.75,PASS
P016774,CMM-2,-9.56,PASS
P014390,CMM-2,17.52,PASS
P022946,CMM-2,0.48,PASS
P016938,CMM-2,-17.99,PASS
P016529,CMM-1,20.83,PASS
P017640,CMM-1,4.35,PASS
P021299,CMM-1,6.48,PASS
P020345,CMM-1,28.44,PASS
P013810,CMM-2,-0.94,PASS
P015500,CMM-2,-8.85,PASS
P017816,CMM-1,-10.64,PASS
P014528,CMM-2,3.13,PASS
P021696,CMM-1,1.37,PASS
P013412,CMM-1,18.33,PASS
P018440,CMM-1,10.09,PASS
P021338,CMM-1,5.52,PASS
P014445,CMM-2,0.62,PASS
P019633,CMM-1,-2.48,PASS
P017910,CMM-1,-18.71,PASS
P023400,CMM-1,7.75,PASS
P021630,CMM-2,31.24,FAIL
P018439,CMM-1,20.89,PASS
P018635,CMM-2,-13.58,PASS
P017006,CMM-2,-11.15,PASS
P015225,CMM-2,15.65,PASS
P021192,CMM-2,-5.18,PASS
P016786,CMM-1,14.05,PASS
P022857,CMM-1,-5.73,PASS
P013087,CMM-2,-8.42,PASS
P018692,CMM-1,31.22,PASS
P023308,CMM-1,-5.35,PASS
P015220,CMM-2,2.84,PASS
P012671,CMM-2,16.25,PASS
P015901,CMM-1,10.97,PASS
P020698,CMM-2,-6.64,PASS
P017012,CMM-1,22.25,PASS
P013532,CMM-1,31.91,PASS
P018586,CMM-1,13.07,PASS
P021911,CMM-1,1.47,PASS
P013207,CMM-1,18.17,PASS
P017766,CMM-1,10.31,PASS
P021927,CMM-2,-10.39,PASS
P015904,CMM-2,-19.47,PASS
P016989,CMM-1,-1.74,PASS
P015425,CMM-1,25.56,PASS
P021197,CMM-1,4.67,PASS
P017187,CMM-1,4.33,PASS
P018443,CMM-1,32.18,PASS
P020930,CMM-1,18.09,PASS
P021626,CMM-1,2.2,PASS
P016711,CMM-1,6.82,PASS
P017361,CMM-2,4.92,PASS
P023050,CMM-1,-14.15,PASS
P018761,CMM-1,2.97,PASS
P019981,CMM-2,6.05,PASS
P012864,CMM-1,-0.9,PASS
P018467,CMM-1,1.74,PASS
P014077,CMM-1,-10.45,PASS
P015364,CMM-1,11.52,PASS
P014225,CMM-2,4.46,PASS
P014693,CMM-1,18.68,PASS
P019675,CMM-1,-7.5,PASS
P017617,CMM-2,-10.09,PASS
P014931,CMM-1,4.29,PASS
P021588,CMM-1,-13.96,PASS
P020418,CMM-1,7.48,PASS
P015073,CMM-1,11.24,PASS
P018693,CMM-2,0.18,PASS
P012695,CMM-2,-6.49,PASS
P015832,CMM-1,14.71,PASS
P017426,CMM-1,12.6,PASS
P012237,CMM-1,22.6,PASS
P022075,CMM-1,26.06,PASS
P018382,CMM-1,-7.52,PASS
P020229,CMM-1,20.78,PASS
P014322,CMM-1,-1.16,PASS
P015067,CMM-1,12.16,PASS
P022169,CMM-1,-0.99,PASS
P023742,CMM-2,-4.67,PASS
P019611,CMM-1,2.94,PASS
P019663,CMM-2,-13.59,PASS
P017047,CMM-2,-5.54,PASS
P023086,CMM-1,22.18,PASS
P015790,CMM-1,-1.53,PASS
P013387,CMM-1,-8.94,PASS
P014392,CMM-1,20.64,PASS
P019567,CMM-2,2.44,PASS
P020859,CMM-1,-23.93,FAIL
P021159,CMM-1,-5.75,PASS
P023515,CMM-1,-3.21,PASS
P019284,CMM-1,19.3,PASS
P021960,CMM-1,-0.58,PASS
P017172,CMM-1,5.91,PASS
P021385,CMM-1,2.86,PASS
P020602,CMM-2,-18.52,PASS
P017517,CMM-1,12.14,PASS
P012230,CMM-1,-7.56,PASS
P016075,CMM-1,-2.2,PASS
P016133,CMM-1,-4.7,PASS
P015577,CMM-1,32.04,PASS
P023713,CMM-2,23.39,PASS
P020444,CMM-1,40.0,FAIL
P016202,CMM-1,22.08,PASS
P023574,CMM-1,35.02,PASS
P016097,CMM-1,-7.35,PASS
P019370,CMM-2,3.5,PASS
P018914,CMM-2,-14.56,PASS
P022423,CMM-1,46.66,FAIL
P021321,CMM-1,10.23,PASS
P019127,CMM-1,13.27,PASS
P015013,CMM-1,-15.28,PASS
P019691,CMM-1,6.96,PASS
P018626,CMM-1,2.81,PASS
P020715,CMM-1,13.53,PASS
P019374,CMM-1,28.32,PASS
P023070,CMM-1,-38.93,FAIL
P016231,CMM-1,-0.83,PASS
P016305,CMM-1,-11.74,PASS
P015176,CMM-1,13.11,PASS
P017823,CMM-1,5.39,PASS
P020632,CMM-1,8.32,PASS
P019024,CMM-2,-14.42,PASS
P013974,CMM-1,26.94,PASS
P018243,CMM-2,-12.47,PASS
P016499,CMM-2,-9.22,PASS
P020655,CMM-1,19.48,PASS
P018209,CMM-1,29.16,PASS
P017693,CMM-1,-18.31,PASS
P017295,CMM-1,14.09,PASS
P014787,CMM-1,18.94,PASS
P021045,CMM-1,8.33,PASS
P013447,CMM-2,-13.98,PASS
P020712,CMM-1,0.05,PASS
P014260,CMM-1,7.15,PASS
P022860,CMM-2,-3.66,PASS
P016265,CMM-1,-13.9,PASS
P018540,CMM-1,8.84,PASS
P023262,CMM-1,6.3,PASS
P017335,CMM-1,5.91,PASS
P021433,CMM-2,-1.83,PASS
P015022,CMM-2,-5.76,PASS
P020786,CMM-2,-0.99,PASS
P017197,CMM-1,28.02,PASS
P022584,CMM-1,25.35,PASS
P013903,CMM-2,-12.29,PASS
P016005,CMM-1,-24.55,FAIL
P023862,CMM-1,26.33,PASS
P012740,CMM-1,-12.71,PASS
P021533,CMM-2,-0.02,PASS
P019597,CMM-1,27.0,PASS
P015250,CMM-1,2.11,PASS
P022039,CMM-1,10.88,PASS
P016505,CMM-1,13.58,PASS
P012593,CMM-1,-10.38,PASS
P021040,CMM-1,23.4,PASS
P020564,CMM-1,13.53,PASS
P023875,CMM-2,1.54,PASS
P012201,CMM-1,-7.7,PASS
P018594,CMM-1,13.29,PASS
P016629,CMM-1,34.94,PASS
P022083,CMM-1,-7.17,PASS
P019790,CMM-1,-4.32,PASS
P012857,CMM-1,10.52,PASS
P013454,CMM-1,21.75,PASS
P014339,CMM-1,8.63,PASS
P016931,CMM-2,-7.72,PASS
P021194,CMM-2,-5.32,PASS
P013253,CMM-2,26.19,PASS
P019716,CMM-2,-11.87,PASS
P015958,CMM-2,-17.6,PASS
P016362,CMM-2,2.18,PASS
P019060,CMM-1,7.89,PASS
P019746,CMM-1,-11.98,PASS
P015642,CMM-1,-1.69,PASS
P013714,CMM-1,0.88,PASS
P016906,CMM-1,7.76,PASS
P020078,CMM-1,19.61,PASS
P013289,CMM-2,15.82,PASS
P021542,CMM-2,-11.88,PASS
P019085,CMM-1,25.53,PASS
P020683,CMM-2,5.14,PASS
P016735,CMM-2,-6.04,PASS
P012326,CMM-2,-5.98,PASS
P022472,CMM-2,-6.8,PASS
P023552,CMM-2,11.18,PASS
P018557,CMM-2,-7.59,PASS
P012649,CMM-1,9.17,PASS
P012816,CMM-1,-7.24,PASS
P014091,CMM-1,5.21,PASS
P021436,CMM-1,19.98,PASS
P017171,CMM-1,-2.61,PASS
P012748,CMM-1,-6.32,PASS
P012979,CMM-1,-5.37,PASS
P012871,CMM-1,-15.76,PASS
P016814,CMM-1,11.35,PASS
P019729,CMM-1,16.9,PASS
P013496,CMM-2,0.03,PASS
P019540,CMM-1,21.02,PASS
P015324,CMM-1,11.4,PASS
P017324,CMM-1,-3.49,PASS
P013912,CMM-2,3.76,PASS
P015520,CMM-1,13.51,PASS
P021530,CMM-1,1.38,PASS
P018043,CMM-1,12.96,PASS
P016053,CMM-1,8.42,PASS
P019206,CMM-2,5.8,PASS
P014509,CMM-1,17.01,PASS
P022830,CMM-1,16.39,PASS
P018578,CMM-1,13.38,PASS
P014108,CMM-1,1.42,PASS
P014899,CMM-2,2.27,PASS
P016028,CMM-1,1.2,PASS
P014709,CMM-1,1.6,PASS
P021118,CMM-2,11.24,PASS
P022940,CMM-1,31.91,PASS
P016138,CMM-1,19.35,PASS
P013181,CMM-1,5.47,PASS
P018271,CMM-1,-4.58,PASS
P013223,CMM-1,5.47,PASS
P021394,CMM-2,-0.74,PASS
P017689,CMM-2,0.31,PASS
P014204,CMM-1,1.18,PASS
P018804,CMM-1,5.3,PASS
P018673,CMM-1,2.42,PASS
P017571,CMM-1,20.73,PASS
P023362,CMM-1,27.39,PASS
P020676,CMM-1,5.61,PASS
P018311,CMM-2,-1.57,PASS
P014646,CMM-1,12.96,PASS
P016428,CMM-2,-1.95,PASS
P016978,CMM-1,7.44,PASS
P021981,CMM-1,-9.6,PASS
P020674,CMM-1,12.38,PASS
P014051,CMM-1,-5.34,PASS
P019844,CMM-1,2.34,PASS
P019306,CMM-1,-9.45,PASS
P019130,CMM-1,33.44,PASS
P018908,CMM-2,16.18,PASS
P023504,CMM-1,26.42,PASS
P018564,CMM-1,3.62,PASS
P022071,CMM-2,28.15,PASS
P013197,CMM-1,3.13,PASS
P012626,CMM-1,6.01,PASS
P023759,CMM-2,1.5,PASS
P013774,CMM-1,6.0,PASS
P012681,CMM-2,20.0,PASS
P014034,CMM-1,13.73,PASS
P023210,CMM-1,3.29,PASS
P021724,CMM-1,-0.22,PASS
P022091,CMM-1,18.31,PASS
P018102,CMM-1,-4.84,PASS
P023112,CMM-1,6.95,PASS
P023393,CMM-1,8.56,PASS
P013425,CMM-1,26.58,PASS
P022446,CMM-2,-23.23,PASS
P020733,CMM-1,-4.33,PASS
P021543,CMM-1,-7.64,PASS
P019756,CMM-1,2.39,PASS
P020578,CMM-1,24.18,PASS
P012967,CMM-1,9.54,PASS
P012520,CMM-1,4.1,PASS
P022268,CMM-1,21.66,PASS
P018758,CMM-1,19.18,PASS
P015428,CMM-1,0.52,PASS
P021964,CMM-1,22.09,PASS
P014143,CMM-1,-6.72,PASS
P021841,CMM-1,12.79,PASS
P022752,CMM-1,-1.78,PASS
P012204,CMM-1,-5.34,PASS
P015427,CMM-1,1.15,PASS
P015820,CMM-1,11.22,PASS
P018560,CMM-2,24.0,PASS
P012373,CMM-1,36.89,PASS
P021799,CMM-2,27.65,PASS
P018402,CMM-1,0.99,PASS
P013433,CMM-1,11.32,PASS
P018265,CMM-1,11.2,PASS
P012486,CMM-2,-6.18,PASS
P015273,CMM-1,21.02,PASS
P020239,CMM-2,1.26,PASS
P019270,CMM-1,-8.86,PASS
P014424,CMM-1,-6.51,PASS
P022125,CMM-2,2.81,PASS
P019898,CMM-2,29.16,PASS
P014789,CMM-2,-8.16,PASS
P015978,CMM-1,4.5,PASS
P020904,CMM-1,-10.11,PASS
P021038,CMM-1,31.84,PASS
P014157,CMM-2,18.08,PASS
P021677,CMM-1,21.68,PASS
P020709,CMM-1,1.69,PASS
P023229,CMM-1,22.56,PASS
P012311,CMM-2,-14.88,PASS
P019586,CMM-1,26.35,PASS
P019809,CMM-2,24.71,PASS
P013854,CMM-1,-12.59,PASS
P014930,CMM-2,-1.35,PASS
P013523,CMM-1,11.26,PASS
P020669,CMM-1,17.44,PASS
P015089,CMM-1,-21.37,PASS
P018254,CMM-1,32.28,PASS
P015168,CMM-1,-16.09,PASS
P014718,CMM-1,29.4,PASS
P013347,CMM-2,-0.22,PASS
P015718,CMM-2,-1.96,PASS
P022046,CMM-1,-2.3,PASS
P020180,CMM-1,6.3,PASS
P016195,CMM-1,41.19,FAIL
P012211,CMM-1,1.23,PASS
P023833,CMM-1,7.43,PASS
P016404,CMM-1,0.93,PASS
P021335,CMM-1,27.47,PASS
P016296,CMM-1,3.85,PASS
P012883,CMM-2,-5.12,PASS
P015607,CMM-1,34.18,PASS
P021967,CMM-1,8.34,PASS
P016299,CMM-1,-7.95,PASS
P020938,CMM-1,-16.39,PASS
P022148,CMM-1,8.11,PASS
P022529,CMM-1,-10.34,PASS
P018196,CMM-1,26.09,PASS
P021180,CMM-1,7.2,PASS
P018040,CMM-1,31.35,PASS
P014850,CMM-2,-11.74,PASS
P022355,CMM-1,19.93,PASS
P015827,CMM-1,15.14,PASS
P018217,CMM-2,9.16,PASS
P017283,CMM-1,-3.2,PASS
P016214,CMM-1,22.13,PASS
P017594,CMM-2,21.52,PASS
P014438,CMM-1,-2.57,PASS
P016616,CMM-2,41.73,FAIL
P023065,CMM-1,-10.22,PASS
P013786,CMM-1,12.74,PASS
P015869,CMM-1,-3.75,PASS
P019238,CMM-1,-7.51,PASS
P017625,CMM-1,4.29,PASS
P020166,CMM-1,15.33,PASS
P014613,CMM-1,4.49,PASS
P021347,CMM-1,15.29,PASS
P014247,CMM-1,13.18,PASS
P015935,CMM-2,2.06,PASS
P019821,CMM-1,2.98,PASS
P023795,CMM-1,7.6,PASS
P012380,CMM-1,6.3,PASS
P013244,CMM-1,10.4,PASS
P021600,CMM-1,-7.26,PASS
P022517,CMM-2,13.57,PASS
P016119,CMM-2,-18.04,PASS
P023741,CMM-2,20.96,PASS
P013500,CMM-1,7.54,PASS
P013827,CMM-1,1.74,PASS
P012458,CMM-1,27.84,PASS
P021606,CMM-2,10.86,PASS
P017989,CMM-2,21.69,PASS
P015065,CMM-1,26.64,PASS
P023674,CMM-1,26.47,PASS
P015678,CMM-1,29.15,PASS
P015548,CMM-1,13.13,PASS
P023166,CMM-1,16.73,PASS
P014508,CMM-2,-17.84,PASS
P012256,CMM-1,20.51,PASS
P020489,CMM-2,12.17,PASS
P012518,CMM-2,-7.86,PASS
P019966,CMM-1,6.85,PASS
P020014,CMM-1,28.53,PASS
P020607,CMM-1,-9.78,PASS
P012553,CMM-1,17.76,PASS
P012186,CMM-1,4.27,PASS
P018088,CMM-1,25.12,PASS
P019137,CMM-1,5.07,PASS
P015748,CMM-2,15.24,PASS
P022225,CMM-1,7.7,PASS
P015685,CMM-1,5.3,PASS
P023772,CMM-2,5.54,PASS
P015359,CMM-1,0.86,PASS
P012327,CMM-2,-40.31,FAIL
P013108,CMM-1,-12.24,PASS
P012075,CMM-1,-3.3,PASS
P013730,CMM-1,48.4,FAIL
P020714,CMM-1,5.78,PASS
P020950,CMM-1,25.55,PASS
P019828,CMM-2,-2.64,PASS
P019175,CMM-1,6.55,PASS
P013902,CMM-1,33.51,PASS
P015676,CMM-1,-2.66,PASS
P021509,CMM-1,4.6,PASS
P020856,CMM-1,15.03,PASS
P020572,CMM-1,10.19,PASS
P019050,CMM-1,2.46,PASS
P017347,CMM-1,27.18,PASS
P012778,CMM-1,14.48,PASS
P016238,CMM-1,2.52,PASS
P022607,CMM-1,1.7,PASS
P018064,CMM-2,25.81,PASS
P018433,CMM-1,21.83,PASS
P020921,CMM-1,16.68,PASS
P021208,CMM-1,22.28,PASS
P016086,CMM-2,9.49,PASS
P012701,CMM-2,17.99,PASS
P012427,CMM-1,5.58,PASS
P019418,CMM-1,21.32,PASS
P019791,CMM-1,20.38,PASS
P018405,CMM-1,22.83,PASS
P016909,CMM-1,17.61,PASS
P018276,CMM-1,34.69,PASS
P023022,CMM-1,23.63,PASS
P014043,CMM-2,-11.28,PASS
P012137,CMM-1,11.04,PASS
P021572,CMM-1,-2.0,PASS
P021713,CMM-1,-4.91,PASS
P020799,CMM-1,7.06,PASS
P017300,CMM-1,-7.28,PASS
P019558,CMM-2,8.5,PASS
P015148,CMM-1,3.27,PASS
P016083,CMM-1,31.4,PASS
P017820,CMM-1,14.51,PASS
P013131,CMM-1,16.1,PASS
P015503,CMM-1,21.71,PASS
P020023,CMM-1,-14.74,PASS
P013499,CMM-1,1.73,PASS
P012964,CMM-1,-15.14,PASS
P021685,CMM-1,21.31,PASS
P021943,CMM-1,13.1,PASS
P022682,CMM-1,27.11,PASS
P020271,CMM-2,13.98,PASS
P012678,CMM-1,-15.05,PASS
P016389,CMM-1,6.25,PASS
P014410,CMM-1,-1.49,PASS
P012868,CMM-1,23.76,PASS
P020464,CMM-2,-8.91,PASS
P019602,CMM-1,-14.78,PASS
P017789,CMM-1,12.82,PASS
P018180,CMM-1,-1.27,PASS
P017290,CMM-1,27.69,PASS
P019605,CMM-1,-2.39,PASS
P023138,CMM-2,4.65,PASS
P012248,CMM-1,1.47,PASS
P024000,CMM-1,13.83,PASS
P015874,CMM-1,-5.79,PASS
P018383,CMM-2,3.15,PASS
P021631,CMM-1,38.2,FAIL
P015566,CMM-1,12.39,PASS
P015785,CMM-2,-2.04,PASS
P014765,CMM-1,24.43,PASS
P018561,CMM-2,25.97,PASS
P017390,CMM-1,-5.34,PASS
P023906,CMM-1,3.36,PASS
P022107,CMM-1,2.71,PASS
P014096,CMM-1,11.59,PASS
P022397,CMM-1,7.05,PASS
P015146,CMM-1,-3.43,PASS
P013074,CMM-1,1.74,PASS
P021758,CMM-1,12.2,PASS
P013448,CMM-1,13.94,PASS
P022717,CMM-1,15.51,PASS
P012499,CMM-1,24.77,PASS
P019199,CMM-1,20.95,PASS
P014676,CMM-1,2.92,PASS
P018429,CMM-1,0.36,PASS
P019132,CMM-1,4.29,PASS
P019545,CMM-1,-19.32,PASS
P023678,CMM-1,0.63,PASS
P013001,CMM-1,17.14,PASS
P015404,CMM-1,-0.49,PASS
P014092,CMM-1,-3.59,PASS
P020299,CMM-2,27.07,PASS
P014333,CMM-1,15.3,PASS
P017093,CMM-2,-2.57,PASS
P019382,CMM-2,2.65,PASS
P012955,CMM-1,0.08,PASS
P022726,CMM-1,19.18,PASS
P023127,CMM-1,-6.17,PASS
P017153,CMM-2,-24.37,PASS
P020425,CMM-1,-10.79,PASS
P012728,CMM-1,5.77,PASS
P014908,CMM-1,-4.89,PASS
P020184,CMM-1,30.41,PASS
P022897,CMM-1,-17.63,PASS
P020811,CMM-2,-0.6,PASS
P017704,CMM-1,22.91,PASS
P020081,CMM-2,-19.59,PASS
P013003,CMM-1,11.75,PASS
P012796,CMM-1,7.31,PASS
P017338,CMM-1,16.93,PASS
P015235,CMM-1,29.59,PASS
P016274,CMM-1,27.51,PASS
P020913,CMM-2,-5.6,PASS
P016483,CMM-1,14.86,PASS
P019709,CMM-1,23.54,PASS
P014456,CMM-1,1.21,PASS
P013869,CMM-2,17.98,PASS
P021873,CMM-1,28.57,PASS
P012397,CMM-1,17.47,PASS
P013563,CMM-1,20.14,PASS
P018730,CMM-1,23.72,PASS
P015317,CMM-1,26.28,PASS
P023653,CMM-2,-30.67,FAIL
P021395,CMM-1,23.23,PASS
P013604,CMM-2,-18.34,PASS
P022170,CMM-1,32.33,PASS
P016791,CMM-1,17.14,PASS
P013801,CMM-1,1.28,PASS
P021403,CMM-2,-18.89,PASS
P020426,CMM-2,15.66,PASS
P014399,CMM-2,-12.52,PASS
P019508,CMM-1,17.79,PASS
P014993,CMM-1,21.4,PASS
P020351,CMM-2,1.94,PASS
P012914,CMM-1,18.81,PASS
P018891,CMM-2,-11.37,PASS
P013700,CMM-1,12.11,PASS
P020473,CMM-2,2.02,PASS
P017778,CMM-1,23.92,PASS
P017002,CMM-2,-7.82,PASS
P021731,CMM-1,12.42,PASS
P023398,CMM-1,-24.02,FAIL
P017301,CMM-2,0.1,PASS
P015807,CMM-2,14.32,PASS
P017098,CMM-1,17.11,PASS
P013598,CMM-2,-0.8,PASS
P017593,CMM-1,20.46,PASS
P021430,CMM-2,10.33,PASS
P018585,CMM-2,6.8,PASS
P018515,CMM-2,-1.7,PASS
P020035,CMM-1,9.76,PASS
P017276,CMM-1,-8.71,PASS
P021901,CMM-1,-0.05,PASS
P021675,CMM-1,-23.19,FAIL
P023583,CMM-1,12.32,PASS
P022312,CMM-1,0.72,PASS
P015562,CMM-1,13.45,PASS
P016682,CMM-1,28.44,PASS
P013172,CMM-1,28.8,PASS
P023542,CMM-1,9.5,PASS
P014081,CMM-1,46.52,FAIL
P020903,CMM-1,-6.93,PASS
P022329,CMM-1,5.82,PASS
P012149,CMM-1,7.67,PASS
P019951,CMM-1,-9.93,PASS
P018089,CMM-2,-7.4,PASS
P014149,CMM-2,14.04,PASS
P023656,CMM-1,9.4,PASS
P014330,CMM-1,-2.81,PASS
P016642,CMM-1,13.0,PASS
P020504,CMM-1,19.0,PASS
P020119,CMM-1,4.83,PASS
P014480,CMM-1,7.48,PASS
P023042,CMM-1,14.16,PASS
P018967,CMM-1,14.66,PASS
P018039,CMM-2,7.69,PASS
P017576,CMM-1,13.05,PASS
P015012,CMM-1,15.31,PASS
P014634,CMM-1,28.85,PASS
P016929,CMM-1,32.41,PASS
P022366,CMM-1,19.3,PASS
P013646,CMM-1,17.42,PASS
P012659,CMM-1,-7.44,PASS
P019008,CMM-1,5.25,PASS
P022343,CMM-2,15.51,PASS
P018044,CMM-2,1.65,PASS
P012222,CMM-1,37.76,PASS
P014371,CMM-1,17.7,PASS
P023679,CMM-2,-11.2,PASS
P014364,CMM-2,18.76,PASS
P018056,CMM-1,-1.09,PASS
P016416,CMM-2,-7.11,PASS
P021587,CMM-1,14.9,PASS
P015623,CMM-1,-20.94,PASS
P012279,CMM-2,-12.84,PASS
P022521,CMM-1,10.66,PASS
P015938,CMM-1,-25.28,FAIL
P022143,CMM-2,-8.5,PASS
P018872,CMM-1,-7.63,PASS
P012833,CMM-1,-2.53,PASS
P019896,CMM-1,3.78,PASS
P022080,CMM-2,4.2,PASS
P019600,CMM-2,9.38,PASS
P018087,CMM-1,4.55,PASS
P022784,CMM-1,7.13,PASS
P020958,CMM-2,-5.22,PASS
P013928,CMM-1,20.7,PASS
P023213,CMM-1,-8.23,PASS
P015620,CMM-1,-8.55,PASS
P020059,CMM-1,20.59,PASS
P022212,CMM-1,6.33,PASS
P021872,CMM-2,-15.73,PASS
P017388,CMM-1,-0.28,PASS
P018846,CMM-1,6.47,PASS
P013829,CMM-2,-8.87,PASS
P022424,CMM-1,18.56,PASS
P014963,CMM-1,-2.32,PASS
P013599,CMM-1,-14.78,PASS
P017205,CMM-2,-8.51,PASS
P017176,CMM-2,20.96,PASS
P014300,CMM-1,6.68,PASS
P012774,CMM-1,-0.03,PASS
P017170,CMM-2,11.9,PASS
P019136,CMM-2,-1.36,PASS
P021767,CMM-2,9.12,PASS
P023430,CMM-1,4.54,PASS
P012319,CMM-1,19.37,PASS
P013025,CMM-2,-10.81,PASS
P018413,CMM-2,-13.77,PASS
P017974,CMM-1,1.74,PASS
P022639,CMM-2,10.59,PASS
P013335,CMM-1,27.47,PASS
P018722,CMM-1,1.05,PASS
P019231,CMM-2,-6.24,PASS
P021879,CMM-2,9.63,PASS
P012814,CMM-1,20.85,PASS
P013802,CMM-1,-5.07,PASS
P016626,CMM-1,7.14,PASS
P014227,CMM-1,-5.06,PASS
P023784,CMM-1,13.9,PASS
P014829,CMM-2,20.2,PASS
P018966,CMM-2,18.56,PASS
P021583,CMM-1,3.87,PASS
P023487,CMM-1,8.35,PASS
P013634,CMM-1,5.11,PASS
P015147,CMM-1,9.61,PASS
P018230,CMM-1,21.1,PASS
P012197,CMM-1,3.58,PASS
P012537,CMM-1,-4.59,PASS
P013039,CMM-1,15.43,PASS
P012451,CMM-1,2.44,PASS
P012587,CMM-1,-18.22,PASS
P012696,CMM-2,-26.14,PASS
P023291,CMM-2,-25.85,PASS
P017017,CMM-2,-10.98,PASS
P020252,CMM-1,3.86,PASS
P022105,CMM-1,-7.45,PASS
P012056,CMM-1,4.88,PASS
P022146,CMM-1,9.14,PASS
P015294,CMM-1,11.97,PASS
P012995,CMM-1,10.94,PASS
P019996,CMM-1,10.13,PASS
P019430,CMM-1,-2.7,PASS
P013461,CMM-1,29.81,PASS
P012580,CMM-1,6.65,PASS
P017706,CMM-1,13.41,PASS
P014876,CMM-1,-2.87,PASS
P017903,CMM-1,4.7,PASS
P018708,CMM-1,1.84,PASS
P021238,CMM-1,-1.05,PASS
P015133,CMM-2,-0.7,PASS
P015870,CMM-2,-16.54,PASS
P016092,CMM-2,23.61,PASS
P016268,CMM-1,-12.58,PASS
P013341,CMM-1,-0.5,PASS
P023495,CMM-1,-5.49,PASS
P017020,CMM-1,23.27,PASS
P014797,CMM-1,-9.57,PASS
P021935,CMM-1,-0.64,PASS
P017102,CMM-2,18.14,PASS
P021109,CMM-1,14.75,PASS
P012990,CMM-1,20.84,PASS
P014544,CMM-1,12.29,PASS
P015754,CMM-1,-5.21,PASS
P022324,CMM-1,-9.22,PASS
P015118,CMM-1,7.97,PASS
P013677,CMM-1,11.42,PASS
P012320,CMM-1,24.44,PASS
P014028,CMM-1,21.54,PASS
P021266,CMM-1,-20.24,PASS
P013890,CMM-2,15.9,PASS
P023114,CMM-1,15.68,PASS
P013799,CMM-1,32.0,PASS
P012680,CMM-1,41.56,FAIL
P021148,CMM-1,17.43,PASS
P017271,CMM-1,19.55,PASS
P019071,CMM-1,23.38,PASS
P020769,CMM-1,-3.74,PASS
P021413,CMM-1,11.79,PASS
P012480,CMM-1,13.7,PASS
P023762,CMM-1,7.63,PASS
P015883,CMM-1,9.39,PASS
P016582,CMM-2,-10.97,PASS
P015826,CMM-2,-15.5,PASS
P021680,CMM-1,12.49,PASS
P015593,CMM-1,22.65,PASS
P020547,CMM-1,5.61,PASS
P015534,CMM-1,8.01,PASS
P017653,CMM-1,20.48,PASS
P019286,CMM-1,18.24,PASS
P017963,CMM-1,9.89,PASS
P013034,CMM-1,27.7,PASS
P023725,CMM-1,35.28,PASS
P019371,CMM-1,20.05,PASS
P018871,CMM-1,9.3,PASS
P019610,CMM-1,29.49,PASS
P020134,CMM-1,1.23,PASS
P019728,CMM-2,-23.71,PASS
P021300,CMM-1,22.31,PASS
P020986,CMM-1,24.79,PASS
P019667,CMM-1,-1.74,PASS
P018927,CMM-2,-15.72,PASS
P020568,CMM-2,24.25,PASS
P022358,CMM-1,20.36,PASS
P017123,CMM-2,-1.67,PASS
P013845,CMM-1,-7.5,PASS
P015921,CMM-1,-11.47,PASS
P018251,CMM-1,29.06,PASS
P018867,CMM-1,21.72,PASS
P013585,CMM-1,10.17,PASS
P017332,CMM-1,-2.48,PASS
P015776,CMM-1,-6.55,PASS
P014185,CMM-1,5.24,PASS
P023677,CMM-1,7.93,PASS
P015157,CMM-2,7.67,PASS
P014200,CMM-2,0.59,PASS
P017842,CMM-1,33.31,PASS
P018689,CMM-1,36.33,PASS
P013037,CMM-1,15.55,PASS
P021085,CMM-1,13.23,PASS
P022122,CMM-2,16.78,PASS
P015320,CMM-1,-2.48,PASS
P021218,CMM-1,12.53,PASS
P017384,CMM-2,22.49,PASS
P017399,CMM-2,10.15,PASS
P018010,CMM-2,2.77,PASS
P020906,CMM-2,-3.6,PASS
P016236,CMM-1,23.98,PASS
P012870,CMM-1,16.77,PASS
P014046,CMM-1,-9.35,PASS
P014944,CMM-1,33.33,PASS
P023369,CMM-1,18.22,PASS
P014980,CMM-1,-11.88,PASS
P020961,CMM-2,11.02,PASS
P013919,CMM-1,-9.02,PASS
P016166,CMM-1,16.51,PASS
P023642,CMM-1,-21.05,PASS
P015758,CMM-2,-25.12,PASS
P016943,CMM-1,7.68,PASS
P013609,CMM-1,-25.39,FAIL
P017762,CMM-1,17.97,PASS
P014122,CMM-1,6.05,PASS
P015926,CMM-2,-27.07,PASS
P015249,CMM-1,16.3,PASS
P017671,CMM-2,18.72,PASS
P022611,CMM-2,-9.0,PASS
P019580,CMM-1,-2.58,PASS
P018542,CMM-1,17.75,PASS
P015252,CMM-2,16.19,PASS
P015201,CMM-1,23.66,PASS
P015665,CMM-1,16.1,PASS
P012826,CMM-1,26.58,PASS
P012562,CMM-2,1.95,PASS
P020645,CMM-1,2.65,PASS
P016399,CMM-1,-18.19,PASS
P016813,CMM-1,17.38,PASS
P017469,CMM-1,12.66,PASS
P020931,CMM-2,-19.34,PASS
P013514,CMM-1,-15.05,PASS
P016579,CMM-2,-22.42,PASS
P023721,CMM-1,-13.97,PASS
P014019,CMM-1,-0.83,PASS
P015449,CMM-1,11.54,PASS
P023712,CMM-1,5.28,PASS
P023733,CMM-1,2.1,PASS
P021545,CMM-1,4.58,PASS
P018992,CMM-2,-12.47,PASS
P017641,CMM-2,-25.97,PASS
P012791,CMM-1,12.79,PASS
P016050,CMM-1,15.84,PASS
P019225,CMM-1,13.75,PASS
P014513,CMM-2,16.0,PASS
P020569,CMM-1,13.27,PASS
P018273,CMM-1,38.76,FAIL
P018608,CMM-1,36.39,PASS
P023354,CMM-2,-3.97,PASS
P019626,CMM-1,11.01,PASS
P012453,CMM-1,-17.17,PASS
P020231,CMM-1,15.03,PASS
P019385,CMM-1,13.56,PASS
P014310,CMM-1,9.92,PASS
P016016,CMM-1,14.06,PASS
P014805,CMM-1,40.26,FAIL
P019948,CMM-2,-10.39,PASS
P015371,CMM-2,4.4,PASS
P014128,CMM-1,16.31,PASS
P015540,CMM-1,-8.07,PASS
P014121,CMM-2,-7.95,PASS
P016546,CMM-1,16.58,PASS
P014715,CMM-1,-13.09,PASS
P017661,CMM-1,-6.7,PASS
P012196,CMM-1,-22.09,PASS
P020129,CMM-1,25.47,PASS
P022698,CMM-1,-0.89,PASS
P022095,CMM-1,17.17,PASS
P014525,CMM-1,-11.77,PASS
P021348,CMM-1,26.14,PASS
P012583,CMM-1,-2.23,PASS
P017142,CMM-1,25.18,PASS
P018714,CMM-2,-1.81,PASS
P017350,CMM-1,-11.64,PASS
P019478,CMM-1,-5.67,PASS
P023407,CMM-1,-2.96,PASS
P013279,CMM-2,-14.57,PASS
P021755,CMM-2,-3.72,PASS
P015095,CMM-2,-13.52,PASS
P013584,CMM-1,31.12,PASS
P013098,CMM-1,14.32,PASS
P017956,CMM-1,31.84,PASS
P022015,CMM-1,34.64,PASS
P016729,CMM-2,19.22,PASS
P014516,CMM-2,-23.76,PASS
P014923,CMM-1,-9.04,PASS
P022856,CMM-1,21.54,PASS
P021153,CMM-1,4.39,PASS
P021832,CMM-1,27.12,PASS
P014037,CMM-2,11.9,PASS
P021080,CMM-1,-0.44,PASS
P021794,CMM-1,27.03,PASS
P014241,CMM-1,-1.29,PASS
P012859,CMM-1,16.75,PASS
P015880,CMM-1,29.43,PASS
P020689,CMM-1,5.31,PASS
P013497,CMM-1,2.52,PASS
P015169,CMM-1,0.21,PASS
P020304,CMM-1,-4.34,PASS
P013337,CMM-1,-7.69,PASS
P015184,CMM-1,-14.0,PASS
P017935,CMM-1,23.53,PASS
P017397,CMM-1,14.08,PASS
P019820,CMM-1,8.29,PASS
P018866,CMM-1,3.67,PASS
P021450,CMM-1,6.01,PASS
P017962,CMM-1,35.01,PASS
P013134,CMM-1,-2.74,PASS
P015572,CMM-2,-11.96,PASS
P017270,CMM-1,-6.29,PASS
P012494,CMM-2,20.2,PASS
P018938,CMM-1,29.58,PASS
P023920,CMM-1,-3.44,PASS
P013444,CMM-1,12.94,PASS
P015730,CMM-1,16.05,PASS
P020661,CMM-2,0.47,PASS
P016077,CMM-1,30.95,PASS
P020713,CMM-1,10.81,PASS
P014388,CMM-1,-5.41,PASS
P014841,CMM-2,-16.94,PASS
P023235,CMM-1,-5.58,PASS
P023295,CMM-2,-12.2,PASS
P018188,CMM-1,22.64,PASS
P019888,CMM-2,-0.76,PASS
P018993,CMM-1,33.26,PASS
P014250,CMM-2,-6.63,PASS
P012430,CMM-1,5.3,PASS
P021656,CMM-1,0.23,PASS
P020337,CMM-2,-5.37,PASS
P013154,CMM-1,20.28,PASS
P012210,CMM-1,7.96,PASS
P019205,CMM-2,11.62,PASS
P012447,CMM-2,1.49,PASS
P014553,CMM-2,-2.44,PASS
P012873,CMM-1,-5.78,PASS
P021227,CMM-1,26.38,PASS
P019401,CMM-1,15.23,PASS
P016190,CMM-2,25.18,PASS
P021575,CMM-1,24.2,PASS
P020677,CMM-1,3.62,PASS
P016262,CMM-1,9.15,PASS
P017533,CMM-2,2.82,PASS
P019599,CMM-1,29.86,PASS
P023122,CMM-1,26.87,PASS
P017660,CMM-1,2.56,PASS
P016431,CMM-1,1.34,PASS
P019760,CMM-1,-0.23,PASS
P013594,CMM-1,24.73,PASS
P020146,CMM-2,-9.96,PASS
P020428,CMM-1,14.32,PASS
P012860,CMM-1,22.99,PASS
P015668,CMM-1,5.96,PASS
P018451,CMM-2,-1.86,PASS
P013833,CMM-1,-17.64,PASS
P017828,CMM-2,22.52,PASS
P021351,CMM-1,1.69,PASS
P014194,CMM-1,-0.83,PASS
P019880,CMM-1,9.01,PASS
P020357,CMM-2,36.39,FAIL
P020238,CMM-1,-2.2,PASS
P021408,CMM-1,4.26,PASS
P019918,CMM-1,-4.61,PASS
P017752,CMM-1,8.01,PASS
P012661,CMM-1,40.16,FAIL
P015205,CMM-1,25.9,PASS
P017180,CMM-1,23.08,PASS
P017344,CMM-1,10.75,PASS
P014917,CMM-2,11.37,PASS
P017480,CMM-1,18.01,PASS
P016239,CMM-2,-3.46,PASS
P022592,CMM-1,12.96,PASS
P017175,CMM-1,20.47,PASS
P012837,CMM-1,-2.49,PASS
P014790,CMM-1,-13.35,PASS
P018195,CMM-2,12.06,PASS
P014905,CMM-1,12.96,PASS
P019897,CMM-1,41.91,FAIL
P016677,CMM-1,5.13,PASS
P020349,CMM-1,19.51,PASS
P022488,CMM-1,24.05,PASS
P018362,CMM-1,28.08,PASS
P020575,CMM-1,5.79,PASS
P022777,CMM-1,0.25,PASS
P021773,CMM-1,-1.04,PASS
P020911,CMM-1,26.64,PASS
P022235,CMM-1,17.15,PASS
P012029,CMM-1,27.8,PASS
P013320,CMM-1,-8.89,PASS
P014845,CMM-1,2.52,PASS
P017850,CMM-1,6.15,PASS
P018593,CMM-2,-12.0,PASS
P016072,CMM-1,7.43,PASS
P017970,CMM-1,10.33,PASS
P013267,CMM-2,2.31,PASS
P022719,CMM-2,10.68,PASS
P018027,CMM-1,18.44,PASS
P017287,CMM-1,10.03,PASS
P012847,CMM-1,32.35,PASS
P022211,CMM-1,9.75,PASS
P016351,CMM-1,14.43,PASS
P018123,CMM-1,-4.13,PASS
P013707,CMM-1,-10.24,PASS
P014267,CMM-1,21.1,PASS
P021722,CMM-1,-0.14,PASS
P021397,CMM-2,0.72,PASS
P015674,CMM-1,-3.75,PASS
P014053,CMM-1,15.75,PASS
P012347,CMM-1,-1.77,PASS
P020027,CMM-2,10.12,PASS
P014398,CMM-2,12.04,PASS
P016542,CMM-1,13.35,PASS
P015974,CMM-2,3.48,PASS
P017050,CMM-1,8.77,PASS
P015492,CMM-1,0.57,PASS
P016568,CMM-1,51.63,FAIL
P019515,CMM-2,10.1,PASS
P013962,CMM-1,12.99,PASS
P013830,CMM-2,-4.58,PASS
P021470,CMM-1,2.17,PASS
P012654,CMM-2,-4.03,PASS
P023637,CMM-1,21.73,PASS
P019023,CMM-2,0.68,PASS
P017162,CMM-1,24.86,PASS
P014014,CMM-1,10.19,PASS
P016488,CMM-1,0.07,PASS
P017402,CMM-1,6.58,PASS
P015480,CMM-1,23.73,PASS
P014510,CMM-1,5.91,PASS
P020037,CMM-1,7.0,PASS
P014974,CMM-1,11.84,PASS
P014164,CMM-1,19.26,PASS
P015745,CMM-1,25.18,PASS
P019926,CMM-2,23.9,PASS
P014542,CMM-1,30.66,PASS
P013669,CMM-1,-11.55,PASS
P018514,CMM-1,-13.72,PASS
P013420,CMM-1,-12.68,PASS
P015671,CMM-1,21.44,PASS
P023186,CMM-1,10.71,PASS
P015968,CMM-1,5.74,PASS
P018459,CMM-1,-4.35,PASS
P022976,CMM-1,11.07,PASS
P016659,CMM-1,2.19,PASS
P020988,CMM-1,-3.89,PASS
P013817,CMM-2,5.48,PASS
P018211,CMM-1,-9.21,PASS
P015542,CMM-1,24.95,PASS
P012264,CMM-1,41.01,FAIL
P022223,CMM-2,17.42,PASS
P013873,CMM-1,-5.77,PASS
P013129,CMM-2,13.45,PASS
P020149,CMM-2,-2.0,PASS
P021490,CMM-1,-0.1,PASS
P013975,CMM-1,-2.05,PASS
P023912,CMM-2,2.32,PASS
P015866,CMM-2,-6.98,PASS
P015384,CMM-1,-10.49,PASS
P014394,CMM-1,16.59,PASS
P018869,CMM-1,11.29,PASS
P012711,CMM-2,-33.53,FAIL
P015274,CMM-1,9.84,PASS
P022595,CMM-2,-11.08,PASS
P013614,CMM-1,20.49,PASS
P019762,CMM-1,39.27,FAIL
P015098,CMM-2,8.88,PASS
P015602,CMM-2,8.51,PASS
P021327,CMM-1,29.38,PASS
P021751,CMM-1,22.93,PASS
P021462,CMM-1,4.47,PASS
P017362,CMM-2,5.68,PASS
P019795,CMM-2,-6.89,PASS
P019868,CMM-1,16.49,PASS
P014621,CMM-1,32.47,PASS
P022912,CMM-1,9.0,PASS
P022180,CMM-1,20.99,PASS
P020915,CMM-1,-11.13,PASS
P012821,CMM-2,-17.29,PASS
P015090,CMM-1,1.67,PASS
P015791,CMM-1,-7.8,PASS
P016032,CMM-1,1.47,PASS
P020117,CMM-2,11.77,PASS
P012126,CMM-1,29.89,PASS
P017055,CMM-2,23.01,PASS
P013797,CMM-2,0.29,PASS
P019134,CMM-2,-1.52,PASS
P015719,CMM-2,-4.95,PASS
P012567,CMM-1,-14.16,PASS
P013175,CMM-1,13.4,PASS
P021345,CMM-1,16.53,PASS
P014891,CMM-2,3.65,PASS
P020682,CMM-1,4.47,PASS
P016201,CMM-1,-12.2,PASS
P023673,CMM-1,14.67,PASS
P020538,CMM-1,2.96,PASS
P014150,CMM-1,-9.16,PASS
P021849,CMM-1,21.35,PASS
P020868,CMM-1,21.99,PASS
P013159,CMM-1,1.04,PASS
P021881,CMM-2,17.39,PASS
P013684,CMM-1,19.55,PASS
P020216,CMM-1,-28.69,FAIL
P019591,CMM-1,4.99,PASS
P018716,CMM-1,13.04,PASS
P021143,CMM-2,11.64,PASS
P016569,CMM-1,6.53,PASS
P019169,CMM-1,12.2,PASS
P022479,CMM-2,1.75,PASS
P019796,CMM-1,32.46,PASS
P012062,CMM-1,30.52,PASS
P013065,CMM-2,9.31,PASS
P021921,CMM-1,-1.02,PASS
P020324,CMM-1,19.04,PASS
P021318,CMM-2,3.43,PASS
P013049,CMM-2,17.42,PASS
P018911,CMM-1,13.17,PASS
P017449,CMM-1,12.14,PASS
P021822,CMM-1,-2.57,PASS
P021732,CMM-2,-14.06,PASS
P016610,CMM-1,13.59,PASS
P013687,CMM-1,25.78,PASS
P021986,CMM-2,15.0,PASS
P018147,CMM-1,10.6,PASS
P017150,CMM-1,7.93,PASS
P022986,CMM-1,15.12,PASS
P016324,CMM-1,14.69,PASS
P021355,CMM-1,37.23,PASS
P018537,CMM-1,14.68,PASS
P014865,CMM-1,-2.11,PASS
P017381,CMM-1,-8.33,PASS
P015900,CMM-1,24.55,PASS
P013949,CMM-2,-1.7,PASS
P017749,CMM-2,1.79,PASS
P019693,CMM-1,-10.23,PASS
P021022,CMM-2,-37.12,FAIL
P017568,CMM-1,-0.73,PASS
P017122,CMM-1,-5.39,PASS
P016497,CMM-1,10.48,PASS
P014098,CMM-2,8.56,PASS
P017648,CMM-1,1.41,PASS
P019906,CMM-1,1.53,PASS
P015803,CMM-1,28.58,PASS
P013453,CMM-2,-22.4,PASS
P017473,CMM-1,34.8,PASS
P020164,CMM-1,6.26,PASS
P019940,CMM-1,28.94,PASS
P018053,CMM-2,-6.36,PASS
P015363,CMM-2,6.19,PASS
P017070,CMM-1,7.8,PASS
P014968,CMM-2,7.97,PASS
P017754,CMM-1,0.17,PASS
P021916,CMM-1,3.09,PASS
P015266,CMM-2,-8.96,PASS
P019644,CMM-1,17.18,PASS
P020364,CMM-1,8.01,PASS
P016596,CMM-1,46.55,FAIL
P014379,CMM-1,4.94,PASS
P021353,CMM-1,22.55,PASS
P020167,CMM-1,12.74,PASS
P013852,CMM-1,30.39,PASS
P022691,CMM-1,23.45,PASS
P016731,CMM-1,-9.81,PASS
P016665,CMM-1,10.41,PASS
P018012,CMM-2,-6.88,PASS
P021603,CMM-1,-7.77,PASS
P020213,CMM-1,-10.28,PASS
P012556,CMM-1,20.09,PASS
P018713,CMM-1,14.36,PASS
P019565,CMM-1,10.09,PASS
P021982,CMM-2,34.66,FAIL
P023271,CMM-1,37.96,FAIL
P021750,CMM-1,15.27,PASS
P023989,CMM-2,-13.05,PASS
P015845,CMM-1,-19.86,PASS
P018121,CMM-1,-2.15,PASS
P012999,CMM-2,8.22,PASS
P014758,CMM-1,9.38,PASS
P019182,CMM-2,1.42,PASS
P023631,CMM-1,-12.46,PASS
P012400,CMM-1,-11.86,PASS
P014459,CMM-2,-6.86,PASS
P014290,CMM-2,-7.33,PASS
P013622,CMM-2,-7.44,PASS
P018384,CMM-1,-1.08,PASS
P017577,CMM-2,24.37,PASS
P020973,CMM-1,3.52,PASS
P016110,CMM-1,-1.32,PASS
P023596,CMM-1,12.45,PASS
P017905,CMM-2,-18.24,PASS
P020191,CMM-1,13.96,PASS
P018164,CMM-1,-0.1,PASS
P016071,CMM-1,37.4,PASS
P016145,CMM-2,6.13,PASS
P022580,CMM-1,-5.86,PASS
P021219,CMM-2,-1.92,PASS
P018682,CMM-1,15.22,PASS
P014452,CMM-1,19.28,PASS
P018833,CMM-1,-5.37,PASS
P017222,CMM-2,-24.59,PASS
P012305,CMM-2,6.22,PASS
P017285,CMM-2,26.79,PASS
P020259,CMM-1,-6.04,PASS
P017867,CMM-1,22.5,PASS
P014460,CMM-1,33.1,PASS
P015301,CMM-1,17.1,PASS
P016033,CMM-1,16.7,PASS
P015357,CMM-1,27.15,PASS
P018364,CMM-1,3.13,PASS
P016267,CMM-2,10.11,PASS
P022199,CMM-2,24.39,PASS
P020235,CMM-1,45.22,FAIL
P015272,CMM-1,5.0,PASS
P021498,CMM-1,9.1,PASS
P016456,CMM-1,20.88,PASS
P017854,CMM-1,-9.43,PASS
P021145,CMM-1,13.94,PASS
P020806,CMM-1,5.53,PASS
P012507,CMM-1,-1.16,PASS
P017855,CMM-2,30.92,FAIL
P021168,CMM-1,5.62,PASS
P022362,CMM-1,9.11,PASS
P015550,CMM-1,17.37,PASS
P023441,CMM-2,7.38,PASS
P014515,CMM-1,6.24,PASS
P014198,CMM-1,33.32,PASS
P022048,CMM-1,1.45,PASS
P013047,CMM-1,-1.74,PASS
P013618,CMM-2,11.27,PASS
P019031,CMM-1,9.09,PASS
P019561,CMM-1,28.15,PASS
P014992,CMM-1,18.92,PASS
P019814,CMM-2,14.42,PASS
P018259,CMM-1,-7.55,PASS
P016482,CMM-1,3.74,PASS
P020967,CMM-2,-12.79,PASS
P013987,CMM-1,26.12,PASS
P016098,CMM-2,-5.05,PASS
P019241,CMM-1,-14.73,PASS
P016454,CMM-1,29.72,PASS
P023727,CMM-1,24.45,PASS
P019708,CMM-1,-4.45,PASS
P023521,CMM-1,14.4,PASS
P023344,CMM-1,7.7,PASS
P014132,CMM-2,44.43,FAIL
P020725,CMM-1,16.48,PASS
P017313,CMM-1,7.29,PASS
P014913,CMM-1,0.52,PASS
P023907,CMM-1,12.14,PASS
P017444,CMM-1,8.38,PASS
P019831,CMM-2,3.07,PASS
P020070,CMM-1,17.66,PASS
P022515,CMM-1,5.89,PASS
P015553,CMM-2,-29.24,PASS
P014752,CMM-1,10.69,PASS
P013495,CMM-1,12.74,PASS
P017834,CMM-2,-18.34,PASS
P022544,CMM-2,-5.32,PASS
P019276,CMM-1,18.97,PASS
P020169,CMM-2,-3.6,PASS
P023047,CMM-1,28.51,PASS
P019077,CMM-1,-1.03,PASS
P022715,CMM-1,-8.99,PASS
P020529,CMM-1,47.47,FAIL
P012975,CMM-1,3.93,PASS
P012516,CMM-1,-8.08,PASS
P018942,CMM-1,4.45,PASS
P012018,CMM-1,10.73,PASS
P016115,CMM-1,16.26,PASS
P023131,CMM-1,19.46,PASS
P023230,CMM-2,11.05,PASS
P021281,CMM-2,7.49,PASS
P018051,CMM-2,29.58,PASS
P020214,CMM-1,-3.12,PASS
P013167,CMM-1,30.58,PASS
P015216,CMM-2,-3.49,PASS
P012866,CMM-1,37.75,PASS
P015989,CMM-1,-0.05,PASS
P023516,CMM-1,1.18,PASS
P014432,CMM-1,35.92,PASS
P012592,CMM-1,13.28,PASS
P012856,CMM-2,1.61,PASS
P020010,CMM-1,0.42,PASS
P012528,CMM-1,19.94,PASS
P014112,CMM-1,15.74,PASS
P023911,CMM-1,30.65,PASS
P012705,CMM-1,17.91,PASS
P013659,CMM-1,13.72,PASS
P014396,CMM-2,-3.49,PASS
P018781,CMM-2,3.5,PASS
P022017,CMM-2,-3.05,PASS
P016537,CMM-1,-11.16,PASS
P018063,CMM-2,-6.45,PASS
P020813,CMM-1,13.3,PASS
P017563,CMM-1,-23.77,FAIL
P018327,CMM-2,-1.59,PASS
P014739,CMM-1,-9.67,PASS
P016719,CMM-1,4.08,PASS
P022638,CMM-1,17.65,PASS
P023250,CMM-1,30.91,PASS
P016928,CMM-2,32.66,FAIL
P017608,CMM-2,17.75,PASS
P020195,CMM-1,12.36,PASS
P015611,CMM-1,1.8,PASS
P018788,CMM-2,1.75,PASS
P016647,CMM-2,7.85,PASS
P021801,CMM-1,-21.98,PASS
P019168,CMM-1,-12.94,PASS
P013859,CMM-1,14.05,PASS
P023764,CMM-2,3.29,PASS
P020209,CMM-1,21.53,PASS
P013564,CMM-1,-7.1,PASS
P022412,CMM-2,17.34,PASS
P014426,CMM-1,10.17,PASS
P021532,CMM-1,20.61,PASS
P022535,CMM-1,2.4,PASS
P017507,CMM-1,-27.84,FAIL
P017456,CMM-1,8.43,PASS
P019386,CMM-2,6.25,PASS
P016765,CMM-2,-13.08,PASS
P022756,CMM-1,16.11,PASS
P020056,CMM-1,7.25,PASS
P015053,CMM-1,25.45,PASS
P021664,CMM-1,21.47,PASS
P012354,CMM-2,30.68,FAIL
P020110,CMM-2,17.35,PASS
P022938,CMM-1,7.21,PASS
P018432,CMM-1,12.65,PASS
P012438,CMM-1,5.6,PASS
P023625,CMM-1,17.92,PASS
P019957,CMM-1,19.84,PASS
P023523,CMM-1,34.34,PASS
P016355,CMM-1,-11.12,PASS
P019329,CMM-2,-1.54,PASS
P012365,CMM-1,-9.37,PASS
P013459,CMM-1,-8.82,PASS
P013745,CMM-1,-2.56,PASS
P018703,CMM-1,-24.35,FAIL
P021012,CMM-1,6.01,PASS
P021050,CMM-2,15.3,PASS
P023364,CMM-1,21.03,PASS
P016161,CMM-1,-4.42,PASS
P022662,CMM-1,10.17,PASS
P015555,CMM-1,10.92,PASS
P017562,CMM-1,-9.95,PASS
P018375,CMM-1,4.69,PASS
P012324,CMM-1,-15.81,PASS
P018613,CMM-1,2.23,PASS
P019734,CMM-1,-27.16,FAIL
P018863,CMM-1,12.28,PASS
P012325,CMM-1,30.41,PASS
P016689,CMM-1,13.98,PASS
P020135,CMM-1,17.21,PASS
P012928,CMM-1,-0.1,PASS
P014911,CMM-2,-33.99,FAIL
P013440,CMM-1,25.59,PASS
P022275,CMM-1,-13.42,PASS
P018332,CMM-1,32.24,PASS
P021458,CMM-1,25.91,PASS
P021368,CMM-1,8.21,PASS
P023479,CMM-1,2.19,PASS
P019253,CMM-1,11.98,PASS
P018904,CMM-1,10.01,PASS
P021884,CMM-1,16.17,PASS
P022187,CMM-2,7.52,PASS
P023724,CMM-2,-6.21,PASS
P019377,CMM-1,24.79,PASS
P021132,CMM-1,-10.87,PASS
P023714,CMM-1,22.0,PASS
P019463,CMM-1,13.1,PASS
P022749,CMM-2,-2.36,PASS
P019615,CMM-1,14.72,PASS
P014434,CMM-1,18.38,PASS
P023913,CMM-1,19.76,PASS
P021265,CMM-1,-1.65,PASS
P023531,CMM-2,-1.51,PASS
P022173,CMM-2,-14.4,PASS
P015739,CMM-1,29.15,PASS
P013466,CMM-1,28.93,PASS
P019979,CMM-2,-2.26,PASS
P013625,CMM-1,35.45,PASS
P017957,CMM-1,16.74,PASS
P017815,CMM-2,9.32,PASS
P016608,CMM-1,-9.77,PASS
P022303,CMM-1,11.24,PASS
P014751,CMM-2,-3.9,PASS
P013519,CMM-1,0.82,PASS
P016252,CMM-2,38.45,FAIL
P014352,CMM-1,24.63,PASS
P020236,CMM-2,6.96,PASS
P013678,CMM-1,3.68,PASS
P013753,CMM-1,5.4,PASS
P021253,CMM-2,-2.28,PASS
P015795,CMM-2,-4.08,PASS
P023038,CMM-1,22.42,PASS
P018744,CMM-1,-22.91,FAIL
P022133,CMM-2,3.03,PASS
P023363,CMM-1,17.18,PASS
P022947,CMM-2,-16.78,PASS
P018445,CMM-1,22.13,PASS
P021922,CMM-1,4.1,PASS
P012679,CMM-1,44.17,FAIL
P023465,CMM-1,16.98,PASS
P015857,CMM-1,32.69,PASS
P022086,CMM-1,-1.91,PASS
P017089,CMM-1,1.14,PASS
P020817,CMM-1,14.9,PASS
P022029,CMM-1,20.93,PASS
P021902,CMM-2,17.81,PASS
P014036,CMM-1,-5.44,PASS
P015296,CMM-2,10.8,PASS
P021467,CMM-1,18.88,PASS
P016767,CMM-1,6.66,PASS
P022320,CMM-1,-16.62,PASS
P016410,CMM-1,10.38,PASS
P019359,CMM-1,20.24,PASS
P014356,CMM-1,37.53,PASS
P012640,CMM-1,1.57,PASS
P014253,CMM-2,-1.94,PASS
P018041,CMM-1,-18.47,PASS
P021933,CMM-1,-2.56,PASS
P016977,CMM-2,6.39,PASS
P016983,CMM-1,13.81,PASS
P022627,CMM-2,6.65,PASS
P023715,CMM-1,11.06,PASS
P016348,CMM-1,-1.64,PASS
P023055,CMM-2,10.29,PASS
P014700,CMM-1,45.72,FAIL
P017779,CMM-1,15.42,PASS
P022985,CMM-1,1.52,PASS
P022454,CMM-1,-9.79,PASS
P013076,CMM-2,-6.72,PASS
P020746,CMM-1,11.83,PASS
P019460,CMM-2,-0.42,PASS
P012391,CMM-1,-11.42,PASS
P014914,CMM-1,10.82,PASS
P014750,CMM-1,16.21,PASS
P023293,CMM-1,2.29,PASS
P017629,CMM-2,2.13,PASS
P020491,CMM-1,21.52,PASS
P020648,CMM-2,-36.89,FAIL
P021158,CMM-1,9.16,PASS
P016063,CMM-1,21.08,PASS
P012636,CMM-1,-14.44,PASS
P018782,CMM-1,4.16,PASS
P019812,CMM-2,-4.88,PASS
P012366,CMM-1,-2.34,PASS
P020405,CMM-1,5.54,PASS
P023488,CMM-1,-15.2,PASS
P023373,CMM-1,-4.49,PASS
P017497,CMM-2,-14.12,PASS
P017540,CMM-1,-20.2,PASS
P017870,CMM-2,13.52,PASS
P016439,CMM-1,-20.7,PASS
P014929,CMM-2,-6.55,PASS
P022520,CMM-2,18.52,PASS
P023205,CMM-1,8.78,PASS
P020521,CMM-1,21.56,PASS
P022239,CMM-1,28.26,PASS
P019592,CMM-1,38.18,FAIL
P018219,CMM-1,3.91,PASS
P018780,CMM-1,34.01,PASS
P021866,CMM-1,23.57,PASS
P018193,CMM-2,-9.2,PASS
P020541,CMM-2,24.0,PASS
P016405,CMM-1,11.04,PASS
P022659,CMM-2,-1.35,PASS
P014853,CMM-1,37.89,FAIL
P022038,CMM-1,18.92,PASS
P023670,CMM-1,24.29,PASS
P017077,CMM-1,12.48,PASS
P020718,CMM-1,-4.38,PASS
P013364,CMM-2,25.56,PASS
P015641,CMM-1,22.08,PASS
P018473,CMM-2,-8.74,PASS
P016147,CMM-1,-0.08,PASS
P016828,CMM-1,22.53,PASS
P016490,CMM-1,6.54,PASS
P014702,CMM-1,3.73,PASS
P016029,CMM-2,-14.55,PASS
P014578,CMM-2,-19.03,PASS
P012074,CMM-1,-8.81,PASS
P012262,CMM-1,2.15,PASS
P014662,CMM-1,8.19,PASS
P018248,CMM-2,2.6,PASS
P017964,CMM-1,22.81,PASS
P014173,CMM-1,6.37,PASS
P015280,CMM-2,5.34,PASS
P023365,CMM-1,-12.52,PASS
P012719,CMM-2,-6.52,PASS
P017904,CMM-2,-12.48,PASS
P017268,CMM-1,0.77,PASS
P014926,CMM-1,-1.7,PASS
P022434,CMM-2,20.52,PASS
P020384,CMM-1,17.05,PASS
P022754,CMM-1,46.3,FAIL
P021702,CMM-1,13.42,PASS
P015648,CMM-2,33.63,FAIL
P021095,CMM-2,9.28,PASS
P013043,CMM-1,-0.37,PASS
P019181,CMM-2,-0.23,PASS
P022359,CMM-2,-27.77,PASS
P019710,CMM-2,-2.39,PASS
P013617,CMM-1,-27.89,FAIL
P019866,CMM-1,14.77,PASS
P018135,CMM-1,35.85,PASS
P019249,CMM-1,16.03,PASS
P017034,CMM-1,2.58,PASS
P019310,CMM-1,16.15,PASS
P016558,CMM-2,15.29,PASS
P023139,CMM-1,25.73,PASS
P014362,CMM-1,27.11,PASS
P013292,CMM-1,19.93,PASS
P012467,CMM-1,-19.8,PASS
P017124,CMM-1,-1.08,PASS
P023406,CMM-1,6.2,PASS
P014605,CMM-1,10.41,PASS
P014552,CMM-1,19.46,PASS
P012441,CMM-1,28.19,PASS
P014633,CMM-1,7.56,PASS
P023748,CMM-1,21.81,PASS
P014582,CMM-1,-9.18,PASS
P017518,CMM-1,-8.52,PASS
P013423,CMM-2,14.73,PASS
P019346,CMM-2,24.14,PASS
P015998,CMM-1,7.8,PASS
P018838,CMM-2,-16.98,PASS
P017165,CMM-1,30.66,PASS
P013094,CMM-1,-2.37,PASS
P014136,CMM-1,5.62,PASS
P014524,CMM-1,2.59,PASS
P012044,CMM-1,20.66,PASS
P015000,CMM-1,5.58,PASS
P016283,CMM-1,-8.57,PASS
P018398,CMM-1,6.69,PASS
P023316,CMM-1,3.83,PASS
P012958,CMM-1,7.57,PASS
P014158,CMM-1,10.79,PASS
P016255,CMM-2,2.41,PASS
P017146,CMM-1,9.08,PASS
P015130,CMM-1,10.87,PASS
P016948,CMM-1,-3.1,PASS
P018937,CMM-1,19.85,PASS
P014889,CMM-2,-18.78,PASS
P021178,CMM-1,-13.08,PASS
P021152,CMM-1,30.35,PASS
P019484,CMM-1,25.61,PASS
P017602,CMM-1,2.05,PASS
P017761,CMM-1,-2.56,PASS
P023527,CMM-1,6.93,PASS
P014038,CMM-1,-16.18,PASS
P014003,CMM-1,10.22,PASS
P015949,CMM-1,24.04,PASS
P014059,CMM-1,3.61,PASS
P017435,CMM-2,17.4,PASS
P021250,CMM-1,5.09,PASS
P019128,CMM-1,2.51,PASS
P014511,CMM-1,16.9,PASS
P020671,CMM-1,7.51,PASS
P021945,CMM-1,16.91,PASS
P022778,CMM-1,13.27,PASS
P012385,CMM-1,-5.02,PASS
P021297,CMM-1,22.29,PASS
P022932,CMM-1,2.78,PASS
P021970,CMM-1,25.68,PASS
P013541,CMM-1,-10.77,PASS
P016518,CMM-1,12.83,PASS
P017655,CMM-2,-2.93,PASS
P018765,CMM-1,12.18,PASS
P017281,CMM-1,12.73,PASS
P012170,CMM-1,26.88,PASS
P017127,CMM-2,-13.3,PASS
P014137,CMM-1,23.86,PASS
P019990,CMM-1,39.44,FAIL
P022909,CMM-1,-4.37,PASS
P017516,CMM-1,35.24,PASS
P022942,CMM-2,6.57,PASS
P018132,CMM-1,-9.81,PASS
P021066,CMM-1,2.07,PASS
P021843,CMM-1,-6.45,PASS
P015994,CMM-1,21.91,PASS
P017224,CMM-1,21.58,PASS
P012336,CMM-1,24.91,PASS
P018100,CMM-1,21.05,PASS
P012623,CMM-1,10.99,PASS
P015706,CMM-2,-17.18,PASS
P022865,CMM-1,8.62,PASS
P022532,CMM-1,-9.33,PASS
P015446,CMM-1,-2.52,PASS
P023791,CMM-2,2.27,PASS
P015478,CMM-1,6.97,PASS
P013059,CMM-1,12.78,PASS
P018171,CMM-2,-14.13,PASS
P013240,CMM-1,-30.52,FAIL
P014594,CMM-2,-27.37,PASS
P015488,CMM-1,0.97,PASS
P022991,CMM-1,13.7,PASS
P018935,CMM-2,8.3,PASS
P016964,CMM-1,8.71,PASS
P017976,CMM-1,19.78,PASS
P021742,CMM-1,13.81,PASS
P016809,CMM-1,-3.98,PASS
P015639,CMM-1,16.58,PASS
P021235,CMM-1,15.99,PASS
P016636,CMM-1,25.02,PASS
P018403,CMM-1,-5.01,PASS
P019080,CMM-1,7.83,PASS
P018481,CMM-1,-14.1,PASS
P013832,CMM-2,13.61,PASS
P020062,CMM-1,-0.18,PASS
P019900,CMM-2,-9.88,PASS
P015916,CMM-1,23.78,PASS
P021580,CMM-1,-0.82,PASS
P021469,CMM-2,0.27,PASS
P017031,CMM-2,-5.59,PASS
P016188,CMM-2,-6.23,PASS
P021150,CMM-1,19.53,PASS
P021210,CMM-1,16.71,PASS
P021262,CMM-1,-2.72,PASS
P021508,CMM-1,23.32,PASS
P014069,CMM-1,15.69,PASS
P016131,CMM-1,11.46,PASS
P022516,CMM-1,6.62,PASS
P023695,CMM-1,-4.22,PASS
P017604,CMM-1,29.37,PASS
P021573,CMM-1,-12.53,PASS
P012270,CMM-1,-8.18,PASS
P017672,CMM-1,8.03,PASS
P014673,CMM-1,27.23,PASS
P019470,CMM-1,20.05,PASS
P019245,CMM-1,0.91,PASS
P012905,CMM-1,23.4,PASS
P021346,CMM-2,-11.56,PASS
P015663,CMM-1,17.92,PASS
P023440,CMM-2,-11.33,PASS
P015346,CMM-1,0.58,PASS
P014062,CMM-2,9.01,PASS
P019104,CMM-1,-8.34,PASS
P022884,CMM-1,-1.89,PASS
P023236,CMM-1,31.22,PASS
P017106,CMM-2,2.1,PASS
P019998,CMM-2,12.13,PASS
P013966,CMM-1,6.06,PASS
P013489,CMM-1,4.17,PASS
P017425,CMM-2,-7.18,PASS
P022712,CMM-1,16.08,PASS
P023321,CMM-1,-12.84,PASS
P021093,CMM-1,3.03,PASS
P017848,CMM-1,11.63,PASS
P019081,CMM-1,25.59,PASS
P017841,CMM-1,14.19,PASS
P015584,CMM-1,10.97,PASS
P022444,CMM-2,-12.05,PASS
P015123,CMM-2,-6.59,PASS
P020551,CMM-2,-9.18,PASS
P020251,CMM-1,33.53,PASS
P017436,CMM-1,-21.04,PASS
P015699,CMM-1,-8.06,PASS
P012343,CMM-1,32.36,PASS
P014616,CMM-1,11.63,PASS
P012477,CMM-1,-4.49,PASS
P023664,CMM-2,17.12,PASS
P021760,CMM-1,39.09,FAIL
P017415,CMM-1,9.01,PASS
P016253,CMM-1,21.45,PASS
P012730,CMM-1,3.26,PASS
P018527,CMM-1,2.21,PASS
P019956,CMM-1,21.21,PASS
P012503,CMM-2,-2.53,PASS
P023655,CMM-2,3.64,PASS
P019141,CMM-2,-30.76,FAIL
P012923,CMM-1,16.04,PASS
P013783,CMM-1,0.79,PASS
P019000,CMM-1,0.18,PASS
P012650,CMM-1,33.47,PASS
P021406,CMM-1,1.42,PASS
P020211,CMM-1,5.65,PASS
P013407,CMM-1,23.38,PASS
P022696,CMM-1,15.81,PASS
P015655,CMM-1,3.26,PASS
P021639,CMM-1,6.56,PASS
P012795,CMM-1,15.71,PASS
P023466,CMM-1,26.41,PASS
P023178,CMM-1,8.61,PASS
P018533,CMM-1,6.8,PASS
P019865,CMM-2,8.4,PASS
P015717,CMM-1,-15.67,PASS
P016631,CMM-1,7.11,PASS
P019636,CMM-1,13.12,PASS
P019325,CMM-1,-4.21,PASS
P021128,CMM-1,-10.36,PASS
P017109,CMM-2,41.52,FAIL
P022277,CMM-1,19.37,PASS
P016087,CMM-1,-10.17,PASS
P013683,CMM-1,9.59,PASS
P016679,CMM-1,-9.26,PASS
P022036,CMM-2,11.3,PASS
P022811,CMM-1,10.94,PASS
P017403,CMM-1,9.49,PASS
P015254,CMM-1,28.81,PASS
P018260,CMM-1,3.0,PASS
P013035,CMM-1,22.14,PASS
P023886,CMM-1,-21.25,PASS
P014639,CMM-2,-14.14,PASS
P013016,CMM-1,1.58,PASS
P019458,CMM-2,16.72,PASS
P016669,CMM-2,-1.0,PASS
P015627,CMM-1,15.23,PASS
P021516,CMM-2,-3.43,PASS
P019178,CMM-1,-0.37,PASS
P012101,CMM-1,15.9,PASS
P019524,CMM-1,-0.93,PASS
P023480,CMM-1,-6.74,PASS
P013316,CMM-1,-4.92,PASS
P012245,CMM-1,28.86,PASS
P016694,CMM-1,7.65,PASS
P013070,CMM-2,20.47,PASS
P014735,CMM-1,-31.05,FAIL
P020519,CMM-2,-9.75,PASS
P020310,CMM-2,9.56,PASS
P020549,CMM-2,-8.44,PASS
P017684,CMM-1,42.71,FAIL
P023621,CMM-1,7.72,PASS
P015110,CMM-1,-3.26,PASS
P016698,CMM-1,21.84,PASS
P019339,CMM-1,32.97,PASS
P022403,CMM-2,12.5,PASS
P013006,CMM-1,-12.97,PASS
P022623,CMM-1,35.96,PASS
P015552,CMM-2,4.87,PASS
P014990,CMM-1,30.65,PASS
P016869,CMM-1,17.21,PASS
P022699,CMM-2,2.52,PASS
P020821,CMM-2,27.02,PASS
P023855,CMM-1,15.09,PASS
P013075,CMM-1,12.18,PASS
P018104,CMM-1,24.62,PASS
P023456,CMM-1,10.23,PASS
P013880,CMM-2,15.39,PASS
P012331,CMM-1,8.02,PASS
P016888,CMM-1,9.93,PASS
P012653,CMM-1,-1.59,PASS
P013115,CMM-1,47.71,FAIL
P023148,CMM-1,-6.2,PASS
P021494,CMM-1,4.16,PASS
P016875,CMM-1,-2.18,PASS
P015675,CMM-1,42.14,FAIL
P013785,CMM-1,18.98,PASS
P012388,CMM-1,-10.41,PASS
P017060,CMM-1,-1.62,PASS
P020307,CMM-1,-21.2,PASS
P019431,CMM-2,-8.39,PASS
P020586,CMM-2,-10.57,PASS
P019362,CMM-1,21.87,PASS
P019490,CMM-1,24.2,PASS
P014469,CMM-1,42.49,FAIL
P021682,CMM-1,4.05,PASS
P013478,CMM-2,6.5,PASS
P016744,CMM-1,-14.27,PASS
P017710,CMM-1,-4.73,PASS
P017514,CMM-1,6.2,PASS
P019785,CMM-1,-6.28,PASS
P015753,CMM-1,-16.47,PASS
P012073,CMM-1,14.15,PASS
P014567,CMM-1,-12.4,PASS
P012762,CMM-1,15.8,PASS
P019003,CMM-2,0.08,PASS
P017650,CMM-1,23.36,PASS
P012144,CMM-2,15.88,PASS
P022341,CMM-2,-8.48,PASS
P022776,CMM-1,-15.89,PASS
P018971,CMM-1,19.62,PASS
P018006,CMM-1,15.36,PASS
P021170,CMM-1,19.04,PASS
P013839,CMM-1,7.82,PASS
P019664,CMM-1,10.08,PASS
P021496,CMM-1,24.48,PASS
P021919,CMM-1,11.39,PASS
P018483,CMM-1,22.56,PASS
P016937,CMM-1,25.84,PASS
P015049,CMM-1,37.72,PASS
P019292,CMM-2,-19.84,PASS
P013750,CMM-2,15.92,PASS
P015174,CMM-1,5.03,PASS
P018696,CMM-2,-9.65,PASS
P019953,CMM-1,30.61,PASS
P019969,CMM-1,23.44,PASS
P015502,CMM-1,9.76,PASS
P020880,CMM-1,1.62,PASS
P016343,CMM-1,18.73,PASS
P015589,CMM-1,1.87,PASS
P022511,CMM-2,23.41,PASS
P018546,CMM-2,9.88,PASS
P014192,CMM-1,-1.08,PASS
P018450,CMM-2,-10.71,PASS
P015016,CMM-1,41.84,FAIL
P019879,CMM-1,9.28,PASS
P013260,CMM-1,28.18,PASS
P023322,CMM-1,8.46,PASS
P022167,CMM-1,-24.14,FAIL
P018118,CMM-1,-7.44,PASS
P023107,CMM-1,-3.32,PASS
P013261,CMM-2,7.48,PASS
P013271,CMM-1,19.0,PASS
P023732,CMM-2,2.89,PASS
P012440,CMM-1,-0.54,PASS
P017448,CMM-1,-7.89,PASS
P020116,CMM-2,16.0,PASS
P019581,CMM-1,17.26,PASS
P016564,CMM-1,2.38,PASS
P022995,CMM-1,26.31,PASS
P016300,CMM-1,16.47,PASS
P023134,CMM-1,-3.32,PASS
P019373,CMM-1,8.94,PASS
P022319,CMM-1,3.72,PASS
P018884,CMM-1,-3.07,PASS
P012474,CMM-1,16.57,PASS
P021002,CMM-2,-7.48,PASS
P022441,CMM-1,16.9,PASS
P021635,CMM-2,-10.13,PASS
P012935,CMM-1,31.93,PASS
P020168,CMM-1,5.66,PASS
P015339,CMM-2,1.31,PASS
P021021,CMM-1,7.31,PASS
P013530,CMM-1,-2.22,PASS
P014981,CMM-1,11.87,PASS
P017502,CMM-1,-7.07,PASS
P013643,CMM-2,17.63,PASS
P012978,CMM-1,-0.54,PASS
P022348,CMM-1,-8.64,PASS
P019091,CMM-1,-8.31,PASS
P020853,CMM-1,32.93,PASS
P021344,CMM-1,12.13,PASS
P016167,CMM-1,9.66,PASS
P016103,CMM-1,-5.81,PASS
P015658,CMM-2,-6.9,PASS
P014154,CMM-1,51.87,FAIL
P015315,CMM-1,-5.63,PASS
P020025,CMM-1,-28.29,FAIL
P021931,CMM-1,-16.96,PASS
P016199,CMM-1,11.81,PASS
P015017,CMM-2,-15.65,PASS
P020319,CMM-2,-12.17,PASS
P016470,CMM-1,-3.69,PASS
P022709,CMM-2,15.15,PASS
P018018,CMM-2,27.58,PASS
P021489,CMM-1,-12.12,PASS
P015670,CMM-2,-9.12,PASS
P019574,CMM-1,-14.51,PASS
P013205,CMM-1,-11.46,PASS
P013624,CMM-2,13.23,PASS
P014303,CMM-2,-14.86,PASS
P018469,CMM-1,-1.0,PASS
P012761,CMM-1,4.9,PASS
P012933,CMM-2,-5.74,PASS
P022656,CMM-1,25.4,PASS
P013085,CMM-1,5.63,PASS
P021374,CMM-1,16.92,PASS
P018828,CMM-2,-20.11,PASS
P015396,CMM-1,26.27,PASS
P012070,CMM-1,23.99,PASS
P019864,CMM-1,-7.03,PASS
P017863,CMM-2,-1.37,PASS
P013027,CMM-1,21.37,PASS
P023212,CMM-1,9.83,PASS
P021384,CMM-2,-33.19,FAIL
P015624,CMM-1,22.1,PASS
P020360,CMM-1,-12.8,PASS
P023895,CMM-2,22.87,PASS
P012261,CMM-2,-9.09,PASS
P013125,CMM-2,-4.87,PASS
P016812,CMM-2,14.96,PASS
P020042,CMM-1,-3.16,PASS
P016853,CMM-2,0.13,PASS
P013976,CMM-1,7.64,PASS
P015006,CMM-1,6.23,PASS
P013014,CMM-2,0.63,PASS
P023562,CMM-1,4.24,PASS
P016612,CMM-1,8.42,PASS
P012906,CMM-1,-1.92,PASS
P020820,CMM-1,34.0,PASS
P020703,CMM-1,1.38,PASS
P012637,CMM-1,-15.04,PASS
P021834,CMM-1,9.31,PASS
P019160,CMM-1,16.47,PASS
P015014,CMM-1,8.32,PASS
P023141,CMM-1,-27.3,FAIL
P023512,CMM-1,16.55,PASS
P012257,CMM-1,8.46,PASS
P012500,CMM-1,9.95,PASS
P012698,CMM-1,-6.25,PASS
P021582,CMM-1,4.85,PASS
P020280,CMM-1,7.83,PASS
P014101,CMM-2,24.05,PASS
P013105,CMM-1,-27.96,FAIL
P013509,CMM-2,-0.89,PASS
P022536,CMM-1,-2.35,PASS
P015072,CMM-2,12.16,PASS
P017035,CMM-1,22.54,PASS
P020331,CMM-2,0.32,PASS
P014664,CMM-1,-9.09,PASS
P016062,CMM-1,20.4,PASS
P022308,CMM-1,45.25,FAIL
P020034,CMM-1,7.27,PASS
P015079,CMM-2,-17.69,PASS
P023206,CMM-1,-0.21,PASS
P019509,CMM-1,-9.26,PASS
P022987,CMM-1,-14.15,PASS
P012737,CMM-2,-0.22,PASS
P023985,CMM-2,-1.37,PASS
P013220,CMM-1,-8.77,PASS
P014005,CMM-1,-2.64,PASS
P022831,CMM-1,2.0,PASS
P015953,CMM-2,-6.58,PASS
P015290,CMM-1,9.66,PASS
P017528,CMM-1,1.94,PASS
P018686,CMM-1,3.35,PASS
P019494,CMM-1,1.33,PASS
P014179,CMM-1,-18.41,PASS
P017745,CMM-1,43.15,FAIL
P021057,CMM-2,2.37,PASS
P023990,CMM-2,-0.49,PASS
P019724,CMM-1,15.37,PASS
P023260,CMM-1,-9.2,PASS
P012378,CMM-1,13.87,PASS
P023121,CMM-1,-4.85,PASS
P015041,CMM-2,-18.85,PASS
P018339,CMM-1,-6.77,PASS
P020814,CMM-1,19.91,PASS
P016185,CMM-2,-7.15,PASS
P019383,CMM-1,24.77,PASS
P023919,CMM-1,-9.06,PASS
P017791,CMM-1,26.36,PASS
P015162,CMM-1,20.77,PASS
P023197,CMM-1,2.33,PASS
P018379,CMM-1,2.31,PASS
P018755,CMM-1,-4.25,PASS
P014243,CMM-2,-13.0,PASS
P013861,CMM-2,4.28,PASS
P013575,CMM-2,4.38,PASS
P020374,CMM-1,-2.22,PASS
P016210,CMM-1,10.78,PASS
P012339,CMM-1,15.21,PASS
P019408,CMM-1,4.04,PASS
P021343,CMM-1,11.06,PASS
P023239,CMM-1,-8.63,PASS
P022889,CMM-2,10.16,PASS
P014465,CMM-2,1.96,PASS
P021615,CMM-2,-20.93,PASS
P013391,CMM-2,-18.41,PASS
P017136,CMM-1,-22.15,PASS
P013359,CMM-1,7.23,PASS
P013579,CMM-2,6.58,PASS
P019556,CMM-1,-0.26,PASS
P022793,CMM-2,10.92,PASS
P019256,CMM-2,13.26,PASS
P019911,CMM-2,18.14,PASS
P012751,CMM-1,-16.41,PASS
P019919,CMM-1,2.54,PASS
P016139,CMM-1,-2.72,PASS
P013511,CMM-2,-19.41,PASS
P014859,CMM-1,15.03,PASS
P019499,CMM-2,6.06,PASS
P018475,CMM-1,21.07,PASS
P016969,CMM-1,15.8,PASS
P018944,CMM-2,-2.15,PASS
P013834,CMM-1,-0.56,PASS
P017822,CMM-1,13.97,PASS
P014766,CMM-2,-11.26,PASS
P013245,CMM-1,20.57,PASS
P023343,CMM-1,-14.5,PASS
P021484,CMM-1,4.65,PASS
P018032,CMM-2,-4.67,PASS
P021992,CMM-1,1.11,PASS
P023643,CMM-2,-5.62,PASS
P018492,CMM-1,1.47,PASS
P014381,CMM-2,14.67,PASS
P015879,CMM-1,-1.73,PASS
P022850,CMM-1,18.59,PASS
P021676,CMM-1,9.45,PASS
P014612,CMM-1,11.86,PASS
P016848,CMM-1,23.66,PASS
P018488,CMM-2,-19.74,PASS
P015056,CMM-1,20.62,PASS
P018179,CMM-1,-1.6,PASS
P019973,CMM-1,14.77,PASS
P019772,CMM-1,9.39,PASS
P015610,CMM-1,-9.25,PASS
P015992,CMM-1,20.4,PASS
P012555,CMM-2,4.8,PASS
P016758,CMM-2,-1.04,PASS
P021586,CMM-1,-6.66,PASS
P016788,CMM-1,-2.19,PASS
P023921,CMM-1,-10.57,PASS
P019230,CMM-1,17.56,PASS
P019223,CMM-1,-21.58,PASS
P013842,CMM-1,28.95,PASS
P016958,CMM-1,-11.0,PASS
P023776,CMM-1,5.81,PASS
P014867,CMM-2,1.46,PASS
P016930,CMM-1,-13.73,PASS
P013422,CMM-1,21.25,PASS
P013389,CMM-2,8.53,PASS
P016605,CMM-1,21.05,PASS
P015891,CMM-1,32.84,PASS
P020583,CMM-1,21.37,PASS
P016365,CMM-1,-5.98,PASS
P013567,CMM-1,39.5,FAIL
P012832,CMM-1,5.37,PASS
P012628,CMM-1,16.43,PASS
P022915,CMM-2,11.92,PASS
P012145,CMM-1,13.29,PASS
P020313,CMM-2,26.71,PASS
P023897,CMM-1,19.08,PASS
P014054,CMM-1,27.85,PASS
P021137,CMM-1,16.19,PASS
P014093,CMM-2,-0.73,PASS
P021659,CMM-1,4.31,PASS
P015710,CMM-1,22.21,PASS
P014836,CMM-2,-8.25,PASS
P016153,CMM-1,4.53,PASS
P023573,CMM-2,5.95,PASS
P019531,CMM-1,11.43,PASS
P018968,CMM-1,2.49,PASS
P018371,CMM-1,15.13,PASS
P015677,CMM-1,-7.66,PASS
P021294,CMM-2,-4.49,PASS
P012346,CMM-1,-18.84,PASS
P014231,CMM-1,-1.49,PASS
P022563,CMM-1,-13.02,PASS
P017014,CMM-1,13.07,PASS
P016225,CMM-2,23.83,PASS
P019653,CMM-2,14.04,PASS
P021454,CMM-1,11.72,PASS
P017365,CMM-1,22.7,PASS
P017230,CMM-1,18.61,PASS
P019551,CMM-2,9.19,PASS
P019177,CMM-1,-4.01,PASS
P016047,CMM-2,-23.66,PASS
P021233,CMM-1,27.62,PASS
P012735,CMM-1,12.46,PASS
P014583,CMM-1,-5.33,PASS
P020104,CMM-2,-8.85,PASS
P018633,CMM-2,6.77,PASS
P022927,CMM-1,29.21,PASS
P019164,CMM-1,-10.48,PASS
P023722,CMM-2,18.36,PASS
P020015,CMM-1,30.29,PASS
P018933,CMM-1,24.45,PASS
P023849,CMM-2,17.17,PASS
P015849,CMM-1,-5.89,PASS
P014009,CMM-1,-18.99,PASS
P023872,CMM-2,2.28,PASS
P019583,CMM-2,5.44,PASS
P012488,CMM-1,33.49,PASS
P023474,CMM-1,31.72,PASS
P023144,CMM-2,-16.56,PASS
P013086,CMM-1,7.25,PASS
P018321,CMM-1,16.41,PASS
P014401,CMM-1,-2.08,PASS
P016307,CMM-1,-4.51,PASS
P012094,CMM-1,15.77,PASS
P014708,CMM-2,16.58,PASS
P019263,CMM-1,23.65,PASS
P022198,CMM-1,-4.76,PASS
P012356,CMM-1,10.13,PASS
P016471,CMM-1,22.46,PASS
P021953,CMM-2,6.09,PASS
P015491,CMM-1,3.88,PASS
P021844,CMM-1,20.76,PASS
P015750,CMM-1,-0.33,PASS
P018095,CMM-1,17.6,PASS
P021172,CMM-2,13.13,PASS
P013856,CMM-1,29.6,PASS
P020469,CMM-1,5.65,PASS
P022077,CMM-1,-14.4,PASS
P012971,CMM-1,7.49,PASS
P012886,CMM-1,-7.99,PASS
P017067,CMM-2,18.48,PASS
P020842,CMM-1,20.02,PASS
P012539,CMM-1,-10.42,PASS
P014363,CMM-1,45.17,FAIL
P015484,CMM-1,25.56,PASS
P017911,CMM-1,25.85,PASS
P017960,CMM-1,9.2,PASS
P015780,CMM-1,24.74,PASS
P021678,CMM-1,41.16,FAIL
P018250,CMM-1,5.98,PASS
P015112,CMM-1,4.21,PASS
P022016,CMM-1,22.28,PASS
P013384,CMM-1,12.94,PASS
P022248,CMM-1,5.72,PASS
P022284,CMM-2,-18.79,PASS
P015170,CMM-1,10.52,PASS
P018316,CMM-1,8.64,PASS
P017190,CMM-2,-14.53,PASS
P014357,CMM-1,-5.33,PASS
P016842,CMM-1,-9.29,PASS
P015212,CMM-2,-26.74,PASS
P014440,CMM-1,25.54,PASS
P021859,CMM-2,-16.42,PASS
P023787,CMM-1,10.58,PASS
P012434,CMM-1,26.84,PASS
P018742,CMM-2,-2.69,PASS
P017728,CMM-1,1.84,PASS
P018317,CMM-1,3.0,PASS
P017983,CMM-2,2.14,PASS
P022617,CMM-1,39.01,FAIL
P023718,CMM-2,-2.26,PASS
P015321,CMM-1,6.57,PASS
P013343,CMM-1,11.31,PASS
P016378,CMM-1,18.15,PASS
P020221,CMM-1,28.43,PASS
P016655,CMM-1,-4.5,PASS
P014117,CMM-1,-1.33,PASS
P021812,CMM-1,4.34,PASS
P013778,CMM-2,15.51,PASS
P015742,CMM-1,6.93,PASS
P021889,CMM-1,3.13,PASS
P018539,CMM-1,20.51,PASS
P020434,CMM-2,-22.27,PASS
P014080,CMM-1,-5.66,PASS
P022681,CMM-1,40.36,FAIL
P012810,CMM-1,11.42,PASS
P019976,CMM-2,37.28,FAIL
P016484,CMM-1,8.34,PASS
P018224,CMM-1,10.68,PASS
P019913,CMM-1,-11.72,PASS
P015415,CMM-2,-1.52,PASS
P022465,CMM-2,26.32,PASS
P018520,CMM-2,-12.57,PASS
P019894,CMM-1,-13.49,PASS
P018795,CMM-1,13.77,PASS
P017275,CMM-1,-1.8,PASS
P021923,CMM-1,-8.88,PASS
P016760,CMM-1,33.43,PASS
P015140,CMM-1,11.66,PASS
P017125,CMM-1,15.7,PASS
P019620,CMM-1,26.34,PASS
P018126,CMM-1,21.92,PASS
P018595,CMM-2,-5.55,PASS
P021670,CMM-1,13.28,PASS
P013148,CMM-1,-28.03,FAIL
P020824,CMM-1,5.89,PASS
P014368,CMM-2,-10.9,PASS
P018513,CMM-1,11.36,PASS
P021706,CMM-1,21.31,PASS
P017853,CMM-2,-2.35,PASS
P014413,CMM-1,8.0,PASS
P023396,CMM-2,3.56,PASS
P014861,CMM-1,44.06,FAIL
P022575,CMM-1,4.74,PASS
P017895,CMM-2,2.73,PASS
P016752,CMM-1,-3.0,PASS
P021793,CMM-1,30.56,PASS
P022333,CMM-1,-10.39,PASS
P018771,CMM-1,23.61,PASS
P015631,CMM-1,9.33,PASS
P018410,CMM-2,-16.4,PASS
P021955,CMM-1,12.89,PASS
P023619,CMM-1,1.5,PASS
P019093,CMM-1,12.42,PASS
P018354,CMM-1,0.84,PASS
P015709,CMM-1,41.17,FAIL
P013619,CMM-1,12.51,PASS
P018107,CMM-1,-13.73,PASS
P012406,CMM-1,7.78,PASS
P014585,CMM-1,7.45,PASS
P012189,CMM-1,40.11,FAIL
P019768,CMM-1,6.23,PASS
P013600,CMM-1,9.49,PASS
P014991,CMM-1,29.01,PASS
P017003,CMM-1,2.06,PASS
P012502,CMM-1,24.84,PASS
P017551,CMM-1,18.33,PASS
P022737,CMM-1,19.58,PASS
P015990,CMM-1,25.49,PASS
P019606,CMM-2,-21.55,PASS
P012721,CMM-1,1.93,PASS
P022667,CMM-2,21.14,PASS
P014870,CMM-1,29.09,PASS
P022347,CMM-1,20.96,PASS
P013123,CMM-1,15.13,PASS
P018582,CMM-1,20.47,PASS
P020608,CMM-2,-23.35,PASS
P012715,CMM-1,3.76,PASS
P012476,CMM-1,-19.07,PASS
P017611,CMM-2,-18.08,PASS
P020098,CMM-1,8.25,PASS
P018545,CMM-1,11.2,PASS
P015867,CMM-1,-12.81,PASS
P015774,CMM-2,0.75,PASS
P018535,CMM-2,-5.71,PASS
P019955,CMM-1,5.99,PASS
P016243,CMM-2,-14.6,PASS
P016004,CMM-1,30.45,PASS
P017775,CMM-1,30.4,PASS
P023277,CMM-1,-7.78,PASS
P012323,CMM-1,33.85,PASS
P013198,CMM-1,-12.03,PASS
P015407,CMM-1,33.37,PASS
P020300,CMM-1,30.51,PASS
P020796,CMM-1,7.83,PASS
P018073,CMM-1,27.72,PASS
P016339,CMM-1,-15.45,PASS
P017025,CMM-2,16.02,PASS
P013237,CMM-1,39.68,FAIL
P018605,CMM-1,-9.9,PASS
P022818,CMM-1,17.87,PASS
P013336,CMM-1,-4.19,PASS
P022660,CMM-1,19.42,PASS
P017741,CMM-1,28.83,PASS
P015255,CMM-1,10.63,PASS
P014716,CMM-1,1.95,PASS
P020090,CMM-1,6.35,PASS
P018679,CMM-1,-2.84,PASS
P017196,CMM-1,17.11,PASS
P017247,CMM-2,-9.7,PASS
P018973,CMM-1,4.4,PASS
P014321,CMM-2,-22.76,PASS
P019987,CMM-1,9.93,PASS
P016173,CMM-1,-3.67,PASS
P015240,CMM-1,27.55,PASS
P016354,CMM-1,22.94,PASS
P013850,CMM-1,-15.38,PASS
P012314,CMM-1,-1.71,PASS
P023569,CMM-1,-6.98,PASS
P019555,CMM-1,20.83,PASS
P021003,CMM-1,10.23,PASS
P017966,CMM-1,1.73,PASS
P023683,CMM-2,-6.82,PASS
P013906,CMM-1,6.41,PASS
P013998,CMM-2,6.25,PASS
P013437,CMM-2,2.45,PASS
P022144,CMM-1,13.28,PASS
P021989,CMM-1,-3.49,PASS
P019717,CMM-1,-9.67,PASS
P023586,CMM-2,-21.87,PASS
P022596,CMM-1,21.19,PASS
P023078,CMM-2,-4.56,PASS
P017218,CMM-2,-8.22,PASS
P021459,CMM-1,1.46,PASS
P017434,CMM-2,-16.22,PASS
P013638,CMM-1,0.33,PASS
P012629,CMM-2,2.7,PASS
P022902,CMM-1,5.87,PASS
P016154,CMM-1,25.22,PASS
P020883,CMM-1,5.71,PASS
P014488,CMM-2,24.02,PASS
P016766,CMM-2,26.72,PASS
P017750,CMM-1,19.84,PASS
P018227,CMM-1,4.49,PASS
P020520,CMM-1,22.43,PASS
P014115,CMM-1,0.78,PASS
P017810,CMM-2,18.58,PASS
P020753,CMM-1,11.96,PASS
P018497,CMM-1,-3.24,PASS
P012370,CMM-1,3.41,PASS
P022210,CMM-1,-0.26,PASS
P017452,CMM-1,34.85,PASS
P018999,CMM-1,1.48,PASS
P020368,CMM-1,2.89,PASS
P015578,CMM-1,-16.48,PASS
P016056,CMM-1,12.81,PASS
P023434,CMM-1,13.26,PASS
P019521,CMM-1,-5.48,PASS
P020468,CMM-1,20.9,PASS
P015525,CMM-2,-9.58,PASS
P014162,CMM-1,37.39,PASS
P013428,CMM-1,26.38,PASS
P022321,CMM-2,0.66,PASS
P014219,CMM-1,-0.75,PASS
P015453,CMM-1,11.81,PASS
P014954,CMM-1,6.66,PASS
P022233,CMM-1,3.99,PASS
P023489,CMM-1,8.9,PASS
P020247,CMM-1,0.05,PASS
P022926,CMM-1,3.02,PASS
P019491,CMM-2,-4.66,PASS
P019465,CMM-1,-2.24,PASS
P022485,CMM-2,-9.7,PASS
P020315,CMM-1,-5.94,PASS
P013382,CMM-1,11.58,PASS
P021769,CMM-1,20.75,PASS
P015354,CMM-1,36.39,PASS
P015590,CMM-1,17.9,PASS
P016973,CMM-1,30.16,PASS
P020382,CMM-2,-8.1,PASS
P022035,CMM-1,-7.04,PASS
P018437,CMM-2,18.83,PASS
P021019,CMM-1,23.47,PASS
P017881,CMM-1,1.56,PASS
P020668,CMM-2,32.9,FAIL
P022462,CMM-1,23.68,PASS
P014011,CMM-2,0.57,PASS
P017844,CMM-2,12.18,PASS
P022728,CMM-1,1.76,PASS
P016941,CMM-2,10.14,PASS
P014372,CMM-1,9.68,PASS
P017634,CMM-1,7.54,PASS
P012665,CMM-1,18.71,PASS
P015188,CMM-2,-7.57,PASS
P019529,CMM-2,2.5,PASS
P016588,CMM-1,11.7,PASS
P020262,CMM-1,-16.03,PASS
P014135,CMM-1,27.31,PASS
P018253,CMM-1,3.45,PASS
P014851,CMM-2,-20.19,PASS
P013297,CMM-2,-0.88,PASS
P013507,CMM-2,5.2,PASS
P016054,CMM-1,-2.44,PASS
P022869,CMM-1,17.63,PASS
P018300,CMM-2,-6.02,PASS
P018512,CMM-1,23.93,PASS
P022953,CMM-1,16.44,PASS
P021941,CMM-2,22.58,PASS
P015604,CMM-1,30.16,PASS
P015113,CMM-1,0.59,PASS
P015052,CMM-1,9.86,PASS
P022556,CMM-2,-19.25,PASS
P022687,CMM-1,-9.91,PASS
P015003,CMM-1,28.6,PASS
P013475,CMM-1,17.42,PASS
P016093,CMM-2,20.7,PASS
P021354,CMM-1,10.01,PASS
P015432,CMM-2,0.92,PASS
P013263,CMM-2,16.54,PASS
P022565,CMM-1,2.83,PASS
P019396,CMM-1,-2.23,PASS
P013610,CMM-1,12.96,PASS
P017112,CMM-1,24.61,PASS
P022566,CMM-1,-3.74,PASS
P023158,CMM-2,-1.45,PASS
P023394,CMM-2,7.19,PASS
P016724,CMM-1,24.42,PASS
P012989,CMM-1,27.59,PASS
P012569,CMM-2,1.45,PASS
P015190,CMM-2,3.3,PASS
P019427,CMM-1,-3.46,PASS
P012047,CMM-1,30.36,PASS
P016055,CMM-1,12.71,PASS
P016861,CMM-1,-4.85,PASS
P022487,CMM-1,3.73,PASS
P016818,CMM-2,5.69,PASS
P018201,CMM-1,27.39,PASS
P015733,CMM-1,26.46,PASS
P019423,CMM-1,12.27,PASS
P014813,CMM-2,-17.79,PASS
P020681,CMM-1,4.71,PASS
P015859,CMM-1,-3.87,PASS
P018907,CMM-2,14.3,PASS
P014998,CMM-1,39.95,FAIL
P015036,CMM-1,14.04,PASS
P018401,CMM-1,-20.74,PASS
P022500,CMM-1,25.12,PASS
P012193,CMM-1,10.07,PASS
P013494,CMM-1,19.89,PASS
P020780,CMM-1,20.33,PASS
P014706,CMM-2,-1.64,PASS
P020296,CMM-1,-18.18,PASS
P023564,CMM-1,-13.4,PASS
P014259,CMM-1,-9.26,PASS
P018014,CMM-1,18.57,PASS
P021358,CMM-1,3.77,PASS
P016393,CMM-1,25.01,PASS
P015210,CMM-2,0.6,PASS
P012865,CMM-2,6.86,PASS
P012377,CMM-1,19.65,PASS
P012578,CMM-1,7.42,PASS
P018256,CMM-1,1.12,PASS
P023813,CMM-1,20.34,PASS
P017160,CMM-1,-0.2,PASS
P020976,CMM-2,-2.59,PASS
P013894,CMM-1,21.91,PASS
P021439,CMM-1,-1.57,PASS
P015526,CMM-1,55.56,FAIL
P019705,CMM-1,-12.98,PASS
P017928,CMM-1,8.9,PASS
P014848,CMM-1,16.32,PASS
P014242,CMM-1,6.62,PASS
P013248,CMM-1,16.92,PASS
P012422,CMM-1,-11.14,PASS
P021825,CMM-1,14.35,PASS
P018262,CMM-1,41.59,FAIL
P022421,CMM-1,-10.26,PASS
P022939,CMM-1,4.13,PASS
P022738,CMM-2,20.52,PASS
P012219,CMM-1,18.56,PASS
P015510,CMM-1,19.18,PASS
P023909,CMM-1,-5.32,PASS
P018681,CMM-2,-4.81,PASS
P015837,CMM-2,19.29,PASS
P013995,CMM-1,7.39,PASS
P012944,CMM-2,8.69,PASS
P022494,CMM-2,22.05,PASS
P012604,CMM-1,17.87,PASS
P021544,CMM-1,11.61,PASS
P019816,CMM-2,-8.63,PASS
P019843,CMM-2,-16.08,PASS
P015841,CMM-1,-11.87,PASS
P014084,CMM-1,-0.76,PASS
P019759,CMM-1,-20.85,PASS
P015009,CMM-1,0.8,PASS
P022551,CMM-1,14.36,PASS
P017353,CMM-1,-12.77,PASS
P022562,CMM-2,14.2,PASS
P019079,CMM-2,-2.68,PASS
P012985,CMM-2,11.19,PASS
P019305,CMM-1,24.37,PASS
P019495,CMM-1,35.06,PASS
P016976,CMM-1,6.73,PASS
P015299,CMM-1,16.26,PASS
P013652,CMM-1,-1.03,PASS
P012348,CMM-1,15.64,PASS
P015171,CMM-2,-15.72,PASS
P013588,CMM-2,-2.05,PASS
P018495,CMM-1,25.01,PASS
P016671,CMM-2,10.13,PASS
P022998,CMM-1,-0.59,PASS
P013235,CMM-1,8.94,PASS
P018620,CMM-2,-2.04,PASS
P016370,CMM-2,-21.81,PASS
P016660,CMM-1,17.9,PASS
P022060,CMM-1,12.76,PASS
P019628,CMM-1,9.01,PASS
P013189,CMM-1,13.42,PASS
P012410,CMM-1,18.23,PASS
P023216,CMM-1,-11.9,PASS
P021786,CMM-1,4.6,PASS
P022750,CMM-2,-14.46,PASS
P013607,CMM-1,-23.01,FAIL
P012276,CMM-1,20.62,PASS
P022328,CMM-1,-6.76,PASS
P014868,CMM-1,28.56,PASS
P015696,CMM-1,21.44,PASS
P021041,CMM-1,3.49,PASS
P022745,CMM-1,5.68,PASS
P020941,CMM-1,35.7,PASS
P020779,CMM-2,-19.6,PASS
P016960,CMM-1,14.09,PASS
P022686,CMM-2,-1.44,PASS
P018614,CMM-1,-7.06,PASS
P018853,CMM-1,5.0,PASS
P021224,CMM-1,6.92,PASS
P015884,CMM-1,23.67,PASS
P022635,CMM-1,12.14,PASS
P017061,CMM-1,11.84,PASS
P014574,CMM-1,31.97,PASS
P013715,CMM-1,18.34,PASS
P018136,CMM-2,28.31,PASS
P023647,CMM-1,-0.55,PASS
P017369,CMM-1,-25.89,FAIL
P023646,CMM-1,41.01,FAIL
P016717,CMM-1,5.26,PASS
P018786,CMM-1,7.21,PASS
P013838,CMM-2,3.9,PASS
P020627,CMM-2,-36.21,FAIL
P016204,CMM-2,0.22,PASS
P015961,CMM-1,-8.44,PASS
P014160,CMM-1,9.13,PASS
P019641,CMM-1,13.96,PASS
P017317,CMM-1,-0.63,PASS
P012055,CMM-1,0.89,PASS
P017330,CMM-1,0.07,PASS
P016551,CMM-1,2.95,PASS
P018674,CMM-2,18.8,PASS
P020172,CMM-1,26.68,PASS
P019308,CMM-2,13.69,PASS
P023288,CMM-1,14.38,PASS
P014608,CMM-1,12.31,PASS
P018738,CMM-2,16.31,PASS
P015343,CMM-1,24.1,PASS
P018347,CMM-1,4.95,PASS
P014667,CMM-1,2.17,PASS
P017921,CMM-1,28.02,PASS
P021946,CMM-2,16.36,PASS
P018672,CMM-1,13.14,PASS
P018886,CMM-1,-3.69,PASS
P022896,CMM-1,-7.58,PASS
P016741,CMM-2,-9.09,PASS
P022923,CMM-2,2.78,PASS
P014537,CMM-1,30.3,PASS
P013352,CMM-1,-3.09,PASS
P023201,CMM-1,9.03,PASS
P013553,CMM-1,10.36,PASS
P016701,CMM-1,-8.25,PASS
P023595,CMM-1,14.21,PASS
P018563,CMM-2,10.92,PASS
P013698,CMM-1,34.57,PASS
P022916,CMM-1,7.52,PASS
P015373,CMM-1,-6.61,PASS
P016045,CMM-1,7.24,PASS
P015356,CMM-1,4.41,PASS
P012615,CMM-1,22.21,PASS
P013268,CMM-1,-5.24,PASS
P022265,CMM-1,28.26,PASS
P015452,CMM-1,23.89,PASS
P015166,CMM-1,-13.83,PASS
P016039,CMM-1,-8.14,PASS
P012308,CMM-1,33.14,PASS
P015877,CMM-1,14.82,PASS
P021337,CMM-1,-3.75,PASS
P014561,CMM-2,-10.28,PASS
P019434,CMM-1,13.59,PASS
P017891,CMM-1,25.38,PASS
P022498,CMM-1,24.41,PASS
P023180,CMM-1,-6.16,PASS
P016445,CMM-1,11.17,PASS
P022951,CMM-1,5.29,PASS
P018928,CMM-1,-9.52,PASS
P017862,CMM-1,8.36,PASS
P013415,CMM-1,38.77,FAIL
P013751,CMM-2,-16.16,PASS
P014611,CMM-1,35.91,PASS
P019535,CMM-1,-29.11,FAIL
P022415,CMM-1,7.62,PASS
P022881,CMM-1,20.71,PASS
P019155,CMM-1,3.97,PASS
P021976,CMM-1,18.47,PASS
P021216,CMM-1,21.23,PASS
P016860,CMM-2,-4.25,PASS
P015513,CMM-1,23.93,PASS
P021984,CMM-1,15.11,PASS
P019425,CMM-1,-14.84,PASS
P018330,CMM-1,-4.82,PASS
P022164,CMM-2,-3.92,PASS
P019845,CMM-2,11.16,PASS
P013017,CMM-1,20.57,PASS
P012175,CMM-1,14.45,PASS
P022861,CMM-1,-5.69,PASS
P020691,CMM-1,20.18,PASS
P012920,CMM-1,9.47,PASS
P019554,CMM-2,15.61,PASS
P023766,CMM-1,2.44,PASS
P021081,CMM-1,15.04,PASS
P016494,CMM-1,18.2,PASS
P021396,CMM-1,7.65,PASS
P023663,CMM-1,12.41,PASS
P012841,CMM-1,11.21,PASS
P023749,CMM-2,-0.52,PASS
P019298,CMM-1,-1.44,PASS
P019413,CMM-1,17.79,PASS
P023247,CMM-1,13.59,PASS
P013977,CMM-1,-15.05,PASS
P022436,CMM-1,-8.23,PASS
P021585,CMM-1,36.12,PASS
P023421,CMM-2,-0.42,PASS
P017252,CMM-1,5.27,PASS
P021107,CMM-2,5.11,PASS
P023274,CMM-2,23.24,PASS
P022636,CMM-1,11.86,PASS
P023707,CMM-1,28.4,PASS
P020791,CMM-1,4.02,PASS
P012244,CMM-1,-13.5,PASS
P022398,CMM-1,8.82,PASS
P021511,CMM-1,-5.37,PASS
P018129,CMM-1,-9.08,PASS
P016625,CMM-2,-9.15,PASS
P020000,CMM-1,17.75,PASS
P023276,CMM-1,1.81,PASS
P013602,CMM-1,11.43,PASS
P015982,CMM-1,20.17,PASS
P019658,CMM-1,27.66,PASS
P013490,CMM-2,24.94,PASS
P020460,CMM-1,19.74,PASS
P016275,CMM-2,11.94,PASS
P017879,CMM-2,-7.55,PASS
P019765,CMM-1,27.73,PASS
P015570,CMM-2,-9.58,PASS
P013064,CMM-2,2.64,PASS
P019954,CMM-2,-2.37,PASS
P022273,CMM-1,-11.95,PASS
P014781,CMM-2,26.79,PASS
P020103,CMM-1,-11.88,PASS
P019320,CMM-1,22.0,PASS
P018548,CMM-2,16.25,PASS
P021891,CMM-1,27.07,PASS
P017995,CMM-1,-0.84,PASS
P016836,CMM-1,-4.6,PASS
P019848,CMM-1,-11.14,PASS
P023814,CMM-1,11.48,PASS
P020493,CMM-2,2.42,PASS
P023566,CMM-1,5.66,PASS
P012463,CMM-1,17.7,PASS
P021056,CMM-1,27.29,PASS
P015455,CMM-2,6.98,PASS
P014857,CMM-1,6.59,PASS
P019084,CMM-1,4.31,PASS
P012970,CMM-1,-1.16,PASS
P012707,CMM-1,18.01,PASS
P022703,CMM-1,17.21,PASS
P020711,CMM-2,1.86,PASS
P019923,CMM-1,23.31,PASS
P022066,CMM-1,12.29,PASS
P016227,CMM-1,4.27,PASS
P021899,CMM-1,19.71,PASS
P019333,CMM-1,-22.91,FAIL
P016025,CMM-2,9.36,PASS
P021289,CMM-1,39.6,FAIL
P020448,CMM-1,18.43,PASS
P019773,CMM-1,29.51,PASS
P020065,CMM-1,12.09,PASS
P012303,CMM-1,12.69,PASS
P016726,CMM-2,2.7,PASS
P013739,CMM-1,5.22,PASS
P018325,CMM-1,1.06,PASS
P019929,CMM-1,0.18,PASS
P012498,CMM-1,-8.67,PASS
P019905,CMM-1,5.73,PASS
P013984,CMM-2,-6.76,PASS
P013679,CMM-1,16.58,PASS
P014106,CMM-1,3.5,PASS
P018359,CMM-1,39.47,FAIL
P013112,CMM-1,3.15,PASS
P013151,CMM-1,14.82,PASS
P021821,CMM-1,-7.93,PASS
P023983,CMM-2,-12.27,PASS
P022980,CMM-1,3.4,PASS
P018670,CMM-1,-1.23,PASS
P022893,CMM-1,18.02,PASS
P023620,CMM-2,23.62,PASS
P014454,CMM-1,-13.63,PASS
P022489,CMM-1,8.79,PASS
P014258,CMM-1,8.5,PASS
P021719,CMM-2,-7.78,PASS
P021689,CMM-1,-5.65,PASS
P018581,CMM-1,-4.79,PASS
P019506,CMM-1,25.42,PASS
P017264,CMM-1,2.51,PASS
P018109,CMM-2,13.27,PASS
P012077,CMM-1,7.28,PASS
P013898,CMM-2,-1.21,PASS
P016194,CMM-1,-0.83,PASS
P015878,CMM-1,10.93,PASS
P016338,CMM-1,4.82,PASS
P018237,CMM-1,15.43,PASS
P019801,CMM-1,9.91,PASS
P021627,CMM-1,11.81,PASS
P019101,CMM-1,49.7,FAIL
P013508,CMM-1,18.8,PASS
P017250,CMM-1,6.51,PASS
P012591,CMM-1,13.44,PASS
P016845,CMM-2,9.16,PASS
P023399,CMM-1,8.15,PASS
P012358,CMM-1,25.51,PASS
P016105,CMM-1,22.47,PASS
P018531,CMM-2,11.87,PASS
P014747,CMM-2,1.09,PASS
P021106,CMM-1,-31.52,FAIL
P014610,CMM-2,10.05,PASS
P013155,CMM-2,12.04,PASS
P020849,CMM-2,-9.76,PASS
P012028,CMM-2,3.58,PASS
P019437,CMM-1,26.35,PASS
P014346,CMM-2,0.71,PASS
P019459,CMM-1,19.42,PASS
P014575,CMM-2,16.21,PASS
P017320,CMM-2,27.83,PASS
P023000,CMM-1,11.62,PASS
P012096,CMM-1,-3.27,PASS
P019711,CMM-2,20.3,PASS
P015882,CMM-2,-6.09,PASS
P020823,CMM-1,-1.69,PASS
P022965,CMM-1,-0.26,PASS
P020517,CMM-2,-3.92,PASS
P013096,CMM-1,-5.06,PASS
P021774,CMM-2,13.82,PASS
P019544,CMM-1,-3.68,PASS
P017772,CMM-1,-0.42,PASS
P016607,CMM-1,20.95,PASS
P022292,CMM-2,28.4,PASS
P016024,CMM-1,6.12,PASS
P014636,CMM-1,-1.91,PASS
P022179,CMM-2,2.56,PASS
P016727,CMM-1,13.34,PASS
P021759,CMM-1,11.43,PASS
P015295,CMM-2,-10.86,PASS
P019901,CMM-1,25.02,PASS
P014591,CMM-2,-7.32,PASS
P020421,CMM-2,28.76,PASS
P019026,CMM-2,-8.13,PASS
P022490,CMM-1,-7.14,PASS
P022816,CMM-1,-0.48,PASS
P012091,CMM-1,-2.47,PASS
P014879,CMM-1,1.44,PASS
P023004,CMM-2,-20.95,PASS
P019924,CMM-1,-0.03,PASS
P018707,CMM-1,5.46,PASS
P014316,CMM-1,39.27,FAIL
P020336,CMM-1,2.69,PASS
P016076,CMM-1,10.61,PASS
P016382,CMM-1,7.94,PASS
P017092,CMM-1,18.49,PASS
P019942,CMM-2,1.47,PASS
P012342,CMM-1,11.72,PASS
P021360,CMM-1,40.55,FAIL
P022826,CMM-1,4.18,PASS
P018641,CMM-1,4.29,PASS
P018016,CMM-1,-9.41,PASS
P020797,CMM-1,32.72,PASS
P021977,CMM-2,6.04,PASS
P021744,CMM-1,32.46,PASS
P020667,CMM-1,6.43,PASS
P012768,CMM-2,-9.27,PASS
P019970,CMM-2,1.23,PASS
P021501,CMM-1,14.48,PASS
P015673,CMM-1,33.74,PASS
P015145,CMM-1,40.03,FAIL
P014761,CMM-1,46.71,FAIL
P022668,CMM-2,0.43,PASS
P021610,CMM-2,-6.5,PASS
P019697,CMM-1,20.78,PASS
P013815,CMM-1,-5.39,PASS
P022352,CMM-1,-22.44,FAIL
P013822,CMM-1,6.29,PASS
P023992,CMM-1,1.96,PASS
P014592,CMM-1,6.78,PASS
P020043,CMM-1,15.8,PASS
P012788,CMM-2,-7.82,PASS
P017487,CMM-2,17.25,PASS
P021031,CMM-2,-20.55,PASS
P019649,CMM-1,20.56,PASS
P020347,CMM-2,-13.34,PASS
P016790,CMM-1,30.72,PASS
P022168,CMM-2,23.77,PASS
P012891,CMM-1,18.98,PASS
P014645,CMM-1,14.43,PASS
P018917,CMM-1,24.47,PASS
P019528,CMM-1,10.96,PASS
P023020,CMM-1,20.24,PASS
P022990,CMM-1,28.85,PASS
P014619,CMM-1,8.88,PASS
P016303,CMM-1,-4.77,PASS
P023534,CMM-1,9.97,PASS
P020302,CMM-1,8.25,PASS
P016826,CMM-1,9.6,PASS
P012524,CMM-1,10.35,PASS
P012465,CMM-2,-20.96,PASS
P017561,CMM-1,28.88,PASS
P022574,CMM-1,14.93,PASS
P021574,CMM-1,-28.4,FAIL
P013216,CMM-2,17.15,PASS
P017148,CMM-2,-3.07,PASS
P020982,CMM-2,-11.81,PASS
P012225,CMM-1,4.3,PASS
P015928,CMM-1,1.47,PASS
P021951,CMM-1,18.22,PASS
P014377,CMM-1,-6.08,PASS
P014307,CMM-1,17.55,PASS
P015828,CMM-1,-1.06,PASS
P014927,CMM-1,6.64,PASS
P019840,CMM-1,12.8,PASS
P018246,CMM-1,-6.27,PASS
P020503,CMM-1,32.82,PASS
P016856,CMM-1,24.46,PASS
P021789,CMM-1,19.87,PASS
P023602,CMM-1,22.73,PASS
P016352,CMM-1,14.53,PASS
P020439,CMM-2,13.16,PASS
P022569,CMM-1,-13.83,PASS
P014228,CMM-1,1.48,PASS
P015302,CMM-1,-0.66,PASS
P017351,CMM-1,25.3,PASS
P012372,CMM-2,-27.99,PASS
P015496,CMM-1,-15.58,PASS
P013132,CMM-1,10.88,PASS
P019451,CMM-2,23.7,PASS
P017265,CMM-2,9.04,PASS
P017950,CMM-1,17.5,PASS
P012255,CMM-2,-9.46,PASS
P014948,CMM-1,13.0,PASS
P012095,CMM-1,7.71,PASS
P013504,CMM-1,36.78,PASS
P015032,CMM-1,6.03,PASS
P023482,CMM-2,2.55,PASS
P012633,CMM-1,10.71,PASS
P015569,CMM-1,24.93,PASS
P021997,CMM-2,-17.63,PASS
P019390,CMM-1,16.13,PASS
P016048,CMM-1,11.03,PASS
P017651,CMM-1,-2.76,PASS
P019552,CMM-1,8.75,PASS
P014979,CMM-2,-2.65,PASS
P017141,CMM-2,-0.07,PASS
P023899,CMM-2,-8.65,PASS
P023060,CMM-2,-6.23,PASS
P023391,CMM-2,19.74,PASS
P022019,CMM-2,-16.05,PASS
P018448,CMM-1,15.7,PASS
P018930,CMM-1,13.67,PASS
P014124,CMM-2,4.39,PASS
P023757,CMM-1,27.73,PASS
P023104,CMM-1,7.86,PASS
P013133,CMM-1,7.91,PASS
P016614,CMM-1,-6.65,PASS
P021798,CMM-1,15.53,PASS
P018199,CMM-1,20.96,PASS
P016802,CMM-1,24.9,PASS
P018106,CMM-2,2.41,PASS
P014446,CMM-2,-11.88,PASS
P015020,CMM-2,1.03,PASS
P021316,CMM-1,36.18,PASS
P013363,CMM-2,-5.3,PASS
P020322,CMM-2,4.12,PASS
P023854,CMM-1,-8.53,PASS
P021776,CMM-2,-0.12,PASS
P016291,CMM-1,28.5,PASS
P013924,CMM-1,29.99,PASS
P013808,CMM-1,12.38,PASS
P022104,CMM-1,12.03,PASS
P015595,CMM-1,3.53,PASS
P014055,CMM-1,6.84,PASS
P015912,CMM-1,8.35,PASS
P021715,CMM-2,8.34,PASS
P014025,CMM-1,18.53,PASS
P015448,CMM-2,15.83,PASS
P022704,CMM-1,12.97,PASS
P023864,CMM-1,11.67,PASS
P013024,CMM-1,19.71,PASS
P015996,CMM-1,3.76,PASS
P022999,CMM-2,9.91,PASS
P018137,CMM-1,11.92,PASS
P023429,CMM-2,-9.69,PASS
P021263,CMM-1,9.94,PASS
P023072,CMM-2,-11.96,PASS
P013733,CMM-1,15.3,PASS
P023610,CMM-1,-13.94,PASS
P018627,CMM-1,10.47,PASS
P016833,CMM-1,-4.21,PASS
P013200,CMM-1,-5.65,PASS
P012306,CMM-1,-7.14,PASS
P015940,CMM-1,2.64,PASS
P022028,CMM-1,-6.05,PASS
P014422,CMM-1,13.1,PASS
P020432,CMM-2,-5.11,PASS
P018571,CMM-1,20.66,PASS
P023150,CMM-2,17.29,PASS
P014066,CMM-1,18.51,PASS
P020888,CMM-1,-10.27,PASS
P013119,CMM-1,12.57,PASS
P021032,CMM-1,25.89,PASS
P012007,CMM-1,19.34,PASS
P019902,CMM-2,-19.66,PASS
P022863,CMM-1,22.62,PASS
P023930,CMM-1,-6.29,PASS
P023645,CMM-1,10.09,PASS
P017418,CMM-1,2.58,PASS
P012723,CMM-2,19.84,PASS
P017420,CMM-1,16.6,PASS
P013465,CMM-1,3.25,PASS
P014085,CMM-1,-0.97,PASS
P015002,CMM-1,36.68,PASS
P013516,CMM-1,8.01,PASS
P012534,CMM-1,-0.29,PASS
P022734,CMM-2,-17.24,PASS
P020171,CMM-1,6.13,PASS
P016993,CMM-1,2.15,PASS
P020943,CMM-1,3.26,PASS
P020061,CMM-2,2.23,PASS
P016862,CMM-1,7.31,PASS
P013196,CMM-1,24.01,PASS
P020567,CMM-1,18.25,PASS
P022136,CMM-2,0.98,PASS
P021998,CMM-1,-2.14,PASS
P015721,CMM-2,-7.69,PASS
P017071,CMM-1,-7.52,PASS
P017552,CMM-1,11.37,PASS
P013262,CMM-1,6.89,PASS
P013725,CMM-1,35.21,PASS
P013042,CMM-1,-26.8,FAIL
P020289,CMM-1,1.65,PASS
P023644,CMM-1,17.13,PASS
P013147,CMM-1,-11.24,PASS
P018031,CMM-1,-5.58,PASS
P018628,CMM-1,-0.88,PASS
P017409,CMM-1,25.18,PASS
P016532,CMM-2,1.0,PASS
P021309,CMM-1,5.69,PASS
P013792,CMM-1,9.1,PASS
P023032,CMM-2,23.98,PASS
P016493,CMM-2,-14.37,PASS
P015895,CMM-1,11.5,PASS
P016208,CMM-1,-4.82,PASS
P016027,CMM-1,-23.98,FAIL
P019273,CMM-1,9.6,PASS
P014400,CMM-1,1.55,PASS
P019908,CMM-2,38.98,FAIL
P018572,CMM-1,11.05,PASS
P015156,CMM-2,16.42,PASS
P023092,CMM-2,-9.6,PASS
P014728,CMM-1,-14.87,PASS
P023188,CMM-1,7.31,PASS
P015183,CMM-1,25.82,PASS
P021623,CMM-1,-15.57,PASS
P023126,CMM-2,3.98,PASS
P021979,CMM-1,2.57,PASS
P015775,CMM-2,-14.82,PASS
P019674,CMM-2,26.83,PASS
P018759,CMM-2,-5.08,PASS
P013826,CMM-1,0.75,PASS
P016180,CMM-2,-10.31,PASS
P022127,CMM-1,14.76,PASS
P012213,CMM-1,20.5,PASS
P013045,CMM-1,-5.65,PASS
P022460,CMM-1,13.38,PASS
P022407,CMM-1,9.14,PASS
P013149,CMM-1,9.65,PASS
P017953,CMM-2,15.78,PASS
P020237,CMM-1,21.27,PASS
P018957,CMM-1,11.44,PASS
P022506,CMM-1,19.21,PASS
P022342,CMM-1,14.23,PASS
P012298,CMM-2,15.44,PASS
P022218,CMM-1,14.63,PASS
P019415,CMM-1,-5.79,PASS
P013752,CMM-1,6.25,PASS
P013414,CMM-1,-6.51,PASS
P023506,CMM-1,4.68,PASS
P016656,CMM-1,7.8,PASS
P013380,CMM-1,-1.04,PASS
P022044,CMM-1,12.54,PASS
P021775,CMM-1,21.34,PASS
P012794,CMM-1,9.72,PASS
P019881,CMM-2,21.32,PASS
P017334,CMM-1,15.78,PASS
P013429,CMM-1,8.75,PASS
P015615,CMM-1,8.88,PASS
P014335,CMM-1,-1.73,PASS
P020422,CMM-1,38.91,FAIL
P016099,CMM-2,26.53,PASS
P013144,CMM-1,14.79,PASS
P021215,CMM-1,13.59,PASS
P018924,CMM-1,7.86,PASS
P016266,CMM-1,-7.89,PASS
P012431,CMM-1,23.4,PASS
P012956,CMM-1,24.69,PASS
P015297,CMM-2,1.57,PASS
P021868,CMM-2,25.8,PASS
P021910,CMM-1,5.69,PASS
P022722,CMM-1,2.11,PASS
P016955,CMM-1,-15.84,PASS
P021432,CMM-2,-19.58,PASS
P014757,CMM-2,10.09,PASS
P017736,CMM-2,29.54,PASS
P018378,CMM-1,18.21,PASS
P012807,CMM-1,-13.91,PASS
P018767,CMM-2,-12.47,PASS
P014492,CMM-1,-0.55,PASS
P016417,CMM-1,15.6,PASS
P015767,CMM-1,6.2,PASS
P020970,CMM-1,-7.14,PASS
P015897,CMM-1,37.11,PASS
P020984,CMM-1,-5.77,PASS
P017948,CMM-1,-2.21,PASS
P020762,CMM-1,9.64,PASS
P013506,CMM-1,12.03,PASS
P016151,CMM-1,17.79,PASS
P020641,CMM-2,-1.22,PASS
P016329,CMM-2,9.39,PASS
P019538,CMM-1,-13.12,PASS
P022957,CMM-2,-15.42,PASS
P019856,CMM-1,5.04,PASS
P013234,CMM-1,18.29,PASS
P016509,CMM-2,4.4,PASS
P012003,CMM-1,15.48,PASS
P019774,CMM-1,31.7,PASS
P023778,CMM-1,2.42,PASS
P021772,CMM-1,5.25,PASS
P023368,CMM-1,16.47,PASS
P023263,CMM-1,-3.33,PASS
P018841,CMM-2,3.97,PASS
P012334,CMM-1,38.93,FAIL
P014921,CMM-1,-1.29,PASS
P012111,CMM-1,0.54,PASS
P015628,CMM-1,16.91,PASS
P014021,CMM-1,-20.74,PASS
P023494,CMM-2,-4.03,PASS
P014924,CMM-2,1.55,PASS
P016387,CMM-1,3.22,PASS
P021254,CMM-1,15.57,PASS
P023848,CMM-1,-6.94,PASS
P020647,CMM-1,-6.75,PASS
P013354,CMM-2,36.74,FAIL
P022549,CMM-1,-8.23,PASS
P014277,CMM-1,-10.11,PASS
P013339,CMM-1,13.63,PASS
P018009,CMM-1,26.04,PASS
P015635,CMM-2,-4.87,PASS
P014481,CMM-1,-3.09,PASS
P018940,CMM-2,-0.16,PASS
P012281,CMM-1,22.54,PASS
P023896,CMM-2,11.69,PASS
P016442,CMM-2,13.23,PASS
P013304,CMM-1,44.99,FAIL
P014753,CMM-2,2.75,PASS
P016593,CMM-1,1.03,PASS
P012353,CMM-1,16.83,PASS
P015751,CMM-1,4.42,PASS
P016885,CMM-2,9.39,PASS
P019513,CMM-1,3.44,PASS
P022862,CMM-1,4.06,PASS
P015042,CMM-1,-12.23,PASS
P018797,CMM-1,2.14,PASS
P018033,CMM-1,10.4,PASS
P019058,CMM-1,-10.36,PASS
P023026,CMM-1,22.96,PASS
P012822,CMM-1,21.25,PASS
P016627,CMM-1,19.56,PASS
P019516,CMM-1,18.11,PASS
P022742,CMM-1,36.01,PASS
P019036,CMM-1,16.58,PASS
P016031,CMM-1,34.51,PASS
P020664,CMM-1,20.49,PASS
P016819,CMM-1,0.47,PASS
P016712,CMM-1,0.11,PASS
P016974,CMM-1,-16.74,PASS
P015558,CMM-1,26.95,PASS
P017888,CMM-1,9.35,PASS
P016827,CMM-1,16.15,PASS
P012961,CMM-2,-33.13,FAIL
P017739,CMM-1,0.45,PASS
P014210,CMM-1,10.84,PASS
P022622,CMM-2,16.3,PASS
P015289,CMM-1,50.76,FAIL
P014479,CMM-1,-4.27,PASS
P021661,CMM-2,-12.6,PASS
P019129,CMM-1,7.03,PASS
P022098,CMM-1,8.81,PASS
P015457,CMM-1,17.48,PASS
P018350,CMM-1,7.27,PASS
P013777,CMM-1,0.87,PASS
P018606,CMM-1,-14.16,PASS
P015637,CMM-2,-1.0,PASS
P015011,CMM-1,-12.66,PASS
P022922,CMM-1,-3.78,PASS
P018159,CMM-1,9.75,PASS
P013595,CMM-2,-3.39,PASS
P015285,CMM-1,41.72,FAIL
P018189,CMM-1,11.24,PASS
P014276,CMM-1,10.81,PASS
P022063,CMM-1,13.42,PASS
P018385,CMM-1,20.17,PASS
P018287,CMM-1,7.06,PASS
P022311,CMM-1,0.85,PASS
P021131,CMM-2,24.22,PASS
P020482,CMM-1,-14.27,PASS
P020367,CMM-1,-9.04,PASS
P013911,CMM-2,6.38,PASS
P019161,CMM-1,-8.27,PASS
P014604,CMM-1,16.98,PASS
P016965,CMM-1,16.51,PASS
P017194,CMM-1,34.22,PASS
P013243,CMM-1,15.89,PASS
P016079,CMM-2,-11.5,PASS
P021090,CMM-1,0.25,PASS
P018416,CMM-1,3.36,PASS
P020716,CMM-1,-7.34,PASS
P019066,CMM-1,5.59,PASS
P013860,CMM-2,-14.97,PASS
P015035,CMM-1,13.75,PASS
P023937,CMM-2,-18.83,PASS
P013439,CMM-1,11.83,PASS
P021928,CMM-1,24.27,PASS
P018769,CMM-2,2.91,PASS
P016859,CMM-1,11.68,PASS
P022643,CMM-1,-15.05,PASS
P017635,CMM-2,3.19,PASS
P017664,CMM-1,9.78,PASS
P016915,CMM-1,1.37,PASS
P018623,CMM-2,-21.43,PASS
P018773,CMM-1,-5.91,PASS
P017795,CMM-1,17.31,PASS
P014104,CMM-1,5.77,PASS
P020253,CMM-2,-21.44,PASS
P016513,CMM-1,32.92,PASS
P021144,CMM-1,5.23,PASS
P020260,CMM-1,-1.18,PASS
P015158,CMM-1,24.11,PASS
P018932,CMM-1,16.56,PASS
P019076,CMM-2,-42.3,FAIL
P023535,CMM-2,-11.66,PASS
P020865,CMM-2,9.68,PASS
P015084,CMM-2,-10.74,PASS
P018779,CMM-2,0.22,PASS
P018206,CMM-1,-2.83,PASS
P022743,CMM-1,-4.03,PASS
P021601,CMM-1,25.7,PASS
P018313,CMM-1,8.49,PASS
P014075,CMM-2,-19.33,PASS
P016011,CMM-1,28.91,PASS
P013116,CMM-1,18.4,PASS
P016278,CMM-2,-5.89,PASS
P021730,CMM-1,-2.14,PASS
P018463,CMM-2,-14.87,PASS
P022866,CMM-2,5.92,PASS
P013038,CMM-2,-8.29,PASS
P017008,CMM-1,4.65,PASS
P018078,CMM-1,4.64,PASS
P017479,CMM-1,12.72,PASS
P012376,CMM-1,-7.75,PASS
P023584,CMM-1,22.18,PASS
P019344,CMM-2,25.59,PASS
P020058,CMM-1,16.62,PASS
P017188,CMM-1,20.93,PASS
P019817,CMM-2,-24.52,PASS
P015479,CMM-1,5.94,PASS
P018496,CMM-1,-3.66,PASS
P023478,CMM-1,20.72,PASS
P014404,CMM-1,17.78,PASS
P019122,CMM-2,-9.04,PASS
P015495,CMM-1,9.96,PASS
P013322,CMM-1,14.98,PASS
P016710,CMM-1,9.45,PASS
P014068,CMM-2,8.41,PASS
P017304,CMM-1,-2.24,PASS
P021867,CMM-2,3.86,PASS
P012779,CMM-2,0.67,PASS
P020844,CMM-1,16.37,PASS
P019420,CMM-1,-13.77,PASS
P023948,CMM-1,26.43,PASS
P018792,CMM-1,-3.32,PASS
P020905,CMM-1,27.29,PASS
P016203,CMM-1,-8.81,PASS
P014370,CMM-1,12.68,PASS
P016581,CMM-1,27.76,PASS
P020265,CMM-1,14.82,PASS
P017804,CMM-1,12.14,PASS
P018556,CMM-2,-14.66,PASS
P022287,CMM-1,-9.32,PASS
P022121,CMM-1,18.45,PASS
P019548,CMM-1,19.25,PASS
P022350,CMM-2,-2.7,PASS
P012942,CMM-1,-5.12,PASS
P013754,CMM-1,28.76,PASS
P023472,CMM-2,4.86,PASS
P016991,CMM-1,20.73,PASS
P016811,CMM-1,2.35,PASS
P018777,CMM-1,34.59,PASS
P023397,CMM-1,-11.76,PASS
P017857,CMM-1,26.67,PASS
P016320,CMM-1,-0.3,PASS
P016407,CMM-1,-7.16,PASS
P020585,CMM-1,-30.66,FAIL
P019972,CMM-1,18.05,PASS
P021409,CMM-1,9.74,PASS
P020399,CMM-1,21.07,PASS
P018748,CMM-1,24.43,PASS
P018266,CMM-1,11.84,PASS
P017305,CMM-1,12.77,PASS
P019007,CMM-2,18.13,PASS
P019153,CMM-2,13.48,PASS
P015450,CMM-2,-9.03,PASS
P020197,CMM-2,-4.35,PASS
P020165,CMM-2,0.18,PASS
P016141,CMM-1,19.05,PASS
P018407,CMM-1,13.14,PASS
P013487,CMM-1,1.15,PASS
P019334,CMM-1,27.64,PASS
P021605,CMM-1,-13.99,PASS
P019547,CMM-1,-18.29,PASS
P023747,CMM-1,15.51,PASS
P022475,CMM-2,-12.13,PASS
P022076,CMM-1,14.89,PASS
P017498,CMM-1,-3.48,PASS
P021700,CMM-2,4.43,PASS
P019121,CMM-1,-7.14,PASS
P013122,CMM-2,-14.79,PASS
P014538,CMM-1,17.69,PASS
P019983,CMM-1,-8.4,PASS
P016462,CMM-1,15.1,PASS
P015892,CMM-1,4.81,PASS
P023617,CMM-1,13.68,PASS
P020881,CMM-1,14.8,PASS
P020649,CMM-2,16.54,PASS
P019748,CMM-1,35.42,PASS
P012957,CMM-1,44.61,FAIL
P018811,CMM-1,8.5,PASS
P012071,CMM-1,27.88,PASS
P023217,CMM-1,23.98,PASS
P022456,CMM-1,16.56,PASS
P023611,CMM-2,-1.67,PASS
P017573,CMM-2,16.74,PASS
P023609,CMM-1,7.01,PASS
P013648,CMM-2,-35.44,FAIL
P017210,CMM-2,21.15,PASS
P022843,CMM-1,12.66,PASS
P016248,CMM-1,-2.42,PASS
P022134,CMM-1,4.76,PASS
P023228,CMM-1,24.35,PASS
P015486,CMM-1,16.61,PASS
P013561,CMM-1,0.17,PASS
P018718,CMM-1,-18.07,PASS
P021637,CMM-1,13.38,PASS
P021245,CMM-1,-4.23,PASS
P019259,CMM-2,-18.33,PASS
P021221,CMM-1,-9.93,PASS
P015214,CMM-1,12.1,PASS
P023545,CMM-2,-3.22,PASS
P018197,CMM-2,-18.14,PASS
P014589,CMM-1,10.82,PASS
P014672,CMM-2,5.18,PASS
P022779,CMM-1,22.04,PASS
P023879,CMM-1,2.26,PASS
P018037,CMM-1,15.34,PASS
P018861,CMM-1,22.67,PASS
P013909,CMM-2,7.75,PASS
P014265,CMM-1,-5.19,PASS
P015952,CMM-1,-8.95,PASS
P022111,CMM-1,19.33,PASS
P018763,CMM-1,-1.58,PASS
P014417,CMM-1,6.83,PASS
P014838,CMM-1,18.97,PASS
P023925,CMM-1,21.29,PASS
P023525,CMM-2,-3.14,PASS
P015522,CMM-1,33.1,PASS
P013146,CMM-1,2.68,PASS
P014359,CMM-1,-26.12,FAIL
P017512,CMM-1,0.71,PASS
P023467,CMM-1,31.75,PASS
P016594,CMM-1,36.62,PASS
P022217,CMM-1,39.97,FAIL
P019051,CMM-1,21.53,PASS
P022078,CMM-1,3.92,PASS
P012233,CMM-1,-10.38,PASS
P013671,CMM-2,-5.55,PASS
P021541,CMM-1,17.7,PASS
P014474,CMM-1,23.7,PASS
P015092,CMM-1,0.3,PASS
P013356,CMM-1,3.23,PASS
P015316,CMM-2,-8.25,PASS
P017515,CMM-1,-2.54,PASS
P019731,CMM-1,23.12,PASS
P017339,CMM-1,-11.22,PASS
P016061,CMM-1,26.95,PASS
P018663,CMM-1,15.63,PASS
P019736,CMM-2,-2.11,PASS
P015801,CMM-2,23.72,PASS
P013772,CMM-1,29.93,PASS
P014035,CMM-1,16.14,PASS
P018486,CMM-2,0.74,PASS
P019001,CMM-1,21.19,PASS
P012433,CMM-1,15.38,PASS
P015858,CMM-1,-7.88,PASS
P023636,CMM-1,9.82,PASS
P012129,CMM-1,22.74,PASS
P019221,CMM-2,-3.49,PASS
P022589,CMM-1,-1.31,PASS
P022307,CMM-1,0.35,PASS
P012393,CMM-2,3.36,PASS
P017083,CMM-2,11.87,PASS
P018798,CMM-1,18.09,PASS
P018600,CMM-2,12.49,PASS
P015579,CMM-2,-2.21,PASS
P022138,CMM-1,8.99,PASS
P013529,CMM-1,23.32,PASS
P022894,CMM-1,43.53,FAIL
P019282,CMM-2,3.75,PASS
P022381,CMM-1,-4.3,PASS
P014770,CMM-1,-14.57,PASS
P015966,CMM-2,-0.49,PASS
P022297,CMM-2,17.17,PASS
P012040,CMM-1,14.11,PASS
P022141,CMM-1,-8.3,PASS
P022405,CMM-2,-15.25,PASS
P014317,CMM-1,0.98,PASS
P014220,CMM-1,23.12,PASS
P020728,CMM-2,4.51,PASS
P019797,CMM-1,7.86,PASS
P019939,CMM-1,20.41,PASS
P017326,CMM-2,-18.1,PASS
P023323,CMM-1,-7.48,PASS
P014412,CMM-2,20.04,PASS
P015544,CMM-1,13.71,PASS
P013953,CMM-1,1.19,PASS
P014272,CMM-1,6.97,PASS
P018035,CMM-1,18.97,PASS
P023066,CMM-1,14.86,PASS
P017685,CMM-1,6.15,PASS
P016984,CMM-1,-15.71,PASS
P021780,CMM-1,27.34,PASS
P023320,CMM-1,24.35,PASS
P022567,CMM-2,5.94,PASS
P015493,CMM-2,16.26,PASS
P012351,CMM-1,-11.28,PASS
P017413,CMM-1,19.06,PASS
P018275,CMM-1,-6.75,PASS
P013182,CMM-1,-11.22,PASS
P019549,CMM-2,12.39,PASS
P019017,CMM-2,22.42,PASS
P022901,CMM-1,-1.64,PASS
P019146,CMM-1,-5.31,PASS
P015632,CMM-2,-4.38,PASS
P014477,CMM-1,13.91,PASS
P022174,CMM-1,-1.5,PASS
P023118,CMM-1,-15.73,PASS
P021765,CMM-1,15.8,PASS
P017323,CMM-1,13.59,PASS
P022813,CMM-1,3.45,PASS
P017108,CMM-1,-3.3,PASS
P014833,CMM-1,20.33,PASS
P015543,CMM-2,-22.61,PASS
P019379,CMM-2,-33.06,FAIL
P012121,CMM-1,9.07,PASS
P013940,CMM-1,12.98,PASS
P016924,CMM-1,9.65,PASS
P023891,CMM-1,-11.48,PASS
P018969,CMM-2,6.13,PASS
P023547,CMM-1,-14.4,PASS
P018283,CMM-2,-6.25,PASS
P017364,CMM-1,8.24,PASS
P015329,CMM-1,-3.5,PASS
P013717,CMM-1,-13.65,PASS
P023176,CMM-1,19.38,PASS
P014767,CMM-1,25.62,PASS
P017467,CMM-1,-2.31,PASS
P014221,CMM-2,-8.14,PASS
P019302,CMM-1,-0.43,PASS
P018173,CMM-1,32.71,PASS
P015005,CMM-1,25.15,PASS
P021476,CMM-1,-3.29,PASS
P019550,CMM-1,2.52,PASS
P014042,CMM-1,9.84,PASS
P018355,CMM-1,7.84,PASS
P015715,CMM-1,1.44,PASS
P017263,CMM-1,33.7,PASS
P020492,CMM-1,19.09,PASS
P023560,CMM-2,1.41,PASS
P021555,CMM-1,24.65,PASS
P014012,CMM-1,7.25,PASS
P014406,CMM-1,18.76,PASS
P013058,CMM-1,36.63,PASS
P021039,CMM-1,9.49,PASS
P014323,CMM-1,-7.6,PASS
P015454,CMM-1,28.33,PASS
P018878,CMM-1,5.13,PASS
P012182,CMM-1,21.93,PASS
P015822,CMM-2,-0.55,PASS
P020761,CMM-1,5.13,PASS
P013206,CMM-1,-9.5,PASS
P016096,CMM-2,3.21,PASS
P014082,CMM-1,-3.26,PASS
P015207,CMM-1,14.1,PASS
P018096,CMM-1,23.18,PASS
P021947,CMM-1,7.0,PASS
P023771,CMM-2,-3.32,PASS
P014395,CMM-2,1.05,PASS
P017720,CMM-1,26.06,PASS
P020052,CMM-1,-17.13,PASS
P021169,CMM-1,4.69,PASS
P014607,CMM-2,13.73,PASS
P016773,CMM-2,10.98,PASS
P023845,CMM-1,4.96,PASS
P016345,CMM-2,-2.3,PASS
P016987,CMM-1,11.3,PASS
P022579,CMM-1,13.42,PASS
P013800,CMM-1,-1.77,PASS
P017029,CMM-1,19.19,PASS
P020378,CMM-1,20.5,PASS
P017169,CMM-1,19.39,PASS
P018279,CMM-1,-11.26,PASS
P015477,CMM-1,44.16,FAIL
P021188,CMM-1,16.49,PASS
P018411,CMM-1,2.09,PASS
P018876,CMM-1,9.11,PASS
P014431,CMM-2,-4.32,PASS
P015956,CMM-1,6.5,PASS
P017181,CMM-1,12.7,PASS
P019466,CMM-1,11.79,PASS
P012912,CMM-1,16.05,PASS
P016838,CMM-1,-21.34,PASS
P017586,CMM-1,20.8,PASS
P017366,CMM-2,-28.49,PASS
P020576,CMM-2,-35.16,FAIL
P016548,CMM-1,-3.68,PASS
P020506,CMM-1,29.62,PASS
P020286,CMM-1,3.62,PASS
P017167,CMM-1,-18.17,PASS
P015260,CMM-1,14.35,PASS
P023738,CMM-1,25.06,PASS
P019283,CMM-1,2.2,PASS
P015153,CMM-1,18.0,PASS
P021788,CMM-1,4.81,PASS
P015051,CMM-1,22.37,PASS
P022102,CMM-2,-20.99,PASS
P022845,CMM-1,20.19,PASS
P012994,CMM-1,52.45,FAIL
P017674,CMM-2,-5.89,PASS
P014319,CMM-1,22.98,PASS
P012775,CMM-1,22.47,PASS
P017303,CMM-2,29.66,PASS
P016316,CMM-1,-15.02,PASS
P021325,CMM-1,7.69,PASS
P022195,CMM-1,-2.94,PASS
P013081,CMM-2,12.5,PASS
P018745,CMM-1,8.55,PASS
P014393,CMM-2,-9.57,PASS
P022767,CMM-1,12.74,PASS
P014635,CMM-1,1.98,PASS
P015438,CMM-1,18.43,PASS
P017769,CMM-1,-8.04,PASS
P019692,CMM-1,-2.53,PASS
P012420,CMM-1,1.93,PASS
P016795,CMM-1,3.89,PASS
P023420,CMM-1,-0.18,PASS
P023817,CMM-2,-5.35,PASS
P015701,CMM-1,18.46,PASS
P013215,CMM-1,18.2,PASS
P020582,CMM-1,-3.93,PASS
P019271,CMM-2,9.49,PASS
P018949,CMM-1,-12.98,PASS
P013179,CMM-1,11.0,PASS
P020827,CMM-2,12.51,PASS
P014522,CMM-1,6.65,PASS
P017723,CMM-1,26.86,PASS
P021617,CMM-1,19.22,PASS
P019604,CMM-1,34.81,PASS
P012286,CMM-1,16.4,PASS
P020390,CMM-1,5.16,PASS
P019655,CMM-1,-6.57,PASS
P016864,CMM-1,14.49,PASS
P013766,CMM-1,13.61,PASS
P021527,CMM-1,26.79,PASS
P022142,CMM-2,14.92,PASS
P021315,CMM-2,10.32,PASS
P023033,CMM-2,9.65,PASS
P020545,CMM-1,11.69,PASS
P017357,CMM-1,28.43,PASS
P015291,CMM-1,11.2,PASS
P022718,CMM-2,12.7,PASS
P022864,CMM-1,0.86,PASS
P012937,CMM-1,24.74,PASS
P019861,CMM-1,17.37,PASS
P021231,CMM-1,-2.03,PASS
P018646,CMM-1,24.47,PASS
P014313,CMM-1,26.74,PASS
P015794,CMM-1,26.78,PASS
P022755,CMM-1,6.04,PASS
P015871,CMM-1,0.94,PASS
P023658,CMM-1,44.08,FAIL
P022370,CMM-1,39.38,FAIL
P017525,CMM-2,-18.79,PASS
P016602,CMM-1,-6.43,PASS
P016057,CMM-1,16.88,PASS
P021488,CMM-2,-23.1,PASS
P022067,CMM-1,8.4,PASS
P020478,CMM-1,-16.79,PASS
P013270,CMM-2,3.94,PASS
P020199,CMM-1,14.25,PASS
P018632,CMM-1,-7.37,PASS
P023585,CMM-1,13.32,PASS
P018047,CMM-1,-6.23,PASS
P018208,CMM-1,2.2,PASS
P019126,CMM-1,-0.45,PASS
P013760,CMM-1,20.91,PASS
P016461,CMM-1,2.05,PASS
P023292,CMM-1,17.01,PASS
P014588,CMM-1,5.85,PASS
P016357,CMM-1,7.42,PASS
P016705,CMM-1,-10.61,PASS
P012566,CMM-1,20.55,PASS
P022583,CMM-1,-5.32,PASS
P017229,CMM-1,37.7,PASS
P018158,CMM-2,11.99,PASS
P018629,CMM-2,31.01,FAIL
P012328,CMM-1,-3.85,PASS
P012690,CMM-2,-0.59,PASS
P012557,CMM-1,10.88,PASS
P020332,CMM-1,2.14,PASS
P023195,CMM-1,-2.21,PASS
P012131,CMM-1,-8.72,PASS
P012977,CMM-1,-5.08,PASS
P019152,CMM-1,8.92,PASS
P017481,CMM-2,-2.44,PASS
P023858,CMM-1,38.44,FAIL
P017508,CMM-1,12.32,PASS
P017379,CMM-1,14.93,PASS
P013673,CMM-1,8.35,PASS
P020596,CMM-1,1.95,PASS
P016459,CMM-2,-1.44,PASS
P020947,CMM-1,31.16,PASS
P014806,CMM-1,6.56,PASS
P022641,CMM-1,41.6,FAIL
P019330,CMM-2,-16.55,PASS
P021905,CMM-1,14.69,PASS
P022298,CMM-1,7.75,PASS
P022276,CMM-1,8.95,PASS
P016420,CMM-2,-11.81,PASS
P015984,CMM-1,5.94,PASS
P023224,CMM-1,23.73,PASS
P012922,CMM-1,19.03,PASS
P020877,CMM-2,8.95,PASS
P020106,CMM-2,-14.86,PASS
P017488,CMM-1,-11.09,PASS
P023101,CMM-1,5.33,PASS
P012038,CMM-2,-17.43,PASS
P020383,CMM-1,11.82,PASS
P014263,CMM-2,-9.3,PASS
P012236,CMM-1,13.93,PASS
P017064,CMM-1,1.83,PASS
P019428,CMM-1,-5.26,PASS
P014111,CMM-1,22.25,PASS
P017501,CMM-1,29.49,PASS
P019566,CMM-1,-8.11,PASS
P018776,CMM-1,0.89,PASS
P022471,CMM-1,-0.59,PASS
P016364,CMM-1,4.3,PASS
P014977,CMM-1,4.72,PASS
P020611,CMM-1,12.59,PASS
P019380,CMM-2,4.79,PASS
P018004,CMM-1,6.87,PASS
P022089,CMM-1,10.66,PASS
P022518,CMM-1,7.62,PASS
P020511,CMM-1,-0.99,PASS
P018065,CMM-1,-4.65,PASS
P013889,CMM-1,26.61,PASS
P018338,CMM-1,9.36,PASS
P018823,CMM-1,1.9,PASS
P023706,CMM-1,4.41,PASS
P012797,CMM-2,-5.82,PASS
P018945,CMM-1,42.26,FAIL
P022452,CMM-1,1.21,PASS
P021065,CMM-1,28.55,PASS
P015661,CMM-1,16.58,PASS
P020577,CMM-1,7.67,PASS
P018890,CMM-1,26.15,PASS
P017623,CMM-1,-7.73,PASS
P013627,CMM-1,5.53,PASS
P016690,CMM-1,7.99,PASS
P022129,CMM-1,23.09,PASS
P023254,CMM-1,-13.72,PASS
P017468,CMM-1,3.95,PASS
P017984,CMM-1,23.93,PASS
P017675,CMM-1,10.69,PASS
P020739,CMM-2,2.99,PASS
P013613,CMM-2,8.7,PASS
P022807,CMM-1,-7.38,PASS
P021319,CMM-2,20.5,PASS
P012780,CMM-1,13.77,PASS
P016956,CMM-2,-23.04,PASS
P017373,CMM-1,4.46,PASS
P014131,CMM-1,-9.13,PASS
P013728,CMM-1,3.29,PASS
P015332,CMM-1,4.02,PASS
P020765,CMM-2,-0.94,PASS
P012689,CMM-1,31.66,PASS
P015735,CMM-1,17.38,PASS
P020857,CMM-1,30.29,PASS
P014044,CMM-1,4.44,PASS
P012409,CMM-1,0.6,PASS
P016421,CMM-1,-0.93,PASS
P018647,CMM-1,22.71,PASS
P015839,CMM-1,16.88,PASS
P013866,CMM-2,19.56,PASS
P016285,CMM-1,10.52,PASS
P018457,CMM-1,21.36,PASS
P023029,CMM-2,2.58,PASS
P023297,CMM-1,24.89,PASS
P019871,CMM-1,22.21,PASS
P023811,CMM-1,23.21,PASS
P017258,CMM-1,15.69,PASS
P019916,CMM-1,3.87,PASS
P015445,CMM-2,-8.72,PASS
P014949,CMM-1,-24.29,FAIL
P019196,CMM-1,0.99,PASS
P014315,CMM-1,4.84,PASS
P017999,CMM-1,-10.99,PASS
P022177,CMM-2,-14.2,PASS
P020433,CMM-2,-10.08,PASS
P019668,CMM-1,1.23,PASS
P012130,CMM-2,12.64,PASS
P022378,CMM-1,4.06,PASS
P015267,CMM-1,0.45,PASS
P014375,CMM-2,-9.72,PASS
P013481,CMM-2,-10.39,PASS
P016903,CMM-1,10.51,PASS
P012817,CMM-1,19.45,PASS
P013539,CMM-2,-4.77,PASS
P017705,CMM-1,17.55,PASS
P020189,CMM-2,-9.55,PASS
P013863,CMM-1,7.9,PASS
P012243,CMM-1,14.84,PASS
P012750,CMM-2,-4.43,PASS
P012110,CMM-1,17.57,PASS
P015307,CMM-2,29.2,PASS
P021550,CMM-2,-5.43,PASS
P016181,CMM-1,-0.22,PASS
P013655,CMM-1,10.94,PASS
P018873,CMM-1,-7.56,PASS
P022285,CMM-1,-10.04,PASS
P022695,CMM-1,-3.44,PASS
P021642,CMM-1,8.82,PASS
P019235,CMM-1,30.47,PASS
P019052,CMM-2,-0.14,PASS
P019766,CMM-1,3.0,PASS
P013650,CMM-2,-4.98,PASS
P023003,CMM-1,17.64,PASS
P020623,CMM-1,28.01,PASS
P022570,CMM-1,16.52,PASS
P016392,CMM-2,33.47,FAIL
P015244,CMM-2,28.75,PASS
P015800,CMM-1,38.96,FAIL
P018461,CMM-1,2.56,PASS
P018034,CMM-2,-5.09,PASS
P014027,CMM-2,-12.33,PASS
P015175,CMM-1,0.44,PASS
P020068,CMM-1,8.15,PASS
P022296,CMM-1,21.0,PASS
P019950,CMM-1,20.75,PASS
P013943,CMM-1,18.48,PASS
P015508,CMM-1,-4.02,PASS
P019571,CMM-1,15.87,PASS
P012086,CMM-1,-22.43,FAIL
P021934,CMM-2,2.97,PASS
P014291,CMM-1,10.79,PASS
P013960,CMM-2,8.39,PASS
P020353,CMM-1,-6.0,PASS
P023253,CMM-1,-13.16,PASS
P023232,CMM-1,-1.48,PASS
P019850,CMM-1,19.87,PASS
P014403,CMM-2,0.01,PASS
P021909,CMM-1,13.31,PASS
P020022,CMM-2,-24.38,PASS
P020563,CMM-1,25.08,PASS
P019053,CMM-2,-2.66,PASS
P013647,CMM-1,20.78,PASS
P019039,CMM-2,-8.21,PASS
P021412,CMM-2,2.21,PASS
P018892,CMM-2,19.51,PASS
P013195,CMM-1,-9.14,PASS
P013933,CMM-1,33.53,PASS
P012882,CMM-1,7.16,PASS
P016070,CMM-1,31.46,PASS
P013258,CMM-1,5.73,PASS
P015819,CMM-2,11.84,PASS
P023265,CMM-1,8.04,PASS
P021942,CMM-2,-5.91,PASS
P020979,CMM-2,21.98,PASS
P018990,CMM-2,-1.07,PASS
P016632,CMM-2,-10.3,PASS
P019348,CMM-2,-5.94,PASS
P020480,CMM-1,-15.65,PASS
P015850,CMM-1,27.32,PASS
P015972,CMM-2,14.89,PASS
P022739,CMM-2,-14.31,PASS
P018988,CMM-1,0.23,PASS
P016820,CMM-2,16.28,PASS
P022760,CMM-1,-14.97,PASS
P014501,CMM-1,6.94,PASS
P023790,CMM-1,4.6,PASS
P018460,CMM-2,17.59,PASS
P017526,CMM-1,-5.32,PASS
P022874,CMM-1,2.19,PASS
P023063,CMM-2,-13.98,PASS
P016019,CMM-1,-11.05,PASS
P012013,CMM-1,12.91,PASS
P012855,CMM-1,-1.16,PASS
P018156,CMM-2,-3.58,PASS
P013192,CMM-1,-12.3,PASS
P020933,CMM-1,-11.81,PASS
P013950,CMM-1,-1.56,PASS
P020370,CMM-1,5.4,PASS
P021119,CMM-1,5.61,PASS
P021311,CMM-1,30.16,PASS
P015975,CMM-1,14.67,PASS
P016158,CMM-1,0.7,PASS
P014893,CMM-1,0.56,PASS
P013582,CMM-1,-4.88,PASS
P019184,CMM-2,3.0,PASS
P014609,CMM-1,25.61,PASS
P016936,CMM-2,-0.45,PASS
P017440,CMM-1,21.09,PASS
P017378,CMM-1,7.5,PASS
P021711,CMM-1,16.23,PASS
P019059,CMM-2,-8.25,PASS
P021932,CMM-1,4.89,PASS
P013455,CMM-1,9.93,PASS
P017656,CMM-1,12.36,PASS
P014939,CMM-1,44.49,FAIL
P013277,CMM-1,17.53,PASS
P012934,CMM-1,3.03,PASS
P013158,CMM-1,38.77,FAIL
P021088,CMM-1,20.15,PASS
P019804,CMM-1,-1.66,PASS
P022775,CMM-2,-10.42,PASS
P015018,CMM-2,-8.96,PASS
P023062,CMM-1,4.82,PASS
P020587,CMM-2,24.99,PASS
P014885,CMM-1,6.57,PASS
P020783,CMM-2,-19.4,PASS
P018607,CMM-1,9.01,PASS
P023132,CMM-1,15.68,PASS
P012545,CMM-1,-19.22,PASS
P015474,CMM-2,-2.46,PASS
P014281,CMM-2,4.98,PASS
P012763,CMM-2,6.53,PASS
P013552,CMM-1,40.29,FAIL
P015074,CMM-1,28.33,PASS
P013365,CMM-1,-0.68,PASS
P023615,CMM-1,32.4,PASS
P013605,CMM-1,5.8,PASS
P015466,CMM-1,18.7,PASS
P016535,CMM-2,12.72,PASS
P020989,CMM-1,35.8,PASS
P014940,CMM-1,18.11,PASS
P012369,CMM-2,-14.3,PASS
P012231,CMM-1,19.08,PASS
P019560,CMM-1,1.22,PASS
P015238,CMM-1,1.61,PASS
P021244,CMM-2,-2.39,PASS
P017291,CMM-1,9.31,PASS
P019156,CMM-1,10.9,PASS
P022022,CMM-2,-5.36,PASS
P018077,CMM-1,5.67,PASS
P016101,CMM-1,25.48,PASS
P018510,CMM-1,2.49,PASS
P012021,CMM-1,2.13,PASS
P014697,CMM-1,-1.42,PASS
P018340,CMM-2,10.23,PASS
P012031,CMM-1,14.0,PASS
P022882,CMM-1,-5.07,PASS
P019526,CMM-1,16.69,PASS
P020686,CMM-2,10.75,PASS
P022523,CMM-2,6.95,PASS
P020994,CMM-1,12.83,PASS
P019028,CMM-1,-24.45,FAIL
P023145,CMM-2,-1.33,PASS
P023258,CMM-1,7.23,PASS
P013176,CMM-1,-27.39,FAIL
P019224,CMM-1,-4.62,PASS
P021167,CMM-2,8.58,PASS
P019159,CMM-1,8.3,PASS
P014366,CMM-1,19.41,PASS
P014601,CMM-1,10.29,PASS
P014448,CMM-1,3.52,PASS
P016979,CMM-1,5.22,PASS
P012192,CMM-2,-8.07,PASS
P017813,CMM-1,2.47,PASS
P017232,CMM-1,8.72,PASS
P014540,CMM-1,30.13,PASS
P014512,CMM-1,-29.85,FAIL
P013282,CMM-1,28.34,PASS
P014631,CMM-1,2.98,PASS
P019703,CMM-1,16.01,PASS
P012519,CMM-1,2.37,PASS
P016501,CMM-1,-10.55,PASS
P012968,CMM-1,15.97,PASS
P021016,CMM-1,-4.62,PASS
P015178,CMM-1,19.18,PASS
P018415,CMM-2,-10.65,PASS
P019570,CMM-1,33.63,PASS
P018059,CMM-2,14.88,PASS
P017994,CMM-2,25.96,PASS
P020329,CMM-2,-39.83,FAIL
P015046,CMM-1,31.16,PASS
P014916,CMM-1,8.79,PASS
P016575,CMM-1,3.94,PASS
P018258,CMM-1,18.1,PASS
P023957,CMM-1,11.11,PASS
P019035,CMM-1,23.36,PASS
P013457,CMM-1,-6.95,PASS
P015640,CMM-2,4.94,PASS
P013372,CMM-2,28.76,PASS
P018194,CMM-1,11.82,PASS
P015030,CMM-1,24.64,PASS
P015652,CMM-1,9.37,PASS
P023388,CMM-2,-3.4,PASS
P014166,CMM-1,19.41,PASS
P023443,CMM-2,12.76,PASS
P013077,CMM-1,-5.39,PASS
P017781,CMM-2,-9.14,PASS
P014152,CMM-2,4.91,PASS
P013749,CMM-1,4.24,PASS
P022203,CMM-1,-11.84,PASS
P012484,CMM-1,3.47,PASS
P022834,CMM-1,-1.91,PASS
P012657,CMM-1,31.27,PASS
P017803,CMM-1,-9.91,PASS
P023411,CMM-2,6.73,PASS
P013946,CMM-2,5.83,PASS
P015705,CMM-1,2.65,PASS
P017599,CMM-1,17.22,PASS
P017954,CMM-1,23.89,PASS
P021339,CMM-1,22.26,PASS
P015824,CMM-2,-21.51,PASS
P015303,CMM-2,-10.18,PASS
P018923,CMM-1,25.63,PASS
P012033,CMM-2,3.35,PASS
P020656,CMM-1,8.9,PASS
P014800,CMM-1,8.67,PASS
P015352,CMM-2,7.02,PASS
P023770,CMM-1,12.92,PASS
P019878,CMM-1,18.92,PASS
P015551,CMM-2,13.78,PASS
P016972,CMM-1,15.34,PASS
P012716,CMM-2,14.68,PASS
P020770,CMM-1,15.17,PASS
P012435,CMM-2,0.48,PASS
P012148,CMM-1,15.06,PASS
P013477,CMM-2,-4.26,PASS
P017482,CMM-1,14.25,PASS
P017603,CMM-1,-8.3,PASS
P021438,CMM-1,1.18,PASS
P018351,CMM-1,28.32,PASS
P016573,CMM-2,-3.42,PASS
P021860,CMM-1,3.47,PASS
P017168,CMM-1,15.42,PASS
P019100,CMM-1,26.25,PASS
P020497,CMM-1,5.88,PASS
P015936,CMM-2,-21.85,PASS
P023799,CMM-1,13.98,PASS
P018959,CMM-1,-4.32,PASS
P020507,CMM-1,-9.85,PASS
P012066,CMM-1,4.59,PASS
P019367,CMM-1,19.57,PASS
P013934,CMM-2,-13.24,PASS
P018617,CMM-1,13.27,PASS
P012120,CMM-1,-19.66,PASS
P018636,CMM-1,9.77,PASS
P021551,CMM-1,17.21,PASS
P017439,CMM-1,6.15,PASS
P020084,CMM-1,-13.14,PASS
P017918,CMM-1,3.99,PASS
P023973,CMM-1,14.72,PASS
P021037,CMM-2,-19.77,PASS
P013353,CMM-2,-10.93,PASS
P018530,CMM-1,32.85,PASS
P016443,CMM-2,-10.27,PASS
P014995,CMM-2,2.35,PASS
P020909,CMM-1,25.0,PASS
P013370,CMM-1,15.54,PASS
P014536,CMM-1,-4.3,PASS
P017100,CMM-1,37.57,PASS
P014737,CMM-1,-13.64,PASS
P020406,CMM-1,9.65,PASS
P014473,CMM-2,-10.83,PASS
P018183,CMM-1,14.39,PASS
P013554,CMM-1,32.95,PASS
P018668,CMM-2,-2.87,PASS
P018598,CMM-1,31.99,PASS
P020604,CMM-1,12.92,PASS
P018989,CMM-2,-25.43,PASS
P014450,CMM-1,11.96,PASS
P014898,CMM-1,19.6,PASS
P016246,CMM-1,0.45,PASS
P018974,CMM-1,-0.44,PASS
P021275,CMM-2,-6.46,PASS
P018524,CMM-2,-11.8,PASS
